# The built-in catalog of mariadb, taken from the servers by scripts/catalog.py. Do not edit.
# Versions sampled: 11.0, 11.4, 11.8.
F	abs	f	x:		*
F	acos	f	x:		*
F	add_months	f	date:,months:		*
F	adddate	f	expr:,days:		*
F	addtime	f	expr1:,expr2:		*
F	aes_decrypt	f	arg1:,arg2:,arg3:,arg4:?		11.4-
F	aes_decrypt	f	crypt_str:,key_str:		*
F	aes_encrypt	f	str:,key:,iv:,mode:?		11.4-
F	aes_encrypt	f	str:,key_str:		*
F	area	f	expr:		*
F	asbinary	f	expr:		*
F	ascii	f	str:		*
F	asin	f	x:		*
F	astext	f	expr:		*
F	aswkb	f	expr:		*
F	aswkt	f	expr:		*
F	atan	f	arg1:,arg2:		*
F	atan	f	x:		*
F	atan2	f	y:,x:?		*
F	avg	a	expr:		*
F	benchmark	f	count:,expr:		*
F	bin	f	n:		*
F	binary	f	arg1:,...arg2:		*
F	binlog_gtid_pos	f	binlog_filename:,binlog_offset:		*
F	bit_and	a	expr:		*
F	bit_count	f	n:		*
F	bit_length	f	str:		*
F	bit_or	a	expr:		*
F	bit_xor	a	expr:		*
F	boundary	f	expr:		*
F	buffer	f	arg1:,arg2:		*
F	ceil	f	x:		*
F	ceiling	f	x:		*
F	centroid	f	expr:		*
F	char	f	arg1:,...arg2:		*
F	char_length	f	str:		*
F	character_length	f	expr:		*
F	charset	f	str:		*
F	chr	f	n:		*
F	coalesce	f	null:,...null:		*
F	coercibility	f	str:		*
F	collation	f	str:		*
F	column_add	f	arg1:,arg2:,arg3:		*
F	column_add	f	arg1:,arg2:,arg3:,arg4:,arg5:		*
F	column_check	f	dyncol_blob:		*
F	column_create	f	arg1:,arg2:,...arg3:		*
F	column_delete	f	dyncol_blob:,column_nr:,...column_nr:		*
F	column_exists	f	dyncol_blob:,column_nr:		*
F	column_json	f	dyncol_blob:		*
F	column_list	f	dyncol_blob:		*
F	compress	f	string_to_compress:		*
F	concat	f	str1:,...str2:		*
F	concat_operator_oracle	f	arg1:,...arg2:		*
F	concat_ws	f	separator:,str1:,...str2:		*
F	connection_id	f			*
F	contains	f	g1:,g2:		*
F	conv	f	n:,from_base:,to_base:		*
F	convert	f	arg1:,arg2:,...arg3:		*
F	convert_tz	f	dt:,from_tz:,to_tz:		*
F	convexhull	f	expr:		*
F	cos	f	x:		*
F	cot	f	x:		*
F	count	a	expr:		*
F	crc32	f	expr:		*
F	crc32	f	par:,expr:		*
F	crc32c	f	par:,expr:?		*
F	crosses	f	g1:,g2:		*
F	cume_dist	w			*
F	curdate	f			*
F	current_date	f			*
F	current_role	f			*
F	current_time	f			*
F	current_timestamp	f			*
F	current_user	f			*
F	curtime	f			*
F	database	f			*
F	date	f	expr:		*
F	date_format	f	date:,format:,locale:?		*
F	datediff	f	expr1:,expr2:		*
F	day	f	date:		*
F	dayname	f	date:		*
F	dayofmonth	f	date:		*
F	dayofweek	f	date:		*
F	dayofyear	f	date:		*
F	decode	f	crypt_str:,pass_str:		*
F	decode_histogram	f	hist_type:,histogram:		*
F	decode_oracle	f	arg1:,arg2:,arg3:,...arg4:		*
F	degrees	f	x:		*
F	dense_rank	w			*
F	des_decrypt	f	crypt_str:,key_str:?		*
F	des_encrypt	f	arg1:,arg2:?		*
F	dimension	f	expr:		*
F	disjoint	f	g1:,g2:		*
F	elt	f	n:,str1:,...str2:		*
F	encode	f	str:,pass_str:		*
F	encrypt	f	str:,salt:?		*
F	endpoint	f	expr:		*
F	envelope	f	expr:		*
F	equals	f	g1:,g2:		*
F	exp	f	x:		*
F	export_set	f	bits:,on:,off:,separator:?,number_of_bits:?		*
F	exteriorring	f	expr:		*
F	extractvalue	f	xml_frag:,xpath_expr:		*
F	field	f	pattern:,str1:,...str2:		*
F	find_in_set	f	pattern:,strlist:		*
F	first_value	w	expr:		*
F	floor	f	x:		*
F	format	f	num:,decimal_position:,locale:?		*
F	format_bytes	f	expr:		11.8-
F	format_pico_time	f	time_val:		*
F	found_rows	f			*
F	from_base64	f	str:		*
F	from_days	f	n:		*
F	from_unixtime	f	unix_timestamp:,format:?		*
F	geomcollfromtext	f	arg1:,arg2:?		*
F	geomcollfromwkb	f	arg1:,arg2:?		*
F	geometrycollectionfromtext	f	arg1:,arg2:?		*
F	geometrycollectionfromwkb	f	arg1:,arg2:?		*
F	geometryfromtext	f	arg1:,arg2:?		*
F	geometryfromwkb	f	arg1:,arg2:?		*
F	geometryn	f	arg1:,arg2:		*
F	geometrytype	f	expr:		*
F	geomfromtext	f	arg1:,arg2:?		*
F	geomfromwkb	f	arg1:,arg2:?		*
F	get_lock	f	str:,timeout:		*
F	glength	f	ls:		*
F	greatest	f	arg1:,arg2:,...arg3:		*
F	group_concat	a	arg1:,...arg2:		*
F	hex	f	n_or_s:		*
F	hour	f	time:		*
F	if	f	arg1:,arg2:,arg3:		*
F	ifnull	f	expr1:,expr2:		*
F	inet6_aton	f	expr:		*
F	inet6_ntoa	f	expr:		*
F	inet_aton	f	expr:		*
F	inet_ntoa	f	expr:		*
F	insert	f	arg1:,arg2:,arg3:,arg4:		*
F	instr	f	str:,substr:		*
F	interiorringn	f	arg1:,arg2:		*
F	intersects	f	g1:,g2:		*
F	interval	f	n:,n1:,...n2:		*
F	is_free_lock	f	str:		*
F	is_ipv4	f	expr:		*
F	is_ipv4_compat	f	expr:		*
F	is_ipv4_mapped	f	expr:		*
F	is_ipv6	f	expr:		*
F	is_used_lock	f	str:		*
F	isclosed	f	expr:		*
F	isempty	f	expr:		*
F	isnull	f	expr:		*
F	isring	f	expr:		*
F	issimple	f	expr:		*
F	json_array	f	...value:		*
F	json_array_append	f	json_doc:,path:,value:		*
F	json_array_append	f	json_doc:,path:,value:,path:,value:		*
F	json_array_insert	f	json_doc:,path:,value:		*
F	json_array_insert	f	json_doc:,path:,value:,path:,value:		*
F	json_array_intersect	f	arr1:,arr2:		11.4-
F	json_arrayagg	f	column_or_expression:		*
F	json_compact	f	json_doc:		*
F	json_contains	f	json_doc:,val:,path:?		*
F	json_contains_path	f	json_doc:,return_arg:,path:,...path:		*
F	json_depth	f	json_doc:		*
F	json_detailed	f	json_doc:,tab_size:?		*
F	json_equals	f	json1:,json2:		*
F	json_exists	f	arg1:,arg2:		*
F	json_extract	f	json_doc:,path:,...path:		*
F	json_insert	f	json_doc:,path:,val:		*
F	json_insert	f	json_doc:,path:,val:,path:,val:		*
F	json_key_value	f	arg1:,arg2:		11.4-
F	json_keys	f	json_doc:,path:?		*
F	json_length	f	json_doc:,path:?		*
F	json_loose	f	json_doc:		*
F	json_merge	f	json_doc:,json_doc:,...json_doc:		*
F	json_merge_patch	f	json_doc:,json_doc:,...json_doc:		*
F	json_merge_preserve	f	json_doc:,json_doc:,...json_doc:		*
F	json_normalize	f	json:		*
F	json_object	f	...key:		*
F	json_object_filter_keys	f	obj:,array_keys:		11.4-
F	json_object_to_array	f	obj:		11.4-
F	json_objectagg	f	key:,value:		*
F	json_overlaps	f	json_doc1:,json_doc2:		*
F	json_pretty	f	arg1:,arg2:?		*
F	json_query	f	json_doc:,path:		*
F	json_quote	f	json_value:		*
F	json_remove	f	json_doc:,path:,...path:		*
F	json_replace	f	json_doc:,path:,val:		*
F	json_replace	f	json_doc:,path:,val:,path:,val:		*
F	json_schema_valid	f	schema:,json:		11.4-
F	json_search	f	json_doc:,return_arg:,search_str:,...escape_char:		*
F	json_set	f	json_doc:,path:,val:		*
F	json_set	f	json_doc:,path:,val:,path:,val:		*
F	json_type	f	json_val:		*
F	json_unquote	f	val:		*
F	json_valid	f	value:		*
F	json_value	f	json_doc:,path:		*
F	kdf	f	arg1:,arg2:,arg3:?,arg4:?,arg5:?		11.4-
F	lag	w	arg1:,arg2:?		*
F	last_day	f	date:		*
F	last_insert_id	f	expr:?		*
F	last_value	f	expr:,...expr:		*
F	lcase	f	str:		*
F	lead	w	arg1:,arg2:?		*
F	least	f	arg1:,arg2:,...arg3:		*
F	left	f	str:,len:		*
F	length	f	str:		*
F	lengthb	f	str:		*
F	linefromtext	f	arg1:,arg2:?		*
F	linefromwkb	f	arg1:,arg2:?		*
F	linestringfromtext	f	arg1:,arg2:?		*
F	linestringfromwkb	f	arg1:,arg2:?		*
F	ln	f	x:		*
F	load_file	f	file_name:		*
F	localtime	f			*
F	localtimestamp	f			*
F	locate	f	substr:,str:,pos:?		*
F	log	f	b:,x:		*
F	log	f	x:		*
F	log10	f	x:		*
F	log2	f	x:		*
F	lower	f	str:		*
F	lpad	f	str:,len:,padstr:?		*
F	lpad_oracle	f	arg1:,arg2:,arg3:?		*
F	ltrim	f	str:		*
F	ltrim_oracle	f	expr:		*
F	make_set	f	bits:,str1:,...str2:		*
F	makedate	f	year:,dayofyear:		*
F	maketime	f	hour:,minute:,second:		*
F	master_gtid_wait	f	arg1:,arg2:?		*
F	master_pos_wait	f	arg1:,arg2:,arg3:?,arg4:?		*
F	max	a	expr:		*
F	mbrcontains	f	g1:,g2:		*
F	mbrdisjoint	f	g1:,g2:		*
F	mbrequal	f	g1:,g2:		*
F	mbrintersects	f	g1:,g2:		*
F	mbroverlaps	f	g1:,g2:		*
F	mbrtouches	f	g1:,g2:		*
F	mbrwithin	f	g1:,g2:		*
F	md5	f	str:		*
F	median	w	expr:		*
F	microsecond	f	expr:		*
F	mid	f	str:,pos:,len:?		*
F	min	a	expr:		*
F	minute	f	time:		*
F	mlinefromtext	f	wkt:,srid:?		*
F	mlinefromwkb	f	wkb:,srid:?		*
F	mod	f	n:,m:		*
F	month	f	date:		*
F	monthname	f	date:		*
F	mpointfromtext	f	wkt:,srid:?		*
F	mpointfromwkb	f	wkb:,srid:?		*
F	mpolyfromtext	f	wkt:,srid:?		*
F	mpolyfromwkb	f	wkb:,srid:?		*
F	multilinestringfromtext	f	arg1:,arg2:?		*
F	multilinestringfromwkb	f	arg1:,arg2:?		*
F	multipointfromtext	f	arg1:,arg2:?		*
F	multipointfromwkb	f	arg1:,arg2:?		*
F	multipolygonfromtext	f	arg1:,arg2:?		*
F	multipolygonfromwkb	f	arg1:,arg2:?		*
F	name_const	f	name:,value:		*
F	natural_sort_key	f	str:		*
F	now	f			*
F	nth_value	w	arg1:,arg2:		*
F	ntile	w	expr:		*
F	nullif	f	expr1:,expr2:		*
F	numgeometries	f	expr:		*
F	numinteriorrings	f	expr:		*
F	numpoints	f	expr:		*
F	nvl	f	arg1:,arg2:		*
F	nvl2	f	expr1:,expr2:,expr3:		*
F	oct	f	n:		*
F	octet_length	f	str:		*
F	old_password	f	str:		*
F	ord	f	str:		*
F	overlaps	f	g1:,g2:		*
F	password	f	str:		*
F	percent_rank	w			*
F	period_add	f	p:,n:		*
F	period_diff	f	p1:,p2:		*
F	pi	f			*
F	pointfromtext	f	arg1:,arg2:?		*
F	pointfromwkb	f	arg1:,arg2:?		*
F	pointn	f	arg1:,arg2:		*
F	pointonsurface	f	expr:		*
F	polyfromtext	f	arg1:,arg2:?		*
F	polyfromwkb	f	arg1:,arg2:?		*
F	polygonfromtext	f	arg1:,arg2:?		*
F	polygonfromwkb	f	arg1:,arg2:?		*
F	pow	f	x:,y:		*
F	power	f	x:,y:		*
F	quarter	f	date:		*
F	quote	f	str:		*
F	radians	f	x:		*
F	rand	f	n:?		*
F	random_bytes	f	length:		*
F	rank	w			*
F	regexp_instr	f	subject:,pattern:		*
F	regexp_replace	f	subject:,pattern:,replace:		*
F	regexp_substr	f	subject:,pattern:		*
F	release_all_locks	f			*
F	release_lock	f	str:		*
F	repeat	f	arg1:,arg2:		*
F	replace	f	arg1:,arg2:,arg3:		*
F	replace_oracle	f	arg1:,arg2:,arg3:		*
F	reverse	f	str:		*
F	right	f	str:,len:		*
F	round	f	x:,d:?		*
F	row	f	arg1:,arg2:,...arg3:		*
F	row_count	f			*
F	row_number	w			*
F	rownum	f			*
F	rpad	f	str:,len:,padstr:?		*
F	rpad_oracle	f	arg1:,arg2:,arg3:?		*
F	rtrim	f	str:		*
F	rtrim_oracle	f	expr:		*
F	schema	f			*
F	sec_to_time	f	seconds:		*
F	second	f	time:		*
F	session_user	f			*
F	sformat	f	arg1:,...arg2:		*
F	sha	f	expr:		*
F	sha1	f	str:		*
F	sha2	f	str:,hash_len:		*
F	sign	f	x:		*
F	sin	f	x:		*
F	sleep	f	duration:		*
F	soundex	f	str:		*
F	space	f	n:		*
F	sqrt	f	x:		*
F	srid	f	expr:		*
F	st_area	f	poly:		*
F	st_asbinary	f	g:		*
F	st_asgeojson	f	g:,max_decimals:?,options:?		*
F	st_astext	f	g:		*
F	st_aswkb	f	expr:		*
F	st_aswkt	f	expr:		*
F	st_boundary	f	g:		*
F	st_buffer	f	g1:,r:		*
F	st_centroid	f	mpoly:		*
F	st_contains	f	g1:,g2:		*
F	st_convexhull	f	g:		*
F	st_crosses	f	g1:,g2:		*
F	st_difference	f	g1:,g2:		*
F	st_dimension	f	g:		*
F	st_disjoint	f	g1:,g2:		*
F	st_distance	f	g1:,g2:		*
F	st_distance_sphere	f	g1:,g2:,...r:		*
F	st_endpoint	f	ls:		*
F	st_envelope	f	g:		*
F	st_equals	f	g1:,g2:		*
F	st_exteriorring	f	poly:		*
F	st_geomcollfromtext	f	wkt:,srid:?		*
F	st_geomcollfromwkb	f	wkb:,srid:?		*
F	st_geometrycollectionfromtext	f	arg1:,arg2:?		*
F	st_geometrycollectionfromwkb	f	arg1:,arg2:?		*
F	st_geometryfromtext	f	arg1:,arg2:?		*
F	st_geometryfromwkb	f	arg1:,arg2:?		*
F	st_geometryn	f	gc:,n:		*
F	st_geometrytype	f	g:		*
F	st_geomfromgeojson	f	arg1:,arg2:,arg3:		*
F	st_geomfromgeojson	f	g:,option:?		*
F	st_geomfromtext	f	wkt:,srid:?		*
F	st_geomfromwkb	f	wkb:,srid:?		*
F	st_interiorringn	f	poly:,n:		*
F	st_intersection	f	g1:,g2:		*
F	st_intersects	f	g1:,g2:		*
F	st_isclosed	f	g:		*
F	st_isempty	f	g:		*
F	st_isring	f	g:		*
F	st_issimple	f	g:		*
F	st_length	f	ls:		*
F	st_linefromtext	f	wkt:,srid:?		*
F	st_linefromwkb	f	wkb:,srid:?		*
F	st_linestringfromtext	f	arg1:,arg2:?		*
F	st_linestringfromwkb	f	arg1:,arg2:?		*
F	st_numgeometries	f	gc:		*
F	st_numinteriorrings	f	poly:		*
F	st_numpoints	f	ls:		*
F	st_overlaps	f	g1:,g2:		*
F	st_pointfromtext	f	wkt:,srid:?		*
F	st_pointfromwkb	f	wkb:,srid:?		*
F	st_pointn	f	ls:,n:		*
F	st_pointonsurface	f	g:		*
F	st_polyfromtext	f	wkt:,srid:?		*
F	st_polyfromwkb	f	wkb:,srid:?		*
F	st_polygonfromtext	f	arg1:,arg2:?		*
F	st_polygonfromwkb	f	arg1:,arg2:?		*
F	st_relate	f	g1:,g2:,i:		*
F	st_srid	f	g:		*
F	st_startpoint	f	ls:		*
F	st_symdifference	f	g1:,g2:		*
F	st_touches	f	g1:,g2:		*
F	st_union	f	g1:,g2:		*
F	st_within	f	g1:,g2:		*
F	st_x	f	p:		*
F	st_y	f	p:		*
F	startpoint	f	expr:		*
F	std	a	expr:		*
F	stddev	a	expr:		*
F	stddev_pop	a	expr:		*
F	stddev_samp	a	expr:		*
F	str_to_date	f	str:,format:		*
F	strcmp	f	expr1:,expr2:		*
F	subdate	f	expr:,days:		*
F	substr	f	arg1:,arg2:,arg3:?		*
F	substr_oracle	f	arg1:,arg2:,arg3:?		*
F	substring	f	str:,pos:,len:?		*
F	substring_index	f	str:,delim:,count:		*
F	subtime	f	expr1:,expr2:		*
F	sum	a	expr:		*
F	sys_guid	f			*
F	sysdate	f			*
F	system_user	f			*
F	tan	f	x:		*
F	time	f	expr:		*
F	time_format	f	time:,format:		*
F	time_to_sec	f	time:		*
F	timediff	f	expr1:,expr2:		*
F	timestamp	f	arg1:,arg2:?		*
F	to_base64	f	str:		*
F	to_char	f	expr:,fmt:?		*
F	to_days	f	date:		*
F	to_seconds	f	expr:		*
F	touches	f	g1:,g2:		*
F	trim	f	expr:		*
F	trim_oracle	f	expr:		*
F	truncate	f	x:,d:		*
F	ucase	f	str:		*
F	uncompress	f	string_to_uncompress:		*
F	uncompressed_length	f	compressed_string:		*
F	unhex	f	str:		*
F	unix_timestamp	f	date:?		*
F	updatexml	f	xml_target:,xpath_expr:,new_xml:		*
F	upper	f	str:		*
F	user	f			*
F	utc_date	f			*
F	utc_time	f			*
F	utc_timestamp	f			*
F	uuid	f			*
F	uuid_short	f			*
F	uuid_v4	f			11.8-
F	uuid_v7	f			11.8-
F	var_pop	a	expr:		*
F	var_samp	a	expr:		*
F	variance	a	expr:		*
F	vec_distance	f	arg1:,arg2:		11.8-
F	vec_distance_cosine	f	arg1:,arg2:		11.8-
F	vec_distance_euclidean	f	arg1:,arg2:		11.8-
F	vec_fromtext	f	expr:		11.8-
F	vec_totext	f	expr:		11.8-
F	version	f			*
F	week	f	date:,mode:?		*
F	weekday	f	date:		*
F	weekofyear	f	date:		*
F	weight_string	f	expr:		*
F	within	f	g1:,g2:		*
F	wsrep_last_seen_gtid	f			*
F	wsrep_last_written_gtid	f			*
F	wsrep_sync_wait_upto_gtid	f	gtid:,timeout:?		*
F	x	f	expr:		*
F	y	f	expr:		*
F	year	f	date:		*
F	yearweek	f	date:,mode:?		*
T	bigint	numeric	*
T	binary	binary	*
T	bit	numeric	*
T	blob	binary	*
T	bool	boolean	*
T	boolean	boolean	*
T	char	string	*
T	date	datetime	*
T	datetime	datetime	*
T	dec	numeric	*
T	decimal	numeric	*
T	double	numeric	*
T	double precision	numeric	*
T	enum	string	*
T	fixed	numeric	*
T	float	numeric	*
T	geometry	spatial	*
T	geometrycollection	spatial	*
T	inet4	network	*
T	inet6	network	*
T	int	numeric	*
T	integer	numeric	*
T	json	json	*
T	linestring	spatial	*
T	long	string	*
T	long varbinary	binary	*
T	long varchar	string	*
T	longblob	binary	*
T	longtext	string	*
T	mediumblob	binary	*
T	mediumint	numeric	*
T	mediumtext	string	*
T	multilinestring	spatial	*
T	multipoint	spatial	*
T	multipolygon	spatial	*
T	national char	string	*
T	national varchar	string	*
T	nchar	string	*
T	numeric	numeric	*
T	nvarchar	string	*
T	point	spatial	*
T	polygon	spatial	*
T	real	numeric	*
T	serial	numeric	*
T	set	string	*
T	smallint	numeric	*
T	text	string	*
T	time	datetime	*
T	timestamp	datetime	*
T	tinyblob	binary	*
T	tinyint	numeric	*
T	tinytext	string	*
T	uuid	string	*
T	varbinary	binary	*
T	varchar	string	*
T	vector	vector	11.8-
T	year	datetime	*
R	information_schema	all_plugins	view	*
R	information_schema	applicable_roles	view	*
R	information_schema	character_sets	view	*
R	information_schema	check_constraints	view	*
R	information_schema	collations	view	*
R	information_schema	collation_character_set_applicability	view	*
R	information_schema	columns	view	*
R	information_schema	column_privileges	view	*
R	information_schema	enabled_roles	view	*
R	information_schema	engines	view	*
R	information_schema	events	view	*
R	information_schema	files	view	*
R	information_schema	global_status	view	*
R	information_schema	global_variables	view	*
R	information_schema	keywords	view	*
R	information_schema	key_caches	view	*
R	information_schema	key_column_usage	view	*
R	information_schema	optimizer_costs	view	*
R	information_schema	optimizer_trace	view	*
R	information_schema	parameters	view	*
R	information_schema	partitions	view	*
R	information_schema	plugins	view	*
R	information_schema	processlist	view	*
R	information_schema	profiling	view	*
R	information_schema	referential_constraints	view	*
R	information_schema	routines	view	*
R	information_schema	schemata	view	*
R	information_schema	schema_privileges	view	*
R	information_schema	session_status	view	*
R	information_schema	session_variables	view	*
R	information_schema	statistics	view	*
R	information_schema	sql_functions	view	*
R	information_schema	system_variables	view	*
R	information_schema	tables	view	*
R	information_schema	tablespaces	view	*
R	information_schema	table_constraints	view	*
R	information_schema	table_privileges	view	*
R	information_schema	triggers	view	*
R	information_schema	user_privileges	view	*
R	information_schema	views	view	*
R	information_schema	client_statistics	view	*
R	information_schema	index_statistics	view	*
R	information_schema	innodb_ft_config	view	*
R	information_schema	geometry_columns	view	*
R	information_schema	innodb_sys_tablestats	view	*
R	information_schema	spatial_ref_sys	view	*
R	information_schema	user_statistics	view	*
R	information_schema	innodb_trx	view	*
R	information_schema	innodb_cmp_per_index	view	*
R	information_schema	innodb_metrics	view	*
R	information_schema	innodb_ft_deleted	view	*
R	information_schema	innodb_cmp	view	*
R	information_schema	thread_pool_waits	view	*
R	information_schema	innodb_cmp_reset	view	*
R	information_schema	thread_pool_queues	view	*
R	information_schema	table_statistics	view	*
R	information_schema	innodb_sys_fields	view	*
R	information_schema	innodb_buffer_page_lru	view	*
R	information_schema	innodb_locks	view	*
R	information_schema	innodb_ft_index_table	view	*
R	information_schema	innodb_cmpmem	view	*
R	information_schema	thread_pool_groups	view	*
R	information_schema	innodb_cmp_per_index_reset	view	*
R	information_schema	innodb_sys_foreign_cols	view	*
R	information_schema	innodb_ft_index_cache	view	*
R	information_schema	innodb_buffer_pool_stats	view	*
R	information_schema	innodb_ft_being_deleted	view	*
R	information_schema	innodb_sys_foreign	view	*
R	information_schema	innodb_cmpmem_reset	view	*
R	information_schema	innodb_ft_default_stopword	view	*
R	information_schema	innodb_sys_tables	view	*
R	information_schema	innodb_sys_columns	view	*
R	information_schema	innodb_sys_tablespaces	view	*
R	information_schema	innodb_sys_indexes	view	*
R	information_schema	innodb_buffer_page	view	*
R	information_schema	innodb_sys_virtual	view	*
R	information_schema	user_variables	view	*
R	information_schema	innodb_tablespaces_encryption	view	*
R	information_schema	innodb_lock_waits	view	*
R	information_schema	thread_pool_stats	view	*
R	sys	schema_object_overview	view	*
R	sys	x$memory_global_total	view	*
R	sys	x$schema_table_lock_waits	view	*
R	sys	x$io_global_by_wait_by_latency	view	*
R	sys	x$io_global_by_wait_by_bytes	view	*
R	sys	x$host_summary_by_statement_type	view	*
R	sys	x$user_summary_by_statement_latency	view	*
R	sys	latest_file_io	view	*
R	sys	host_summary_by_file_io_type	view	*
R	sys	x$schema_table_statistics_with_buffer	view	*
R	sys	waits_by_host_by_latency	view	*
R	sys	schema_auto_increment_columns	view	*
R	sys	sys_config	table	*
R	sys	x$waits_global_by_latency	view	*
R	sys	statements_with_runtimes_in_95th_percentile	view	*
R	sys	x$host_summary_by_stages	view	*
R	sys	x$statements_with_runtimes_in_95th_percentile	view	*
R	sys	io_global_by_file_by_bytes	view	*
R	sys	io_by_thread_by_latency	view	*
R	sys	x$memory_by_thread_by_current_bytes	view	*
R	sys	statements_with_full_table_scans	view	*
R	sys	x$io_global_by_file_by_latency	view	*
R	sys	session	view	*
R	sys	x$memory_by_host_by_current_bytes	view	*
R	sys	x$schema_index_statistics	view	*
R	sys	host_summary_by_statement_type	view	*
R	sys	schema_table_statistics	view	*
R	sys	x$host_summary_by_file_io	view	*
R	sys	x$statements_with_sorting	view	*
R	sys	user_summary_by_file_io	view	*
R	sys	statements_with_temp_tables	view	*
R	sys	session_ssl_status	view	*
R	sys	innodb_lock_waits	view	*
R	sys	ps_check_lost_instrumentation	view	*
R	sys	memory_global_by_current_bytes	view	*
R	sys	innodb_buffer_stats_by_table	view	*
R	sys	innodb_buffer_stats_by_schema	view	*
R	sys	x$statements_with_errors_or_warnings	view	*
R	sys	schema_table_statistics_with_buffer	view	*
R	sys	x$ps_digest_avg_latency_distribution	view	*
R	sys	x$user_summary_by_stages	view	*
R	sys	memory_global_total	view	*
R	sys	wait_classes_global_by_avg_latency	view	*
R	sys	x$statement_analysis	view	*
R	sys	waits_global_by_latency	view	*
R	sys	metrics	view	*
R	sys	x$session	view	*
R	sys	x$statements_with_temp_tables	view	*
R	sys	memory_by_host_by_current_bytes	view	*
R	sys	x$host_summary_by_file_io_type	view	*
R	sys	x$statements_with_full_table_scans	view	*
R	sys	x$wait_classes_global_by_avg_latency	view	*
R	sys	x$schema_tables_with_full_table_scans	view	*
R	sys	x$host_summary	view	*
R	sys	schema_index_statistics	view	*
R	sys	host_summary_by_stages	view	*
R	sys	io_global_by_file_by_latency	view	*
R	sys	schema_tables_with_full_table_scans	view	*
R	sys	version	view	*
R	sys	host_summary	view	*
R	sys	schema_redundant_indexes	view	*
R	sys	x$memory_global_by_current_bytes	view	*
R	sys	x$memory_by_user_by_current_bytes	view	*
R	sys	user_summary_by_statement_type	view	*
R	sys	x$user_summary_by_file_io	view	*
R	sys	x$io_by_thread_by_latency	view	*
R	sys	host_summary_by_file_io	view	*
R	sys	schema_table_lock_waits	view	*
R	sys	x$innodb_buffer_stats_by_schema	view	*
R	sys	x$processlist	view	*
R	sys	statements_with_errors_or_warnings	view	*
R	sys	wait_classes_global_by_latency	view	*
R	sys	user_summary	view	*
R	sys	user_summary_by_file_io_type	view	*
R	sys	x$latest_file_io	view	*
R	sys	schema_unused_indexes	view	*
R	sys	x$innodb_lock_waits	view	*
R	sys	user_summary_by_stages	view	*
R	sys	x$waits_by_user_by_latency	view	*
R	sys	x$io_global_by_file_by_bytes	view	*
R	sys	user_summary_by_statement_latency	view	*
R	sys	x$waits_by_host_by_latency	view	*
R	sys	x$host_summary_by_statement_latency	view	*
R	sys	memory_by_thread_by_current_bytes	view	*
R	sys	io_global_by_wait_by_latency	view	*
R	sys	statement_analysis	view	*
R	sys	x$user_summary	view	*
R	sys	io_global_by_wait_by_bytes	view	*
R	sys	x$ps_digest_95th_percentile_by_avg_us	view	*
R	sys	memory_by_user_by_current_bytes	view	*
R	sys	x$user_summary_by_statement_type	view	*
R	sys	x$ps_schema_table_statistics_io	view	*
R	sys	x$wait_classes_global_by_latency	view	*
R	sys	statements_with_sorting	view	*
R	sys	processlist	view	*
R	sys	x$innodb_buffer_stats_by_table	view	*
R	sys	waits_by_user_by_latency	view	*
R	sys	x$schema_table_statistics	view	*
R	sys	host_summary_by_statement_latency	view	*
R	sys	x$schema_flattened_keys	view	*
R	sys	x$user_summary_by_file_io_type	view	*
R	mysql	help_keyword	table	*
R	mysql	columns_priv	table	*
R	mysql	procs_priv	table	*
R	mysql	innodb_table_stats	table	*
R	mysql	time_zone	table	*
R	mysql	proxies_priv	table	*
R	mysql	func	table	*
R	mysql	slow_log	table	*
R	mysql	time_zone_leap_second	table	*
R	mysql	roles_mapping	table	*
R	mysql	time_zone_transition_type	table	*
R	mysql	help_relation	table	*
R	mysql	plugin	table	*
R	mysql	tables_priv	table	*
R	mysql	event	table	*
R	mysql	help_topic	table	*
R	mysql	servers	table	*
R	mysql	proc	table	*
R	mysql	help_category	table	*
R	mysql	time_zone_transition	table	*
R	mysql	column_stats	table	*
R	mysql	time_zone_name	table	*
R	mysql	index_stats	table	*
R	mysql	innodb_index_stats	table	*
R	mysql	table_stats	table	*
R	mysql	db	table	*
R	mysql	gtid_slave_pos	table	*
R	mysql	user	view	*
R	mysql	transaction_registry	table	*
R	mysql	general_log	table	*
R	mysql	global_priv	table	*
R	performance_schema	accounts	table	*
R	performance_schema	cond_instances	table	*
R	performance_schema	events_stages_current	table	*
R	performance_schema	events_stages_history	table	*
R	performance_schema	events_stages_history_long	table	*
R	performance_schema	events_stages_summary_by_account_by_event_name	table	*
R	performance_schema	events_stages_summary_by_host_by_event_name	table	*
R	performance_schema	events_stages_summary_by_thread_by_event_name	table	*
R	performance_schema	events_stages_summary_by_user_by_event_name	table	*
R	performance_schema	events_stages_summary_global_by_event_name	table	*
R	performance_schema	events_statements_current	table	*
R	performance_schema	events_statements_history	table	*
R	performance_schema	events_statements_history_long	table	*
R	performance_schema	events_statements_summary_by_account_by_event_name	table	*
R	performance_schema	events_statements_summary_by_digest	table	*
R	performance_schema	events_statements_summary_by_host_by_event_name	table	*
R	performance_schema	events_statements_summary_by_program	table	*
R	performance_schema	events_statements_summary_by_thread_by_event_name	table	*
R	performance_schema	events_statements_summary_by_user_by_event_name	table	*
R	performance_schema	events_statements_summary_global_by_event_name	table	*
R	performance_schema	events_transactions_current	table	*
R	performance_schema	events_transactions_history	table	*
R	performance_schema	events_transactions_history_long	table	*
R	performance_schema	events_transactions_summary_by_account_by_event_name	table	*
R	performance_schema	events_transactions_summary_by_host_by_event_name	table	*
R	performance_schema	events_transactions_summary_by_thread_by_event_name	table	*
R	performance_schema	events_transactions_summary_by_user_by_event_name	table	*
R	performance_schema	events_transactions_summary_global_by_event_name	table	*
R	performance_schema	events_waits_current	table	*
R	performance_schema	events_waits_history	table	*
R	performance_schema	events_waits_history_long	table	*
R	performance_schema	events_waits_summary_by_account_by_event_name	table	*
R	performance_schema	events_waits_summary_by_host_by_event_name	table	*
R	performance_schema	events_waits_summary_by_instance	table	*
R	performance_schema	events_waits_summary_by_thread_by_event_name	table	*
R	performance_schema	events_waits_summary_by_user_by_event_name	table	*
R	performance_schema	events_waits_summary_global_by_event_name	table	*
R	performance_schema	file_instances	table	*
R	performance_schema	file_summary_by_event_name	table	*
R	performance_schema	file_summary_by_instance	table	*
R	performance_schema	global_status	table	*
R	performance_schema	host_cache	table	*
R	performance_schema	hosts	table	*
R	performance_schema	memory_summary_by_account_by_event_name	table	*
R	performance_schema	memory_summary_by_host_by_event_name	table	*
R	performance_schema	memory_summary_by_thread_by_event_name	table	*
R	performance_schema	memory_summary_by_user_by_event_name	table	*
R	performance_schema	memory_summary_global_by_event_name	table	*
R	performance_schema	metadata_locks	table	*
R	performance_schema	mutex_instances	table	*
R	performance_schema	objects_summary_global_by_type	table	*
R	performance_schema	performance_timers	table	*
R	performance_schema	prepared_statements_instances	table	*
R	performance_schema	replication_applier_configuration	table	*
R	performance_schema	replication_applier_status	table	*
R	performance_schema	replication_applier_status_by_coordinator	table	*
R	performance_schema	replication_applier_status_by_worker	table	*
R	performance_schema	replication_connection_configuration	table	*
R	performance_schema	rwlock_instances	table	*
R	performance_schema	session_account_connect_attrs	table	*
R	performance_schema	session_connect_attrs	table	*
R	performance_schema	session_status	table	*
R	performance_schema	setup_actors	table	*
R	performance_schema	setup_consumers	table	*
R	performance_schema	setup_instruments	table	*
R	performance_schema	setup_objects	table	*
R	performance_schema	setup_timers	table	*
R	performance_schema	socket_instances	table	*
R	performance_schema	socket_summary_by_event_name	table	*
R	performance_schema	socket_summary_by_instance	table	*
R	performance_schema	status_by_account	table	*
R	performance_schema	status_by_host	table	*
R	performance_schema	status_by_thread	table	*
R	performance_schema	status_by_user	table	*
R	performance_schema	table_handles	table	*
R	performance_schema	table_io_waits_summary_by_index_usage	table	*
R	performance_schema	table_io_waits_summary_by_table	table	*
R	performance_schema	table_lock_waits_summary_by_table	table	*
R	performance_schema	threads	table	*
R	performance_schema	user_variables_by_thread	table	*
R	performance_schema	users	table	*
R	information_schema	key_period_usage	view	11.4-
R	information_schema	periods	view	11.4-
R	sys	privileges_by_table_by_level	view	11.4-
R	information_schema	sequences	view	11.8-
R	information_schema	users	view	11.8-
R	information_schema	slave_status	view	11.8-
C	information_schema	all_plugins	plugin_name	varchar(64)	*
C	information_schema	all_plugins	plugin_version	varchar(20)	*
C	information_schema	all_plugins	plugin_status	varchar(16)	*
C	information_schema	all_plugins	plugin_type	varchar(80)	*
C	information_schema	all_plugins	plugin_type_version	varchar(20)	*
C	information_schema	all_plugins	plugin_library	varchar(64)	*
C	information_schema	all_plugins	plugin_library_version	varchar(20)	*
C	information_schema	all_plugins	plugin_author	varchar(64)	*
C	information_schema	all_plugins	plugin_description	longtext	*
C	information_schema	all_plugins	plugin_license	varchar(80)	*
C	information_schema	all_plugins	load_option	varchar(64)	*
C	information_schema	all_plugins	plugin_maturity	varchar(12)	*
C	information_schema	all_plugins	plugin_auth_version	varchar(80)	*
C	information_schema	applicable_roles	grantee	varchar(385)	*
C	information_schema	applicable_roles	role_name	varchar(128)	*
C	information_schema	applicable_roles	is_grantable	varchar(3)	*
C	information_schema	applicable_roles	is_default	varchar(3)	*
C	information_schema	character_sets	character_set_name	varchar(32)	*
C	information_schema	character_sets	default_collate_name	varchar(64)	*
C	information_schema	character_sets	description	varchar(60)	*
C	information_schema	character_sets	maxlen	bigint(3)	*
C	information_schema	check_constraints	constraint_catalog	varchar(512)	*
C	information_schema	check_constraints	constraint_schema	varchar(64)	*
C	information_schema	check_constraints	table_name	varchar(64)	*
C	information_schema	check_constraints	constraint_name	varchar(64)	*
C	information_schema	check_constraints	level	varchar(6)	*
C	information_schema	check_constraints	check_clause	longtext	*
C	information_schema	client_statistics	client	varchar(64)	*
C	information_schema	client_statistics	total_connections	bigint(21)	*
C	information_schema	client_statistics	concurrent_connections	bigint(21)	*
C	information_schema	client_statistics	connected_time	bigint(21)	*
C	information_schema	client_statistics	busy_time	double	*
C	information_schema	client_statistics	cpu_time	double	*
C	information_schema	client_statistics	bytes_received	bigint(21)	*
C	information_schema	client_statistics	bytes_sent	bigint(21)	*
C	information_schema	client_statistics	binlog_bytes_written	bigint(21)	*
C	information_schema	client_statistics	rows_read	bigint(21)	*
C	information_schema	client_statistics	rows_sent	bigint(21)	*
C	information_schema	client_statistics	rows_deleted	bigint(21)	*
C	information_schema	client_statistics	rows_inserted	bigint(21)	*
C	information_schema	client_statistics	rows_updated	bigint(21)	*
C	information_schema	client_statistics	select_commands	bigint(21)	*
C	information_schema	client_statistics	update_commands	bigint(21)	*
C	information_schema	client_statistics	other_commands	bigint(21)	*
C	information_schema	client_statistics	commit_transactions	bigint(21)	*
C	information_schema	client_statistics	rollback_transactions	bigint(21)	*
C	information_schema	client_statistics	denied_connections	bigint(21)	*
C	information_schema	client_statistics	lost_connections	bigint(21)	*
C	information_schema	client_statistics	access_denied	bigint(21)	*
C	information_schema	client_statistics	empty_queries	bigint(21)	*
C	information_schema	client_statistics	total_ssl_connections	bigint(21) unsigned	*
C	information_schema	client_statistics	max_statement_time_exceeded	bigint(21)	*
C	information_schema	collations	collation_name	varchar(64)	*
C	information_schema	collations	character_set_name	varchar(32)	*
C	information_schema	collations	id	bigint(11)	*
C	information_schema	collations	is_default	varchar(3)	*
C	information_schema	collations	is_compiled	varchar(3)	*
C	information_schema	collations	sortlen	bigint(3)	*
C	information_schema	collation_character_set_applicability	collation_name	varchar(64)	*
C	information_schema	collation_character_set_applicability	character_set_name	varchar(32)	*
C	information_schema	collation_character_set_applicability	full_collation_name	varchar(64)	*
C	information_schema	collation_character_set_applicability	id	bigint(11)	*
C	information_schema	collation_character_set_applicability	is_default	varchar(3)	*
C	information_schema	columns	table_catalog	varchar(512)	*
C	information_schema	columns	table_schema	varchar(64)	*
C	information_schema	columns	table_name	varchar(64)	*
C	information_schema	columns	column_name	varchar(64)	*
C	information_schema	columns	ordinal_position	bigint(21) unsigned	*
C	information_schema	columns	column_default	longtext	*
C	information_schema	columns	is_nullable	varchar(3)	*
C	information_schema	columns	data_type	varchar(64)	*
C	information_schema	columns	character_maximum_length	bigint(21) unsigned	*
C	information_schema	columns	character_octet_length	bigint(21) unsigned	*
C	information_schema	columns	numeric_precision	bigint(21) unsigned	*
C	information_schema	columns	numeric_scale	bigint(21) unsigned	*
C	information_schema	columns	datetime_precision	bigint(21) unsigned	*
C	information_schema	columns	character_set_name	varchar(32)	*
C	information_schema	columns	collation_name	varchar(64)	*
C	information_schema	columns	column_type	longtext	*
C	information_schema	columns	column_key	varchar(3)	*
C	information_schema	columns	extra	varchar(80)	*
C	information_schema	columns	privileges	varchar(80)	*
C	information_schema	columns	column_comment	varchar(1024)	*
C	information_schema	columns	is_generated	varchar(6)	*
C	information_schema	columns	generation_expression	longtext	*
C	information_schema	column_privileges	grantee	varchar(385)	*
C	information_schema	column_privileges	table_catalog	varchar(512)	*
C	information_schema	column_privileges	table_schema	varchar(64)	*
C	information_schema	column_privileges	table_name	varchar(64)	*
C	information_schema	column_privileges	column_name	varchar(64)	*
C	information_schema	column_privileges	privilege_type	varchar(64)	*
C	information_schema	column_privileges	is_grantable	varchar(3)	*
C	information_schema	enabled_roles	role_name	varchar(128)	*
C	information_schema	engines	engine	varchar(64)	*
C	information_schema	engines	support	varchar(8)	*
C	information_schema	engines	comment	varchar(160)	*
C	information_schema	engines	transactions	varchar(3)	*
C	information_schema	engines	xa	varchar(3)	*
C	information_schema	engines	savepoints	varchar(3)	*
C	information_schema	events	event_catalog	varchar(64)	*
C	information_schema	events	event_schema	varchar(64)	*
C	information_schema	events	event_name	varchar(64)	*
C	information_schema	events	definer	varchar(384)	*
C	information_schema	events	time_zone	varchar(64)	*
C	information_schema	events	event_body	varchar(8)	*
C	information_schema	events	event_definition	longtext	*
C	information_schema	events	event_type	varchar(9)	*
C	information_schema	events	execute_at	datetime	*
C	information_schema	events	interval_value	varchar(256)	*
C	information_schema	events	interval_field	varchar(18)	*
C	information_schema	events	sql_mode	varchar(8192)	*
C	information_schema	events	starts	datetime	*
C	information_schema	events	ends	datetime	*
C	information_schema	events	status	varchar(18)	*
C	information_schema	events	on_completion	varchar(12)	*
C	information_schema	events	created	datetime	*
C	information_schema	events	last_altered	datetime	*
C	information_schema	events	last_executed	datetime	*
C	information_schema	events	event_comment	varchar(64)	*
C	information_schema	events	originator	bigint(10)	*
C	information_schema	events	character_set_client	varchar(32)	*
C	information_schema	events	collation_connection	varchar(64)	*
C	information_schema	events	database_collation	varchar(64)	*
C	information_schema	files	file_id	bigint(4)	*
C	information_schema	files	file_name	varchar(512)	*
C	information_schema	files	file_type	varchar(20)	*
C	information_schema	files	tablespace_name	varchar(64)	*
C	information_schema	files	table_catalog	varchar(64)	*
C	information_schema	files	table_schema	varchar(64)	*
C	information_schema	files	table_name	varchar(64)	*
C	information_schema	files	logfile_group_name	varchar(64)	*
C	information_schema	files	logfile_group_number	bigint(4)	*
C	information_schema	files	engine	varchar(64)	*
C	information_schema	files	fulltext_keys	varchar(64)	*
C	information_schema	files	deleted_rows	bigint(4)	*
C	information_schema	files	update_count	bigint(4)	*
C	information_schema	files	free_extents	bigint(4)	*
C	information_schema	files	total_extents	bigint(4)	*
C	information_schema	files	extent_size	bigint(4)	*
C	information_schema	files	initial_size	bigint(21) unsigned	*
C	information_schema	files	maximum_size	bigint(21) unsigned	*
C	information_schema	files	autoextend_size	bigint(21) unsigned	*
C	information_schema	files	creation_time	datetime	*
C	information_schema	files	last_update_time	datetime	*
C	information_schema	files	last_access_time	datetime	*
C	information_schema	files	recover_time	bigint(4)	*
C	information_schema	files	transaction_counter	bigint(4)	*
C	information_schema	files	version	bigint(21) unsigned	*
C	information_schema	files	row_format	varchar(10)	*
C	information_schema	files	table_rows	bigint(21) unsigned	*
C	information_schema	files	avg_row_length	bigint(21) unsigned	*
C	information_schema	files	data_length	bigint(21) unsigned	*
C	information_schema	files	max_data_length	bigint(21) unsigned	*
C	information_schema	files	index_length	bigint(21) unsigned	*
C	information_schema	files	data_free	bigint(21) unsigned	*
C	information_schema	files	create_time	datetime	*
C	information_schema	files	update_time	datetime	*
C	information_schema	files	check_time	datetime	*
C	information_schema	files	checksum	bigint(21) unsigned	*
C	information_schema	files	status	varchar(20)	*
C	information_schema	files	extra	varchar(255)	*
C	information_schema	geometry_columns	f_table_catalog	varchar(512)	*
C	information_schema	geometry_columns	f_table_schema	varchar(64)	*
C	information_schema	geometry_columns	f_table_name	varchar(64)	*
C	information_schema	geometry_columns	f_geometry_column	varchar(64)	*
C	information_schema	geometry_columns	g_table_catalog	varchar(512)	*
C	information_schema	geometry_columns	g_table_schema	varchar(64)	*
C	information_schema	geometry_columns	g_table_name	varchar(64)	*
C	information_schema	geometry_columns	g_geometry_column	varchar(64)	*
C	information_schema	geometry_columns	storage_type	tinyint(2)	*
C	information_schema	geometry_columns	geometry_type	int(7)	*
C	information_schema	geometry_columns	coord_dimension	tinyint(2)	*
C	information_schema	geometry_columns	max_ppr	tinyint(2)	*
C	information_schema	geometry_columns	srid	smallint(5)	*
C	information_schema	global_status	variable_name	varchar(64)	*
C	information_schema	global_status	variable_value	varchar(4096)	*
C	information_schema	global_variables	variable_name	varchar(64)	*
C	information_schema	global_variables	variable_value	varchar(4096)	*
C	information_schema	index_statistics	table_schema	varchar(192)	*
C	information_schema	index_statistics	table_name	varchar(192)	*
C	information_schema	index_statistics	index_name	varchar(192)	*
C	information_schema	index_statistics	rows_read	bigint(21)	*
C	information_schema	innodb_buffer_page	pool_id	int(11) unsigned	*
C	information_schema	innodb_buffer_page	block_id	bigint(21) unsigned	*
C	information_schema	innodb_buffer_page	space	int(11) unsigned	*
C	information_schema	innodb_buffer_page	page_number	int(11) unsigned	*
C	information_schema	innodb_buffer_page	page_type	varchar(64)	*
C	information_schema	innodb_buffer_page	flush_type	int(11) unsigned	*
C	information_schema	innodb_buffer_page	fix_count	int(11) unsigned	*
C	information_schema	innodb_buffer_page	is_hashed	int(1)	*
C	information_schema	innodb_buffer_page	newest_modification	bigint(21) unsigned	*
C	information_schema	innodb_buffer_page	oldest_modification	bigint(21) unsigned	*
C	information_schema	innodb_buffer_page	access_time	bigint(21) unsigned	*
C	information_schema	innodb_buffer_page	table_name	varchar(1024)	*
C	information_schema	innodb_buffer_page	index_name	varchar(64)	*
C	information_schema	innodb_buffer_page	number_records	bigint(21) unsigned	*
C	information_schema	innodb_buffer_page	data_size	bigint(21) unsigned	*
C	information_schema	innodb_buffer_page	compressed_size	bigint(21) unsigned	*
C	information_schema	innodb_buffer_page	page_state	enum('NOT_USED','MEMORY','REMOVE_HASH','FILE_PAGE')	*
C	information_schema	innodb_buffer_page	io_fix	enum('IO_NONE','IO_READ','IO_WRITE')	*
C	information_schema	innodb_buffer_page	is_old	int(1)	*
C	information_schema	innodb_buffer_page	free_page_clock	bigint(21) unsigned	*
C	information_schema	innodb_buffer_page_lru	pool_id	int(11) unsigned	*
C	information_schema	innodb_buffer_page_lru	lru_position	bigint(21) unsigned	*
C	information_schema	innodb_buffer_page_lru	space	int(11) unsigned	*
C	information_schema	innodb_buffer_page_lru	page_number	int(11) unsigned	*
C	information_schema	innodb_buffer_page_lru	page_type	varchar(64)	*
C	information_schema	innodb_buffer_page_lru	flush_type	int(11) unsigned	*
C	information_schema	innodb_buffer_page_lru	fix_count	int(11) unsigned	*
C	information_schema	innodb_buffer_page_lru	is_hashed	int(1)	*
C	information_schema	innodb_buffer_page_lru	newest_modification	bigint(21) unsigned	*
C	information_schema	innodb_buffer_page_lru	oldest_modification	bigint(21) unsigned	*
C	information_schema	innodb_buffer_page_lru	access_time	bigint(21) unsigned	*
C	information_schema	innodb_buffer_page_lru	table_name	varchar(1024)	*
C	information_schema	innodb_buffer_page_lru	index_name	varchar(64)	*
C	information_schema	innodb_buffer_page_lru	number_records	bigint(21) unsigned	*
C	information_schema	innodb_buffer_page_lru	data_size	bigint(21) unsigned	*
C	information_schema	innodb_buffer_page_lru	compressed_size	bigint(21) unsigned	*
C	information_schema	innodb_buffer_page_lru	compressed	int(1)	*
C	information_schema	innodb_buffer_page_lru	io_fix	enum('IO_NONE','IO_READ','IO_WRITE')	*
C	information_schema	innodb_buffer_page_lru	is_old	int(1)	*
C	information_schema	innodb_buffer_page_lru	free_page_clock	bigint(21) unsigned	*
C	information_schema	innodb_buffer_pool_stats	pool_id	int(11) unsigned	*
C	information_schema	innodb_buffer_pool_stats	pool_size	bigint(21) unsigned	*
C	information_schema	innodb_buffer_pool_stats	free_buffers	bigint(21) unsigned	*
C	information_schema	innodb_buffer_pool_stats	database_pages	bigint(21) unsigned	*
C	information_schema	innodb_buffer_pool_stats	old_database_pages	bigint(21) unsigned	*
C	information_schema	innodb_buffer_pool_stats	modified_database_pages	bigint(21) unsigned	*
C	information_schema	innodb_buffer_pool_stats	pending_decompress	bigint(21) unsigned	*
C	information_schema	innodb_buffer_pool_stats	pending_reads	bigint(21) unsigned	*
C	information_schema	innodb_buffer_pool_stats	pending_flush_lru	bigint(21) unsigned	*
C	information_schema	innodb_buffer_pool_stats	pending_flush_list	bigint(21) unsigned	*
C	information_schema	innodb_buffer_pool_stats	pages_made_young	bigint(21) unsigned	*
C	information_schema	innodb_buffer_pool_stats	pages_not_made_young	bigint(21) unsigned	*
C	information_schema	innodb_buffer_pool_stats	pages_made_young_rate	float	*
C	information_schema	innodb_buffer_pool_stats	pages_made_not_young_rate	float	*
C	information_schema	innodb_buffer_pool_stats	number_pages_read	bigint(21) unsigned	*
C	information_schema	innodb_buffer_pool_stats	number_pages_created	bigint(21) unsigned	*
C	information_schema	innodb_buffer_pool_stats	number_pages_written	bigint(21) unsigned	*
C	information_schema	innodb_buffer_pool_stats	pages_read_rate	float	*
C	information_schema	innodb_buffer_pool_stats	pages_create_rate	float	*
C	information_schema	innodb_buffer_pool_stats	pages_written_rate	float	*
C	information_schema	innodb_buffer_pool_stats	number_pages_get	bigint(21) unsigned	*
C	information_schema	innodb_buffer_pool_stats	hit_rate	bigint(21) unsigned	*
C	information_schema	innodb_buffer_pool_stats	young_make_per_thousand_gets	bigint(21) unsigned	*
C	information_schema	innodb_buffer_pool_stats	not_young_make_per_thousand_gets	bigint(21) unsigned	*
C	information_schema	innodb_buffer_pool_stats	number_pages_read_ahead	bigint(21) unsigned	*
C	information_schema	innodb_buffer_pool_stats	number_read_ahead_evicted	bigint(21) unsigned	*
C	information_schema	innodb_buffer_pool_stats	read_ahead_rate	float	*
C	information_schema	innodb_buffer_pool_stats	read_ahead_evicted_rate	float	*
C	information_schema	innodb_buffer_pool_stats	lru_io_total	bigint(21) unsigned	*
C	information_schema	innodb_buffer_pool_stats	lru_io_current	bigint(21) unsigned	*
C	information_schema	innodb_buffer_pool_stats	uncompress_total	bigint(21) unsigned	*
C	information_schema	innodb_buffer_pool_stats	uncompress_current	bigint(21) unsigned	*
C	information_schema	innodb_cmp	page_size	int(5)	*
C	information_schema	innodb_cmp	compress_ops	int(11)	*
C	information_schema	innodb_cmp	compress_ops_ok	int(11)	*
C	information_schema	innodb_cmp	compress_time	int(11)	*
C	information_schema	innodb_cmp	uncompress_ops	int(11)	*
C	information_schema	innodb_cmp	uncompress_time	int(11)	*
C	information_schema	innodb_cmpmem	page_size	int(5)	*
C	information_schema	innodb_cmpmem	buffer_pool_instance	int(11)	*
C	information_schema	innodb_cmpmem	pages_used	int(11)	*
C	information_schema	innodb_cmpmem	pages_free	int(11)	*
C	information_schema	innodb_cmpmem	relocation_ops	bigint(21)	*
C	information_schema	innodb_cmpmem	relocation_time	int(11)	*
C	information_schema	innodb_cmpmem_reset	page_size	int(5)	*
C	information_schema	innodb_cmpmem_reset	buffer_pool_instance	int(11)	*
C	information_schema	innodb_cmpmem_reset	pages_used	int(11)	*
C	information_schema	innodb_cmpmem_reset	pages_free	int(11)	*
C	information_schema	innodb_cmpmem_reset	relocation_ops	bigint(21)	*
C	information_schema	innodb_cmpmem_reset	relocation_time	int(11)	*
C	information_schema	innodb_cmp_per_index	database_name	varchar(64)	*
C	information_schema	innodb_cmp_per_index	table_name	varchar(64)	*
C	information_schema	innodb_cmp_per_index	index_name	varchar(64)	*
C	information_schema	innodb_cmp_per_index	compress_ops	int(11)	*
C	information_schema	innodb_cmp_per_index	compress_ops_ok	int(11)	*
C	information_schema	innodb_cmp_per_index	compress_time	int(11)	*
C	information_schema	innodb_cmp_per_index	uncompress_ops	int(11)	*
C	information_schema	innodb_cmp_per_index	uncompress_time	int(11)	*
C	information_schema	innodb_cmp_per_index_reset	database_name	varchar(64)	*
C	information_schema	innodb_cmp_per_index_reset	table_name	varchar(64)	*
C	information_schema	innodb_cmp_per_index_reset	index_name	varchar(64)	*
C	information_schema	innodb_cmp_per_index_reset	compress_ops	int(11)	*
C	information_schema	innodb_cmp_per_index_reset	compress_ops_ok	int(11)	*
C	information_schema	innodb_cmp_per_index_reset	compress_time	int(11)	*
C	information_schema	innodb_cmp_per_index_reset	uncompress_ops	int(11)	*
C	information_schema	innodb_cmp_per_index_reset	uncompress_time	int(11)	*
C	information_schema	innodb_cmp_reset	page_size	int(5)	*
C	information_schema	innodb_cmp_reset	compress_ops	int(11)	*
C	information_schema	innodb_cmp_reset	compress_ops_ok	int(11)	*
C	information_schema	innodb_cmp_reset	compress_time	int(11)	*
C	information_schema	innodb_cmp_reset	uncompress_ops	int(11)	*
C	information_schema	innodb_cmp_reset	uncompress_time	int(11)	*
C	information_schema	innodb_ft_being_deleted	doc_id	bigint(21) unsigned	*
C	information_schema	innodb_ft_config	key	varchar(193)	*
C	information_schema	innodb_ft_config	value	varchar(193)	*
C	information_schema	innodb_ft_default_stopword	value	varchar(18)	*
C	information_schema	innodb_ft_deleted	doc_id	bigint(21) unsigned	*
C	information_schema	innodb_ft_index_cache	word	varchar(337)	*
C	information_schema	innodb_ft_index_cache	first_doc_id	bigint(21) unsigned	*
C	information_schema	innodb_ft_index_cache	last_doc_id	bigint(21) unsigned	*
C	information_schema	innodb_ft_index_cache	doc_count	bigint(21) unsigned	*
C	information_schema	innodb_ft_index_cache	doc_id	bigint(21) unsigned	*
C	information_schema	innodb_ft_index_cache	position	bigint(21) unsigned	*
C	information_schema	innodb_ft_index_table	word	varchar(337)	*
C	information_schema	innodb_ft_index_table	first_doc_id	bigint(21) unsigned	*
C	information_schema	innodb_ft_index_table	last_doc_id	bigint(21) unsigned	*
C	information_schema	innodb_ft_index_table	doc_count	bigint(21) unsigned	*
C	information_schema	innodb_ft_index_table	doc_id	bigint(21) unsigned	*
C	information_schema	innodb_ft_index_table	position	bigint(21) unsigned	*
C	information_schema	innodb_locks	lock_id	varchar(81)	*
C	information_schema	innodb_locks	lock_trx_id	bigint(21) unsigned	*
C	information_schema	innodb_locks	lock_mode	enum('S','S,GAP','X','X,GAP','IS','IS,GAP','IX','IX,GAP','AUTO_INC')	*
C	information_schema	innodb_locks	lock_type	enum('RECORD','TABLE')	*
C	information_schema	innodb_locks	lock_table	varchar(1024)	*
C	information_schema	innodb_locks	lock_index	varchar(1024)	*
C	information_schema	innodb_locks	lock_space	int(11) unsigned	*
C	information_schema	innodb_locks	lock_page	int(11) unsigned	*
C	information_schema	innodb_locks	lock_rec	int(11) unsigned	*
C	information_schema	innodb_locks	lock_data	varchar(8192)	*
C	information_schema	innodb_lock_waits	requesting_trx_id	bigint(21) unsigned	*
C	information_schema	innodb_lock_waits	requested_lock_id	varchar(81)	*
C	information_schema	innodb_lock_waits	blocking_trx_id	bigint(21) unsigned	*
C	information_schema	innodb_lock_waits	blocking_lock_id	varchar(81)	*
C	information_schema	innodb_metrics	name	varchar(193)	*
C	information_schema	innodb_metrics	subsystem	varchar(193)	*
C	information_schema	innodb_metrics	count	bigint(21)	*
C	information_schema	innodb_metrics	max_count	bigint(21)	*
C	information_schema	innodb_metrics	min_count	bigint(21)	*
C	information_schema	innodb_metrics	avg_count	float	*
C	information_schema	innodb_metrics	count_reset	bigint(21)	*
C	information_schema	innodb_metrics	max_count_reset	bigint(21)	*
C	information_schema	innodb_metrics	min_count_reset	bigint(21)	*
C	information_schema	innodb_metrics	avg_count_reset	float	*
C	information_schema	innodb_metrics	time_enabled	datetime	*
C	information_schema	innodb_metrics	time_disabled	datetime	*
C	information_schema	innodb_metrics	time_elapsed	bigint(21)	*
C	information_schema	innodb_metrics	time_reset	datetime	*
C	information_schema	innodb_metrics	enabled	int(1)	*
C	information_schema	innodb_metrics	type	enum('value','status_counter','set_owner','set_member','counter')	*
C	information_schema	innodb_metrics	comment	varchar(193)	*
C	information_schema	innodb_sys_columns	table_id	bigint(21) unsigned	*
C	information_schema	innodb_sys_columns	name	varchar(64)	*
C	information_schema	innodb_sys_columns	pos	bigint(21) unsigned	*
C	information_schema	innodb_sys_columns	mtype	int(11)	*
C	information_schema	innodb_sys_columns	prtype	int(11)	*
C	information_schema	innodb_sys_columns	len	int(11)	*
C	information_schema	innodb_sys_fields	index_id	bigint(21) unsigned	*
C	information_schema	innodb_sys_fields	name	varchar(64)	*
C	information_schema	innodb_sys_fields	pos	int(11) unsigned	*
C	information_schema	innodb_sys_foreign	id	varchar(193)	*
C	information_schema	innodb_sys_foreign	for_name	varchar(193)	*
C	information_schema	innodb_sys_foreign	ref_name	varchar(193)	*
C	information_schema	innodb_sys_foreign	n_cols	int(11) unsigned	*
C	information_schema	innodb_sys_foreign	type	int(11) unsigned	*
C	information_schema	innodb_sys_foreign_cols	id	varchar(193)	*
C	information_schema	innodb_sys_foreign_cols	for_col_name	varchar(64)	*
C	information_schema	innodb_sys_foreign_cols	ref_col_name	varchar(64)	*
C	information_schema	innodb_sys_foreign_cols	pos	int(11) unsigned	*
C	information_schema	innodb_sys_indexes	index_id	bigint(21) unsigned	*
C	information_schema	innodb_sys_indexes	name	varchar(64)	*
C	information_schema	innodb_sys_indexes	table_id	bigint(21) unsigned	*
C	information_schema	innodb_sys_indexes	type	int(11)	*
C	information_schema	innodb_sys_indexes	n_fields	int(11)	*
C	information_schema	innodb_sys_indexes	page_no	int(11)	*
C	information_schema	innodb_sys_indexes	space	int(11)	*
C	information_schema	innodb_sys_indexes	merge_threshold	int(11)	*
C	information_schema	innodb_sys_tables	table_id	bigint(21) unsigned	*
C	information_schema	innodb_sys_tables	name	varchar(655)	*
C	information_schema	innodb_sys_tables	flag	int(11)	*
C	information_schema	innodb_sys_tables	n_cols	int(11) unsigned	*
C	information_schema	innodb_sys_tables	space	int(11) unsigned	*
C	information_schema	innodb_sys_tables	row_format	enum('Redundant','Compact','Compressed','Dynamic')	*
C	information_schema	innodb_sys_tables	zip_page_size	int(11) unsigned	*
C	information_schema	innodb_sys_tables	space_type	enum('Single','System')	*
C	information_schema	innodb_sys_tablespaces	space	int(11) unsigned	*
C	information_schema	innodb_sys_tablespaces	name	varchar(655)	*
C	information_schema	innodb_sys_tablespaces	flag	int(11) unsigned	*
C	information_schema	innodb_sys_tablespaces	row_format	varchar(22)	*
C	information_schema	innodb_sys_tablespaces	page_size	int(11) unsigned	*
C	information_schema	innodb_sys_tablespaces	filename	varchar(512)	*
C	information_schema	innodb_sys_tablespaces	fs_block_size	int(11) unsigned	*
C	information_schema	innodb_sys_tablespaces	file_size	bigint(21) unsigned	*
C	information_schema	innodb_sys_tablespaces	allocated_size	bigint(21) unsigned	*
C	information_schema	innodb_sys_tablestats	table_id	bigint(21) unsigned	*
C	information_schema	innodb_sys_tablestats	name	varchar(64)	*
C	information_schema	innodb_sys_tablestats	stats_initialized	int(1)	*
C	information_schema	innodb_sys_tablestats	num_rows	bigint(21) unsigned	*
C	information_schema	innodb_sys_tablestats	clust_index_size	bigint(21) unsigned	*
C	information_schema	innodb_sys_tablestats	other_index_size	bigint(21) unsigned	*
C	information_schema	innodb_sys_tablestats	modified_counter	bigint(21) unsigned	*
C	information_schema	innodb_sys_tablestats	autoinc	bigint(21) unsigned	*
C	information_schema	innodb_sys_tablestats	ref_count	int(11)	*
C	information_schema	innodb_sys_virtual	table_id	bigint(21) unsigned	*
C	information_schema	innodb_sys_virtual	pos	int(11) unsigned	*
C	information_schema	innodb_sys_virtual	base_pos	int(11) unsigned	*
C	information_schema	innodb_tablespaces_encryption	space	int(11) unsigned	*
C	information_schema	innodb_tablespaces_encryption	name	varchar(655)	*
C	information_schema	innodb_tablespaces_encryption	encryption_scheme	int(11) unsigned	*
C	information_schema	innodb_tablespaces_encryption	keyserver_requests	int(11) unsigned	*
C	information_schema	innodb_tablespaces_encryption	min_key_version	int(11) unsigned	*
C	information_schema	innodb_tablespaces_encryption	current_key_version	int(11) unsigned	*
C	information_schema	innodb_tablespaces_encryption	key_rotation_page_number	bigint(21) unsigned	*
C	information_schema	innodb_tablespaces_encryption	key_rotation_max_page_number	bigint(21) unsigned	*
C	information_schema	innodb_tablespaces_encryption	current_key_id	int(11) unsigned	*
C	information_schema	innodb_tablespaces_encryption	rotating_or_flushing	int(1)	*
C	information_schema	innodb_trx	trx_id	bigint(21) unsigned	*
C	information_schema	innodb_trx	trx_state	varchar(13)	*
C	information_schema	innodb_trx	trx_started	datetime	*
C	information_schema	innodb_trx	trx_requested_lock_id	varchar(81)	*
C	information_schema	innodb_trx	trx_wait_started	datetime	*
C	information_schema	innodb_trx	trx_weight	bigint(21) unsigned	*
C	information_schema	innodb_trx	trx_mysql_thread_id	bigint(21) unsigned	*
C	information_schema	innodb_trx	trx_query	varchar(1024)	*
C	information_schema	innodb_trx	trx_operation_state	varchar(64)	*
C	information_schema	innodb_trx	trx_tables_in_use	bigint(21) unsigned	*
C	information_schema	innodb_trx	trx_tables_locked	bigint(21) unsigned	*
C	information_schema	innodb_trx	trx_lock_structs	bigint(21) unsigned	*
C	information_schema	innodb_trx	trx_lock_memory_bytes	bigint(21) unsigned	*
C	information_schema	innodb_trx	trx_rows_locked	bigint(21) unsigned	*
C	information_schema	innodb_trx	trx_rows_modified	bigint(21) unsigned	*
C	information_schema	innodb_trx	trx_concurrency_tickets	bigint(21) unsigned	*
C	information_schema	innodb_trx	trx_isolation_level	enum('READ UNCOMMITTED','READ COMMITTED','REPEATABLE READ','SERIALIZABLE')	*
C	information_schema	innodb_trx	trx_unique_checks	int(1)	*
C	information_schema	innodb_trx	trx_foreign_key_checks	int(1)	*
C	information_schema	innodb_trx	trx_last_foreign_key_error	varchar(256)	*
C	information_schema	innodb_trx	trx_is_read_only	int(1)	*
C	information_schema	innodb_trx	trx_autocommit_non_locking	int(1)	*
C	information_schema	keywords	word	varchar(64)	*
C	information_schema	key_caches	key_cache_name	varchar(192)	*
C	information_schema	key_caches	segments	int(3) unsigned	*
C	information_schema	key_caches	segment_number	int(3) unsigned	*
C	information_schema	key_caches	full_size	bigint(21) unsigned	*
C	information_schema	key_caches	block_size	bigint(21) unsigned	*
C	information_schema	key_caches	used_blocks	bigint(21) unsigned	*
C	information_schema	key_caches	unused_blocks	bigint(21) unsigned	*
C	information_schema	key_caches	dirty_blocks	bigint(21) unsigned	*
C	information_schema	key_caches	read_requests	bigint(21) unsigned	*
C	information_schema	key_caches	reads	bigint(21) unsigned	*
C	information_schema	key_caches	write_requests	bigint(21) unsigned	*
C	information_schema	key_caches	writes	bigint(21) unsigned	*
C	information_schema	key_column_usage	constraint_catalog	varchar(512)	*
C	information_schema	key_column_usage	constraint_schema	varchar(64)	*
C	information_schema	key_column_usage	constraint_name	varchar(64)	*
C	information_schema	key_column_usage	table_catalog	varchar(512)	*
C	information_schema	key_column_usage	table_schema	varchar(64)	*
C	information_schema	key_column_usage	table_name	varchar(64)	*
C	information_schema	key_column_usage	column_name	varchar(64)	*
C	information_schema	key_column_usage	ordinal_position	bigint(10)	*
C	information_schema	key_column_usage	position_in_unique_constraint	bigint(10)	*
C	information_schema	key_column_usage	referenced_table_schema	varchar(64)	*
C	information_schema	key_column_usage	referenced_table_name	varchar(64)	*
C	information_schema	key_column_usage	referenced_column_name	varchar(64)	*
C	information_schema	optimizer_costs	engine	varchar(192)	*
C	information_schema	optimizer_costs	optimizer_disk_read_cost	decimal(9,6)	*
C	information_schema	optimizer_costs	optimizer_index_block_copy_cost	decimal(9,6)	*
C	information_schema	optimizer_costs	optimizer_key_compare_cost	decimal(9,6)	*
C	information_schema	optimizer_costs	optimizer_key_copy_cost	decimal(9,6)	*
C	information_schema	optimizer_costs	optimizer_key_lookup_cost	decimal(9,6)	*
C	information_schema	optimizer_costs	optimizer_key_next_find_cost	decimal(9,6)	*
C	information_schema	optimizer_costs	optimizer_disk_read_ratio	decimal(9,6)	*
C	information_schema	optimizer_costs	optimizer_row_copy_cost	decimal(9,6)	*
C	information_schema	optimizer_costs	optimizer_row_lookup_cost	decimal(9,6)	*
C	information_schema	optimizer_costs	optimizer_row_next_find_cost	decimal(9,6)	*
C	information_schema	optimizer_costs	optimizer_rowid_compare_cost	decimal(9,6)	*
C	information_schema	optimizer_costs	optimizer_rowid_copy_cost	decimal(9,6)	*
C	information_schema	optimizer_trace	query	longtext	*
C	information_schema	optimizer_trace	trace	longtext	*
C	information_schema	optimizer_trace	missing_bytes_beyond_max_mem_size	int(20)	*
C	information_schema	optimizer_trace	insufficient_privileges	tinyint(1)	*
C	information_schema	parameters	specific_catalog	varchar(512)	*
C	information_schema	parameters	specific_schema	varchar(64)	*
C	information_schema	parameters	specific_name	varchar(64)	*
C	information_schema	parameters	ordinal_position	int(21)	*
C	information_schema	parameters	parameter_mode	varchar(5)	*
C	information_schema	parameters	parameter_name	varchar(64)	*
C	information_schema	parameters	data_type	varchar(64)	*
C	information_schema	parameters	character_maximum_length	int(21)	*
C	information_schema	parameters	character_octet_length	int(21)	*
C	information_schema	parameters	numeric_precision	int(21)	*
C	information_schema	parameters	numeric_scale	int(21)	*
C	information_schema	parameters	datetime_precision	bigint(21) unsigned	*
C	information_schema	parameters	character_set_name	varchar(64)	*
C	information_schema	parameters	collation_name	varchar(64)	*
C	information_schema	parameters	dtd_identifier	longtext	*
C	information_schema	parameters	routine_type	varchar(9)	*
C	information_schema	partitions	table_catalog	varchar(512)	*
C	information_schema	partitions	table_schema	varchar(64)	*
C	information_schema	partitions	table_name	varchar(64)	*
C	information_schema	partitions	partition_name	varchar(64)	*
C	information_schema	partitions	subpartition_name	varchar(64)	*
C	information_schema	partitions	partition_ordinal_position	bigint(21) unsigned	*
C	information_schema	partitions	subpartition_ordinal_position	bigint(21) unsigned	*
C	information_schema	partitions	partition_method	varchar(18)	*
C	information_schema	partitions	subpartition_method	varchar(12)	*
C	information_schema	partitions	partition_expression	longtext	*
C	information_schema	partitions	subpartition_expression	longtext	*
C	information_schema	partitions	partition_description	longtext	*
C	information_schema	partitions	table_rows	bigint(21) unsigned	*
C	information_schema	partitions	avg_row_length	bigint(21) unsigned	*
C	information_schema	partitions	data_length	bigint(21) unsigned	*
C	information_schema	partitions	max_data_length	bigint(21) unsigned	*
C	information_schema	partitions	index_length	bigint(21) unsigned	*
C	information_schema	partitions	data_free	bigint(21) unsigned	*
C	information_schema	partitions	create_time	datetime	*
C	information_schema	partitions	update_time	datetime	*
C	information_schema	partitions	check_time	datetime	*
C	information_schema	partitions	checksum	bigint(21) unsigned	*
C	information_schema	partitions	partition_comment	varchar(80)	*
C	information_schema	partitions	nodegroup	varchar(12)	*
C	information_schema	partitions	tablespace_name	varchar(64)	*
C	information_schema	plugins	plugin_name	varchar(64)	*
C	information_schema	plugins	plugin_version	varchar(20)	*
C	information_schema	plugins	plugin_status	varchar(16)	*
C	information_schema	plugins	plugin_type	varchar(80)	*
C	information_schema	plugins	plugin_type_version	varchar(20)	*
C	information_schema	plugins	plugin_library	varchar(64)	*
C	information_schema	plugins	plugin_library_version	varchar(20)	*
C	information_schema	plugins	plugin_author	varchar(64)	*
C	information_schema	plugins	plugin_description	longtext	*
C	information_schema	plugins	plugin_license	varchar(80)	*
C	information_schema	plugins	load_option	varchar(64)	*
C	information_schema	plugins	plugin_maturity	varchar(12)	*
C	information_schema	plugins	plugin_auth_version	varchar(80)	*
C	information_schema	processlist	id	bigint(4)	*
C	information_schema	processlist	user	varchar(128)	*
C	information_schema	processlist	host	varchar(64)	*
C	information_schema	processlist	db	varchar(64)	*
C	information_schema	processlist	command	varchar(16)	*
C	information_schema	processlist	time	int(7)	*
C	information_schema	processlist	state	varchar(64)	*
C	information_schema	processlist	info	longtext	*
C	information_schema	processlist	time_ms	decimal(22,3)	*
C	information_schema	processlist	stage	tinyint(2)	*
C	information_schema	processlist	max_stage	tinyint(2)	*
C	information_schema	processlist	progress	decimal(7,3)	*
C	information_schema	processlist	memory_used	bigint(7)	-11.0
C	information_schema	processlist	max_memory_used	bigint(7)	-11.0
C	information_schema	processlist	examined_rows	int(7)	-11.0
C	information_schema	processlist	query_id	bigint(4)	-11.0
C	information_schema	processlist	info_binary	blob	*
C	information_schema	processlist	tid	bigint(4)	-11.0
C	information_schema	profiling	query_id	int(20)	*
C	information_schema	profiling	seq	int(20)	*
C	information_schema	profiling	state	varchar(30)	*
C	information_schema	profiling	duration	decimal(9,6)	*
C	information_schema	profiling	cpu_user	decimal(9,6)	*
C	information_schema	profiling	cpu_system	decimal(9,6)	*
C	information_schema	profiling	context_voluntary	int(20)	*
C	information_schema	profiling	context_involuntary	int(20)	*
C	information_schema	profiling	block_ops_in	int(20)	*
C	information_schema	profiling	block_ops_out	int(20)	*
C	information_schema	profiling	messages_sent	int(20)	*
C	information_schema	profiling	messages_received	int(20)	*
C	information_schema	profiling	page_faults_major	int(20)	*
C	information_schema	profiling	page_faults_minor	int(20)	*
C	information_schema	profiling	swaps	int(20)	*
C	information_schema	profiling	source_function	varchar(30)	*
C	information_schema	profiling	source_file	varchar(20)	*
C	information_schema	profiling	source_line	int(20)	*
C	information_schema	referential_constraints	constraint_catalog	varchar(512)	*
C	information_schema	referential_constraints	constraint_schema	varchar(64)	*
C	information_schema	referential_constraints	constraint_name	varchar(64)	*
C	information_schema	referential_constraints	unique_constraint_catalog	varchar(512)	*
C	information_schema	referential_constraints	unique_constraint_schema	varchar(64)	*
C	information_schema	referential_constraints	unique_constraint_name	varchar(64)	*
C	information_schema	referential_constraints	match_option	varchar(64)	*
C	information_schema	referential_constraints	update_rule	varchar(64)	*
C	information_schema	referential_constraints	delete_rule	varchar(64)	*
C	information_schema	referential_constraints	table_name	varchar(64)	*
C	information_schema	referential_constraints	referenced_table_name	varchar(64)	*
C	information_schema	routines	specific_name	varchar(64)	*
C	information_schema	routines	routine_catalog	varchar(512)	*
C	information_schema	routines	routine_schema	varchar(64)	*
C	information_schema	routines	routine_name	varchar(64)	*
C	information_schema	routines	routine_type	varchar(13)	*
C	information_schema	routines	data_type	varchar(64)	*
C	information_schema	routines	character_maximum_length	int(21)	*
C	information_schema	routines	character_octet_length	int(21)	*
C	information_schema	routines	numeric_precision	int(21)	*
C	information_schema	routines	numeric_scale	int(21)	*
C	information_schema	routines	datetime_precision	bigint(21) unsigned	*
C	information_schema	routines	character_set_name	varchar(64)	*
C	information_schema	routines	collation_name	varchar(64)	*
C	information_schema	routines	dtd_identifier	longtext	*
C	information_schema	routines	routine_body	varchar(8)	*
C	information_schema	routines	routine_definition	longtext	*
C	information_schema	routines	external_name	varchar(64)	*
C	information_schema	routines	external_language	varchar(64)	*
C	information_schema	routines	parameter_style	varchar(8)	*
C	information_schema	routines	is_deterministic	varchar(3)	*
C	information_schema	routines	sql_data_access	varchar(64)	*
C	information_schema	routines	sql_path	varchar(64)	*
C	information_schema	routines	security_type	varchar(7)	*
C	information_schema	routines	created	datetime	*
C	information_schema	routines	last_altered	datetime	*
C	information_schema	routines	sql_mode	varchar(8192)	*
C	information_schema	routines	routine_comment	longtext	*
C	information_schema	routines	definer	varchar(384)	*
C	information_schema	routines	character_set_client	varchar(32)	*
C	information_schema	routines	collation_connection	varchar(64)	*
C	information_schema	routines	database_collation	varchar(64)	*
C	information_schema	schemata	catalog_name	varchar(512)	*
C	information_schema	schemata	schema_name	varchar(64)	*
C	information_schema	schemata	default_character_set_name	varchar(32)	*
C	information_schema	schemata	default_collation_name	varchar(64)	*
C	information_schema	schemata	sql_path	varchar(512)	*
C	information_schema	schemata	schema_comment	varchar(1024)	*
C	information_schema	schema_privileges	grantee	varchar(385)	*
C	information_schema	schema_privileges	table_catalog	varchar(512)	*
C	information_schema	schema_privileges	table_schema	varchar(64)	*
C	information_schema	schema_privileges	privilege_type	varchar(64)	*
C	information_schema	schema_privileges	is_grantable	varchar(3)	*
C	information_schema	session_status	variable_name	varchar(64)	*
C	information_schema	session_status	variable_value	varchar(4096)	*
C	information_schema	session_variables	variable_name	varchar(64)	*
C	information_schema	session_variables	variable_value	varchar(4096)	*
C	information_schema	spatial_ref_sys	srid	smallint(5)	*
C	information_schema	spatial_ref_sys	auth_name	varchar(512)	*
C	information_schema	spatial_ref_sys	auth_srid	int(5)	*
C	information_schema	spatial_ref_sys	srtext	varchar(2048)	*
C	information_schema	sql_functions	function	varchar(64)	*
C	information_schema	statistics	table_catalog	varchar(512)	*
C	information_schema	statistics	table_schema	varchar(64)	*
C	information_schema	statistics	table_name	varchar(64)	*
C	information_schema	statistics	non_unique	bigint(1)	*
C	information_schema	statistics	index_schema	varchar(64)	*
C	information_schema	statistics	index_name	varchar(64)	*
C	information_schema	statistics	seq_in_index	bigint(2)	-11.0
C	information_schema	statistics	column_name	varchar(64)	*
C	information_schema	statistics	collation	varchar(1)	*
C	information_schema	statistics	cardinality	bigint(21)	*
C	information_schema	statistics	sub_part	bigint(3)	*
C	information_schema	statistics	packed	varchar(10)	*
C	information_schema	statistics	nullable	varchar(3)	*
C	information_schema	statistics	index_type	varchar(16)	*
C	information_schema	statistics	comment	varchar(16)	*
C	information_schema	statistics	index_comment	varchar(1024)	*
C	information_schema	statistics	ignored	varchar(3)	*
C	information_schema	system_variables	variable_name	varchar(64)	*
C	information_schema	system_variables	session_value	varchar(2048)	*
C	information_schema	system_variables	global_value	varchar(2048)	*
C	information_schema	system_variables	global_value_origin	varchar(64)	*
C	information_schema	system_variables	default_value	varchar(2048)	*
C	information_schema	system_variables	variable_scope	varchar(64)	*
C	information_schema	system_variables	variable_type	varchar(64)	*
C	information_schema	system_variables	variable_comment	varchar(2048)	*
C	information_schema	system_variables	numeric_min_value	varchar(21)	*
C	information_schema	system_variables	numeric_max_value	varchar(21)	*
C	information_schema	system_variables	numeric_block_size	varchar(21)	*
C	information_schema	system_variables	enum_value_list	longtext	*
C	information_schema	system_variables	read_only	varchar(3)	*
C	information_schema	system_variables	command_line_argument	varchar(64)	*
C	information_schema	system_variables	global_value_path	varchar(2048)	*
C	information_schema	tables	table_catalog	varchar(512)	*
C	information_schema	tables	table_schema	varchar(64)	*
C	information_schema	tables	table_name	varchar(64)	*
C	information_schema	tables	table_type	varchar(64)	*
C	information_schema	tables	engine	varchar(64)	*
C	information_schema	tables	version	bigint(21) unsigned	*
C	information_schema	tables	row_format	varchar(10)	*
C	information_schema	tables	table_rows	bigint(21) unsigned	*
C	information_schema	tables	avg_row_length	bigint(21) unsigned	*
C	information_schema	tables	data_length	bigint(21) unsigned	*
C	information_schema	tables	max_data_length	bigint(21) unsigned	*
C	information_schema	tables	index_length	bigint(21) unsigned	*
C	information_schema	tables	data_free	bigint(21) unsigned	*
C	information_schema	tables	auto_increment	bigint(21) unsigned	*
C	information_schema	tables	create_time	datetime	*
C	information_schema	tables	update_time	datetime	*
C	information_schema	tables	check_time	datetime	*
C	information_schema	tables	table_collation	varchar(64)	*
C	information_schema	tables	checksum	bigint(21) unsigned	*
C	information_schema	tables	create_options	varchar(2048)	*
C	information_schema	tables	table_comment	varchar(2048)	*
C	information_schema	tables	max_index_length	bigint(21) unsigned	*
C	information_schema	tables	temporary	varchar(1)	*
C	information_schema	tablespaces	tablespace_name	varchar(64)	*
C	information_schema	tablespaces	engine	varchar(64)	*
C	information_schema	tablespaces	tablespace_type	varchar(64)	*
C	information_schema	tablespaces	logfile_group_name	varchar(64)	*
C	information_schema	tablespaces	extent_size	bigint(21) unsigned	*
C	information_schema	tablespaces	autoextend_size	bigint(21) unsigned	*
C	information_schema	tablespaces	maximum_size	bigint(21) unsigned	*
C	information_schema	tablespaces	nodegroup_id	bigint(21) unsigned	*
C	information_schema	tablespaces	tablespace_comment	varchar(2048)	*
C	information_schema	table_constraints	constraint_catalog	varchar(512)	*
C	information_schema	table_constraints	constraint_schema	varchar(64)	*
C	information_schema	table_constraints	constraint_name	varchar(64)	*
C	information_schema	table_constraints	table_schema	varchar(64)	*
C	information_schema	table_constraints	table_name	varchar(64)	*
C	information_schema	table_constraints	constraint_type	varchar(64)	*
C	information_schema	table_privileges	grantee	varchar(385)	*
C	information_schema	table_privileges	table_catalog	varchar(512)	*
C	information_schema	table_privileges	table_schema	varchar(64)	*
C	information_schema	table_privileges	table_name	varchar(64)	*
C	information_schema	table_privileges	privilege_type	varchar(64)	*
C	information_schema	table_privileges	is_grantable	varchar(3)	*
C	information_schema	table_statistics	table_schema	varchar(192)	*
C	information_schema	table_statistics	table_name	varchar(192)	*
C	information_schema	table_statistics	rows_read	bigint(21)	*
C	information_schema	table_statistics	rows_changed	bigint(21)	*
C	information_schema	table_statistics	rows_changed_x_indexes	bigint(21)	*
C	information_schema	thread_pool_groups	group_id	int(6)	*
C	information_schema	thread_pool_groups	connections	int(6)	*
C	information_schema	thread_pool_groups	threads	int(6)	*
C	information_schema	thread_pool_groups	active_threads	int(6)	*
C	information_schema	thread_pool_groups	standby_threads	int(6)	*
C	information_schema	thread_pool_groups	queue_length	int(6)	*
C	information_schema	thread_pool_groups	has_listener	tinyint(1)	*
C	information_schema	thread_pool_groups	is_stalled	tinyint(1)	*
C	information_schema	thread_pool_queues	group_id	int(6)	*
C	information_schema	thread_pool_queues	position	int(6)	*
C	information_schema	thread_pool_queues	priority	int(1)	*
C	information_schema	thread_pool_queues	connection_id	bigint(19) unsigned	*
C	information_schema	thread_pool_queues	queueing_time_microseconds	bigint(19)	*
C	information_schema	thread_pool_stats	group_id	int(6)	*
C	information_schema	thread_pool_stats	thread_creations	bigint(19)	*
C	information_schema	thread_pool_stats	thread_creations_due_to_stall	bigint(19)	*
C	information_schema	thread_pool_stats	wakes	bigint(19)	*
C	information_schema	thread_pool_stats	wakes_due_to_stall	bigint(19)	*
C	information_schema	thread_pool_stats	throttles	bigint(19)	*
C	information_schema	thread_pool_stats	stalls	bigint(19)	*
C	information_schema	thread_pool_stats	polls_by_listener	bigint(19)	*
C	information_schema	thread_pool_stats	polls_by_worker	bigint(19)	*
C	information_schema	thread_pool_stats	dequeues_by_listener	bigint(19)	*
C	information_schema	thread_pool_stats	dequeues_by_worker	bigint(19)	*
C	information_schema	thread_pool_waits	reason	varchar(16)	*
C	information_schema	thread_pool_waits	count	bigint(19)	*
C	information_schema	triggers	trigger_catalog	varchar(512)	*
C	information_schema	triggers	trigger_schema	varchar(64)	*
C	information_schema	triggers	trigger_name	varchar(64)	*
C	information_schema	triggers	event_manipulation	varchar(6)	*
C	information_schema	triggers	event_object_catalog	varchar(512)	*
C	information_schema	triggers	event_object_schema	varchar(64)	*
C	information_schema	triggers	event_object_table	varchar(64)	*
C	information_schema	triggers	action_order	bigint(4)	*
C	information_schema	triggers	action_condition	longtext	*
C	information_schema	triggers	action_statement	longtext	*
C	information_schema	triggers	action_orientation	varchar(9)	*
C	information_schema	triggers	action_timing	varchar(6)	*
C	information_schema	triggers	action_reference_old_table	varchar(64)	*
C	information_schema	triggers	action_reference_new_table	varchar(64)	*
C	information_schema	triggers	action_reference_old_row	varchar(3)	*
C	information_schema	triggers	action_reference_new_row	varchar(3)	*
C	information_schema	triggers	created	datetime(2)	*
C	information_schema	triggers	sql_mode	varchar(8192)	*
C	information_schema	triggers	definer	varchar(384)	*
C	information_schema	triggers	character_set_client	varchar(32)	*
C	information_schema	triggers	collation_connection	varchar(64)	*
C	information_schema	triggers	database_collation	varchar(64)	*
C	information_schema	user_privileges	grantee	varchar(385)	*
C	information_schema	user_privileges	table_catalog	varchar(512)	*
C	information_schema	user_privileges	privilege_type	varchar(64)	*
C	information_schema	user_privileges	is_grantable	varchar(3)	*
C	information_schema	user_statistics	user	varchar(128)	*
C	information_schema	user_statistics	total_connections	int(11)	*
C	information_schema	user_statistics	concurrent_connections	int(11)	*
C	information_schema	user_statistics	connected_time	int(11)	*
C	information_schema	user_statistics	busy_time	double	*
C	information_schema	user_statistics	cpu_time	double	*
C	information_schema	user_statistics	bytes_received	bigint(21)	*
C	information_schema	user_statistics	bytes_sent	bigint(21)	*
C	information_schema	user_statistics	binlog_bytes_written	bigint(21)	*
C	information_schema	user_statistics	rows_read	bigint(21)	*
C	information_schema	user_statistics	rows_sent	bigint(21)	*
C	information_schema	user_statistics	rows_deleted	bigint(21)	*
C	information_schema	user_statistics	rows_inserted	bigint(21)	*
C	information_schema	user_statistics	rows_updated	bigint(21)	*
C	information_schema	user_statistics	select_commands	bigint(21)	*
C	information_schema	user_statistics	update_commands	bigint(21)	*
C	information_schema	user_statistics	other_commands	bigint(21)	*
C	information_schema	user_statistics	commit_transactions	bigint(21)	*
C	information_schema	user_statistics	rollback_transactions	bigint(21)	*
C	information_schema	user_statistics	denied_connections	bigint(21)	*
C	information_schema	user_statistics	lost_connections	bigint(21)	*
C	information_schema	user_statistics	access_denied	bigint(21)	*
C	information_schema	user_statistics	empty_queries	bigint(21)	*
C	information_schema	user_statistics	total_ssl_connections	bigint(21) unsigned	*
C	information_schema	user_statistics	max_statement_time_exceeded	bigint(21)	*
C	information_schema	user_variables	variable_name	varchar(64)	*
C	information_schema	user_variables	variable_value	varchar(2048)	*
C	information_schema	user_variables	variable_type	varchar(64)	*
C	information_schema	user_variables	character_set_name	varchar(32)	*
C	information_schema	views	table_catalog	varchar(512)	*
C	information_schema	views	table_schema	varchar(64)	*
C	information_schema	views	table_name	varchar(64)	*
C	information_schema	views	view_definition	longtext	*
C	information_schema	views	check_option	varchar(8)	*
C	information_schema	views	is_updatable	varchar(3)	*
C	information_schema	views	definer	varchar(384)	*
C	information_schema	views	security_type	varchar(7)	*
C	information_schema	views	character_set_client	varchar(32)	*
C	information_schema	views	collation_connection	varchar(64)	*
C	information_schema	views	algorithm	varchar(10)	*
C	mysql	columns_priv	host	char(255)	*
C	mysql	columns_priv	db	char(64)	*
C	mysql	columns_priv	user	char(128)	*
C	mysql	columns_priv	table_name	char(64)	*
C	mysql	columns_priv	column_name	char(64)	*
C	mysql	columns_priv	timestamp	timestamp	*
C	mysql	columns_priv	column_priv	set('Select','Insert','Update','References')	*
C	mysql	column_stats	db_name	varchar(64)	*
C	mysql	column_stats	table_name	varchar(64)	*
C	mysql	column_stats	column_name	varchar(64)	*
C	mysql	column_stats	min_value	varbinary(255)	*
C	mysql	column_stats	max_value	varbinary(255)	*
C	mysql	column_stats	nulls_ratio	decimal(12,4)	*
C	mysql	column_stats	avg_length	decimal(12,4)	*
C	mysql	column_stats	avg_frequency	decimal(12,4)	*
C	mysql	column_stats	hist_size	tinyint(3) unsigned	*
C	mysql	column_stats	hist_type	enum('SINGLE_PREC_HB','DOUBLE_PREC_HB','JSON_HB')	*
C	mysql	column_stats	histogram	longblob	*
C	mysql	db	host	char(255)	*
C	mysql	db	db	char(64)	*
C	mysql	db	user	char(128)	*
C	mysql	db	select_priv	enum('N','Y')	*
C	mysql	db	insert_priv	enum('N','Y')	*
C	mysql	db	update_priv	enum('N','Y')	*
C	mysql	db	delete_priv	enum('N','Y')	*
C	mysql	db	create_priv	enum('N','Y')	*
C	mysql	db	drop_priv	enum('N','Y')	*
C	mysql	db	grant_priv	enum('N','Y')	*
C	mysql	db	references_priv	enum('N','Y')	*
C	mysql	db	index_priv	enum('N','Y')	*
C	mysql	db	alter_priv	enum('N','Y')	*
C	mysql	db	create_tmp_table_priv	enum('N','Y')	*
C	mysql	db	lock_tables_priv	enum('N','Y')	*
C	mysql	db	create_view_priv	enum('N','Y')	*
C	mysql	db	show_view_priv	enum('N','Y')	*
C	mysql	db	create_routine_priv	enum('N','Y')	*
C	mysql	db	alter_routine_priv	enum('N','Y')	*
C	mysql	db	execute_priv	enum('N','Y')	*
C	mysql	db	event_priv	enum('N','Y')	*
C	mysql	db	trigger_priv	enum('N','Y')	*
C	mysql	db	delete_history_priv	enum('N','Y')	*
C	mysql	event	db	char(64)	*
C	mysql	event	name	char(64)	*
C	mysql	event	body	longblob	*
C	mysql	event	definer	varchar(384)	*
C	mysql	event	execute_at	datetime	*
C	mysql	event	interval_value	int(11)	*
C	mysql	event	interval_field	enum('YEAR','QUARTER','MONTH','DAY','HOUR','MINUTE','WEEK','SECOND','MICROSECOND','YEAR_MONTH','DAY_HOUR','DAY_MINUTE','DAY_SECOND','HOUR_MINUTE','HOUR_SECOND','MINUTE_SECOND','DAY_MICROSECOND','HOUR_MICROSECOND','MINUTE_MICROSECOND','SECOND_MICROSECOND')	*
C	mysql	event	created	timestamp	*
C	mysql	event	modified	timestamp	*
C	mysql	event	last_executed	datetime	*
C	mysql	event	starts	datetime	*
C	mysql	event	ends	datetime	*
C	mysql	event	status	enum('ENABLED','DISABLED','SLAVESIDE_DISABLED')	*
C	mysql	event	on_completion	enum('DROP','PRESERVE')	*
C	mysql	event	sql_mode	set('REAL_AS_FLOAT','PIPES_AS_CONCAT','ANSI_QUOTES','IGNORE_SPACE','IGNORE_BAD_TABLE_OPTIONS','ONLY_FULL_GROUP_BY','NO_UNSIGNED_SUBTRACTION','NO_DIR_IN_CREATE','POSTGRESQL','ORACLE','MSSQL','DB2','MAXDB','NO_KEY_OPTIONS','NO_TABLE_OPTIONS','NO_FIELD_OPTIONS','MYSQL323','MYSQL40','ANSI','NO_AUTO_VALUE_ON_ZERO','NO_BACKSLASH_ESCAPES','STRICT_TRANS_TABLES','STRICT_ALL_TABLES','NO_ZERO_IN_DATE','NO_ZERO_DATE','INVALID_DATES','ERROR_FOR_DIVISION_BY_ZERO','TRADITIONAL','NO_AUTO_CREATE_USER','HIGH_NOT_PRECEDENCE','NO_ENGINE_SUBSTITUTION','PAD_CHAR_TO_FULL_LENGTH','EMPTY_STRING_IS_NULL','SIMULTANEOUS_ASSIGNMENT','TIME_ROUND_FRACTIONAL')	*
C	mysql	event	comment	char(64)	*
C	mysql	event	originator	int(10) unsigned	*
C	mysql	event	time_zone	char(64)	*
C	mysql	event	character_set_client	char(32)	*
C	mysql	event	collation_connection	char(64)	*
C	mysql	event	db_collation	char(64)	*
C	mysql	event	body_utf8	longblob	*
C	mysql	func	name	char(64)	*
C	mysql	func	ret	tinyint(1)	*
C	mysql	func	dl	char(128)	*
C	mysql	func	type	enum('function','aggregate')	*
C	mysql	general_log	event_time	timestamp(6)	*
C	mysql	general_log	user_host	mediumtext	*
C	mysql	general_log	thread_id	bigint(21) unsigned	*
C	mysql	general_log	server_id	int(10) unsigned	*
C	mysql	general_log	command_type	varchar(64)	*
C	mysql	general_log	argument	mediumtext	*
C	mysql	global_priv	host	char(255)	*
C	mysql	global_priv	user	char(128)	*
C	mysql	global_priv	priv	longtext	*
C	mysql	gtid_slave_pos	domain_id	int(10) unsigned	*
C	mysql	gtid_slave_pos	sub_id	bigint(20) unsigned	*
C	mysql	gtid_slave_pos	server_id	int(10) unsigned	*
C	mysql	gtid_slave_pos	seq_no	bigint(20) unsigned	*
C	mysql	help_category	help_category_id	smallint(5) unsigned	*
C	mysql	help_category	name	char(64)	*
C	mysql	help_category	parent_category_id	smallint(5) unsigned	*
C	mysql	help_category	url	text	*
C	mysql	help_keyword	help_keyword_id	int(10) unsigned	*
C	mysql	help_keyword	name	char(64)	*
C	mysql	help_relation	help_topic_id	int(10) unsigned	*
C	mysql	help_relation	help_keyword_id	int(10) unsigned	*
C	mysql	help_topic	help_topic_id	int(10) unsigned	*
C	mysql	help_topic	name	char(64)	*
C	mysql	help_topic	help_category_id	smallint(5) unsigned	*
C	mysql	help_topic	description	text	*
C	mysql	help_topic	example	text	*
C	mysql	help_topic	url	text	*
C	mysql	index_stats	db_name	varchar(64)	*
C	mysql	index_stats	table_name	varchar(64)	*
C	mysql	index_stats	index_name	varchar(64)	*
C	mysql	index_stats	prefix_arity	int(11) unsigned	*
C	mysql	index_stats	avg_frequency	decimal(12,4)	*
C	mysql	innodb_index_stats	database_name	varchar(64)	*
C	mysql	innodb_index_stats	table_name	varchar(199)	*
C	mysql	innodb_index_stats	index_name	varchar(64)	*
C	mysql	innodb_index_stats	last_update	timestamp	*
C	mysql	innodb_index_stats	stat_name	varchar(64)	*
C	mysql	innodb_index_stats	stat_value	bigint(20) unsigned	*
C	mysql	innodb_index_stats	sample_size	bigint(20) unsigned	*
C	mysql	innodb_index_stats	stat_description	varchar(1024)	*
C	mysql	innodb_table_stats	database_name	varchar(64)	*
C	mysql	innodb_table_stats	table_name	varchar(199)	*
C	mysql	innodb_table_stats	last_update	timestamp	*
C	mysql	innodb_table_stats	n_rows	bigint(20) unsigned	*
C	mysql	innodb_table_stats	clustered_index_size	bigint(20) unsigned	*
C	mysql	innodb_table_stats	sum_of_other_index_sizes	bigint(20) unsigned	*
C	mysql	plugin	name	varchar(64)	*
C	mysql	plugin	dl	varchar(128)	*
C	mysql	proc	db	char(64)	*
C	mysql	proc	name	char(64)	*
C	mysql	proc	type	enum('FUNCTION','PROCEDURE','PACKAGE','PACKAGE BODY')	*
C	mysql	proc	specific_name	char(64)	*
C	mysql	proc	language	enum('SQL')	*
C	mysql	proc	sql_data_access	enum('CONTAINS_SQL','NO_SQL','READS_SQL_DATA','MODIFIES_SQL_DATA')	*
C	mysql	proc	is_deterministic	enum('YES','NO')	*
C	mysql	proc	security_type	enum('INVOKER','DEFINER')	*
C	mysql	proc	param_list	blob	*
C	mysql	proc	returns	longblob	*
C	mysql	proc	body	longblob	*
C	mysql	proc	definer	varchar(384)	*
C	mysql	proc	created	timestamp	*
C	mysql	proc	modified	timestamp	*
C	mysql	proc	sql_mode	set('REAL_AS_FLOAT','PIPES_AS_CONCAT','ANSI_QUOTES','IGNORE_SPACE','IGNORE_BAD_TABLE_OPTIONS','ONLY_FULL_GROUP_BY','NO_UNSIGNED_SUBTRACTION','NO_DIR_IN_CREATE','POSTGRESQL','ORACLE','MSSQL','DB2','MAXDB','NO_KEY_OPTIONS','NO_TABLE_OPTIONS','NO_FIELD_OPTIONS','MYSQL323','MYSQL40','ANSI','NO_AUTO_VALUE_ON_ZERO','NO_BACKSLASH_ESCAPES','STRICT_TRANS_TABLES','STRICT_ALL_TABLES','NO_ZERO_IN_DATE','NO_ZERO_DATE','INVALID_DATES','ERROR_FOR_DIVISION_BY_ZERO','TRADITIONAL','NO_AUTO_CREATE_USER','HIGH_NOT_PRECEDENCE','NO_ENGINE_SUBSTITUTION','PAD_CHAR_TO_FULL_LENGTH','EMPTY_STRING_IS_NULL','SIMULTANEOUS_ASSIGNMENT','TIME_ROUND_FRACTIONAL')	*
C	mysql	proc	comment	text	*
C	mysql	proc	character_set_client	char(32)	*
C	mysql	proc	collation_connection	char(64)	*
C	mysql	proc	db_collation	char(64)	*
C	mysql	proc	body_utf8	longblob	*
C	mysql	proc	aggregate	enum('NONE','GROUP')	*
C	mysql	procs_priv	host	char(255)	*
C	mysql	procs_priv	db	char(64)	*
C	mysql	procs_priv	user	char(128)	*
C	mysql	procs_priv	routine_name	char(64)	*
C	mysql	procs_priv	routine_type	enum('FUNCTION','PROCEDURE','PACKAGE','PACKAGE BODY')	*
C	mysql	procs_priv	grantor	varchar(384)	*
C	mysql	procs_priv	proc_priv	set('Execute','Alter Routine','Grant')	-11.0
C	mysql	procs_priv	timestamp	timestamp	*
C	mysql	proxies_priv	host	char(255)	*
C	mysql	proxies_priv	user	char(128)	*
C	mysql	proxies_priv	proxied_host	char(255)	*
C	mysql	proxies_priv	proxied_user	char(128)	*
C	mysql	proxies_priv	with_grant	tinyint(1)	*
C	mysql	proxies_priv	grantor	varchar(384)	*
C	mysql	proxies_priv	timestamp	timestamp	*
C	mysql	roles_mapping	host	char(255)	*
C	mysql	roles_mapping	user	char(128)	*
C	mysql	roles_mapping	role	char(128)	*
C	mysql	roles_mapping	admin_option	enum('N','Y')	*
C	mysql	servers	server_name	char(64)	*
C	mysql	servers	host	varchar(2048)	*
C	mysql	servers	db	char(64)	*
C	mysql	servers	username	char(128)	*
C	mysql	servers	password	char(64)	*
C	mysql	servers	port	int(4)	*
C	mysql	servers	socket	char(64)	-11.0
C	mysql	servers	wrapper	char(64)	*
C	mysql	servers	owner	varchar(512)	*
C	mysql	slow_log	start_time	timestamp(6)	*
C	mysql	slow_log	user_host	mediumtext	*
C	mysql	slow_log	query_time	time(6)	*
C	mysql	slow_log	lock_time	time(6)	*
C	mysql	slow_log	rows_sent	bigint(20) unsigned	*
C	mysql	slow_log	rows_examined	bigint(20) unsigned	*
C	mysql	slow_log	db	varchar(512)	*
C	mysql	slow_log	last_insert_id	int(11)	*
C	mysql	slow_log	insert_id	int(11)	*
C	mysql	slow_log	server_id	int(10) unsigned	*
C	mysql	slow_log	sql_text	mediumtext	*
C	mysql	slow_log	thread_id	bigint(21) unsigned	*
C	mysql	slow_log	rows_affected	bigint(20) unsigned	*
C	mysql	tables_priv	host	char(255)	*
C	mysql	tables_priv	db	char(64)	*
C	mysql	tables_priv	user	char(128)	*
C	mysql	tables_priv	table_name	char(64)	*
C	mysql	tables_priv	grantor	varchar(384)	*
C	mysql	tables_priv	timestamp	timestamp	*
C	mysql	tables_priv	table_priv	set('Select','Insert','Update','Delete','Create','Drop','Grant','References','Index','Alter','Create View','Show view','Trigger','Delete versioning rows')	*
C	mysql	tables_priv	column_priv	set('Select','Insert','Update','References')	*
C	mysql	table_stats	db_name	varchar(64)	*
C	mysql	table_stats	table_name	varchar(64)	*
C	mysql	table_stats	cardinality	bigint(21) unsigned	*
C	mysql	time_zone	time_zone_id	int(10) unsigned	*
C	mysql	time_zone	use_leap_seconds	enum('Y','N')	*
C	mysql	time_zone_leap_second	transition_time	bigint(20)	*
C	mysql	time_zone_leap_second	correction	int(11)	*
C	mysql	time_zone_name	name	char(64)	*
C	mysql	time_zone_name	time_zone_id	int(10) unsigned	*
C	mysql	time_zone_transition	time_zone_id	int(10) unsigned	*
C	mysql	time_zone_transition	transition_time	bigint(20)	*
C	mysql	time_zone_transition	transition_type_id	int(10) unsigned	*
C	mysql	time_zone_transition_type	time_zone_id	int(10) unsigned	*
C	mysql	time_zone_transition_type	transition_type_id	int(10) unsigned	*
C	mysql	time_zone_transition_type	offset	int(11)	*
C	mysql	time_zone_transition_type	is_dst	tinyint(3) unsigned	*
C	mysql	time_zone_transition_type	abbreviation	char(8)	*
C	mysql	transaction_registry	transaction_id	bigint(20) unsigned	*
C	mysql	transaction_registry	commit_id	bigint(20) unsigned	*
C	mysql	transaction_registry	begin_timestamp	timestamp(6)	*
C	mysql	transaction_registry	commit_timestamp	timestamp(6)	*
C	mysql	transaction_registry	isolation_level	enum('READ-UNCOMMITTED','READ-COMMITTED','REPEATABLE-READ','SERIALIZABLE')	*
C	mysql	user	host	char(255)	*
C	mysql	user	user	char(128)	*
C	mysql	user	password	longtext	*
C	mysql	user	select_priv	varchar(1)	*
C	mysql	user	insert_priv	varchar(1)	*
C	mysql	user	update_priv	varchar(1)	*
C	mysql	user	delete_priv	varchar(1)	*
C	mysql	user	create_priv	varchar(1)	*
C	mysql	user	drop_priv	varchar(1)	*
C	mysql	user	reload_priv	varchar(1)	*
C	mysql	user	shutdown_priv	varchar(1)	*
C	mysql	user	process_priv	varchar(1)	*
C	mysql	user	file_priv	varchar(1)	*
C	mysql	user	grant_priv	varchar(1)	*
C	mysql	user	references_priv	varchar(1)	*
C	mysql	user	index_priv	varchar(1)	*
C	mysql	user	alter_priv	varchar(1)	*
C	mysql	user	show_db_priv	varchar(1)	*
C	mysql	user	super_priv	varchar(1)	*
C	mysql	user	create_tmp_table_priv	varchar(1)	*
C	mysql	user	lock_tables_priv	varchar(1)	*
C	mysql	user	execute_priv	varchar(1)	*
C	mysql	user	repl_slave_priv	varchar(1)	*
C	mysql	user	repl_client_priv	varchar(1)	*
C	mysql	user	create_view_priv	varchar(1)	*
C	mysql	user	show_view_priv	varchar(1)	*
C	mysql	user	create_routine_priv	varchar(1)	*
C	mysql	user	alter_routine_priv	varchar(1)	*
C	mysql	user	create_user_priv	varchar(1)	*
C	mysql	user	event_priv	varchar(1)	*
C	mysql	user	trigger_priv	varchar(1)	*
C	mysql	user	create_tablespace_priv	varchar(1)	*
C	mysql	user	delete_history_priv	varchar(1)	*
C	mysql	user	ssl_type	varchar(9)	*
C	mysql	user	ssl_cipher	longtext	*
C	mysql	user	x509_issuer	longtext	*
C	mysql	user	x509_subject	longtext	*
C	mysql	user	max_questions	bigint(20) unsigned	*
C	mysql	user	max_updates	bigint(20) unsigned	*
C	mysql	user	max_connections	bigint(20) unsigned	*
C	mysql	user	max_user_connections	bigint(21)	*
C	mysql	user	plugin	longtext	*
C	mysql	user	authentication_string	longtext	*
C	mysql	user	password_expired	varchar(1)	*
C	mysql	user	is_role	varchar(1)	*
C	mysql	user	default_role	longtext	*
C	mysql	user	max_statement_time	decimal(12,6)	*
C	performance_schema	accounts	user	char(128)	*
C	performance_schema	accounts	host	char(255)	*
C	performance_schema	accounts	current_connections	bigint(20)	*
C	performance_schema	accounts	total_connections	bigint(20)	*
C	performance_schema	cond_instances	name	varchar(128)	*
C	performance_schema	cond_instances	object_instance_begin	bigint(20) unsigned	*
C	performance_schema	events_stages_current	thread_id	bigint(20) unsigned	*
C	performance_schema	events_stages_current	event_id	bigint(20) unsigned	*
C	performance_schema	events_stages_current	end_event_id	bigint(20) unsigned	*
C	performance_schema	events_stages_current	event_name	varchar(128)	*
C	performance_schema	events_stages_current	source	varchar(64)	*
C	performance_schema	events_stages_current	timer_start	bigint(20) unsigned	*
C	performance_schema	events_stages_current	timer_end	bigint(20) unsigned	*
C	performance_schema	events_stages_current	timer_wait	bigint(20) unsigned	*
C	performance_schema	events_stages_current	work_completed	bigint(20) unsigned	*
C	performance_schema	events_stages_current	work_estimated	bigint(20) unsigned	*
C	performance_schema	events_stages_current	nesting_event_id	bigint(20) unsigned	*
C	performance_schema	events_stages_current	nesting_event_type	enum('TRANSACTION','STATEMENT','STAGE','WAIT')	*
C	performance_schema	events_stages_history	thread_id	bigint(20) unsigned	*
C	performance_schema	events_stages_history	event_id	bigint(20) unsigned	*
C	performance_schema	events_stages_history	end_event_id	bigint(20) unsigned	*
C	performance_schema	events_stages_history	event_name	varchar(128)	*
C	performance_schema	events_stages_history	source	varchar(64)	*
C	performance_schema	events_stages_history	timer_start	bigint(20) unsigned	*
C	performance_schema	events_stages_history	timer_end	bigint(20) unsigned	*
C	performance_schema	events_stages_history	timer_wait	bigint(20) unsigned	*
C	performance_schema	events_stages_history	work_completed	bigint(20) unsigned	*
C	performance_schema	events_stages_history	work_estimated	bigint(20) unsigned	*
C	performance_schema	events_stages_history	nesting_event_id	bigint(20) unsigned	*
C	performance_schema	events_stages_history	nesting_event_type	enum('TRANSACTION','STATEMENT','STAGE','WAIT')	*
C	performance_schema	events_stages_history_long	thread_id	bigint(20) unsigned	*
C	performance_schema	events_stages_history_long	event_id	bigint(20) unsigned	*
C	performance_schema	events_stages_history_long	end_event_id	bigint(20) unsigned	*
C	performance_schema	events_stages_history_long	event_name	varchar(128)	*
C	performance_schema	events_stages_history_long	source	varchar(64)	*
C	performance_schema	events_stages_history_long	timer_start	bigint(20) unsigned	*
C	performance_schema	events_stages_history_long	timer_end	bigint(20) unsigned	*
C	performance_schema	events_stages_history_long	timer_wait	bigint(20) unsigned	*
C	performance_schema	events_stages_history_long	work_completed	bigint(20) unsigned	*
C	performance_schema	events_stages_history_long	work_estimated	bigint(20) unsigned	*
C	performance_schema	events_stages_history_long	nesting_event_id	bigint(20) unsigned	*
C	performance_schema	events_stages_history_long	nesting_event_type	enum('TRANSACTION','STATEMENT','STAGE','WAIT')	*
C	performance_schema	events_stages_summary_by_account_by_event_name	user	char(128)	*
C	performance_schema	events_stages_summary_by_account_by_event_name	host	char(255)	*
C	performance_schema	events_stages_summary_by_account_by_event_name	event_name	varchar(128)	*
C	performance_schema	events_stages_summary_by_account_by_event_name	count_star	bigint(20) unsigned	*
C	performance_schema	events_stages_summary_by_account_by_event_name	sum_timer_wait	bigint(20) unsigned	*
C	performance_schema	events_stages_summary_by_account_by_event_name	min_timer_wait	bigint(20) unsigned	*
C	performance_schema	events_stages_summary_by_account_by_event_name	avg_timer_wait	bigint(20) unsigned	*
C	performance_schema	events_stages_summary_by_account_by_event_name	max_timer_wait	bigint(20) unsigned	*
C	performance_schema	events_stages_summary_by_host_by_event_name	host	char(255)	*
C	performance_schema	events_stages_summary_by_host_by_event_name	event_name	varchar(128)	*
C	performance_schema	events_stages_summary_by_host_by_event_name	count_star	bigint(20) unsigned	*
C	performance_schema	events_stages_summary_by_host_by_event_name	sum_timer_wait	bigint(20) unsigned	*
C	performance_schema	events_stages_summary_by_host_by_event_name	min_timer_wait	bigint(20) unsigned	*
C	performance_schema	events_stages_summary_by_host_by_event_name	avg_timer_wait	bigint(20) unsigned	*
C	performance_schema	events_stages_summary_by_host_by_event_name	max_timer_wait	bigint(20) unsigned	*
C	performance_schema	events_stages_summary_by_thread_by_event_name	thread_id	bigint(20) unsigned	*
C	performance_schema	events_stages_summary_by_thread_by_event_name	event_name	varchar(128)	*
C	performance_schema	events_stages_summary_by_thread_by_event_name	count_star	bigint(20) unsigned	*
C	performance_schema	events_stages_summary_by_thread_by_event_name	sum_timer_wait	bigint(20) unsigned	*
C	performance_schema	events_stages_summary_by_thread_by_event_name	min_timer_wait	bigint(20) unsigned	*
C	performance_schema	events_stages_summary_by_thread_by_event_name	avg_timer_wait	bigint(20) unsigned	*
C	performance_schema	events_stages_summary_by_thread_by_event_name	max_timer_wait	bigint(20) unsigned	*
C	performance_schema	events_stages_summary_by_user_by_event_name	user	char(128)	*
C	performance_schema	events_stages_summary_by_user_by_event_name	event_name	varchar(128)	*
C	performance_schema	events_stages_summary_by_user_by_event_name	count_star	bigint(20) unsigned	*
C	performance_schema	events_stages_summary_by_user_by_event_name	sum_timer_wait	bigint(20) unsigned	*
C	performance_schema	events_stages_summary_by_user_by_event_name	min_timer_wait	bigint(20) unsigned	*
C	performance_schema	events_stages_summary_by_user_by_event_name	avg_timer_wait	bigint(20) unsigned	*
C	performance_schema	events_stages_summary_by_user_by_event_name	max_timer_wait	bigint(20) unsigned	*
C	performance_schema	events_stages_summary_global_by_event_name	event_name	varchar(128)	*
C	performance_schema	events_stages_summary_global_by_event_name	count_star	bigint(20) unsigned	*
C	performance_schema	events_stages_summary_global_by_event_name	sum_timer_wait	bigint(20) unsigned	*
C	performance_schema	events_stages_summary_global_by_event_name	min_timer_wait	bigint(20) unsigned	*
C	performance_schema	events_stages_summary_global_by_event_name	avg_timer_wait	bigint(20) unsigned	*
C	performance_schema	events_stages_summary_global_by_event_name	max_timer_wait	bigint(20) unsigned	*
C	performance_schema	events_statements_current	thread_id	bigint(20) unsigned	*
C	performance_schema	events_statements_current	event_id	bigint(20) unsigned	*
C	performance_schema	events_statements_current	end_event_id	bigint(20) unsigned	*
C	performance_schema	events_statements_current	event_name	varchar(128)	*
C	performance_schema	events_statements_current	source	varchar(64)	*
C	performance_schema	events_statements_current	timer_start	bigint(20) unsigned	*
C	performance_schema	events_statements_current	timer_end	bigint(20) unsigned	*
C	performance_schema	events_statements_current	timer_wait	bigint(20) unsigned	*
C	performance_schema	events_statements_current	lock_time	bigint(20) unsigned	*
C	performance_schema	events_statements_current	sql_text	longtext	*
C	performance_schema	events_statements_current	digest	varchar(32)	*
C	performance_schema	events_statements_current	digest_text	longtext	*
C	performance_schema	events_statements_current	current_schema	varchar(64)	*
C	performance_schema	events_statements_current	object_type	varchar(64)	*
C	performance_schema	events_statements_current	object_schema	varchar(64)	*
C	performance_schema	events_statements_current	object_name	varchar(64)	*
C	performance_schema	events_statements_current	object_instance_begin	bigint(20) unsigned	*
C	performance_schema	events_statements_current	mysql_errno	int(11)	*
C	performance_schema	events_statements_current	returned_sqlstate	varchar(5)	*
C	performance_schema	events_statements_current	message_text	varchar(128)	*
C	performance_schema	events_statements_current	errors	bigint(20) unsigned	*
C	performance_schema	events_statements_current	warnings	bigint(20) unsigned	*
C	performance_schema	events_statements_current	rows_affected	bigint(20) unsigned	*
C	performance_schema	events_statements_current	rows_sent	bigint(20) unsigned	*
C	performance_schema	events_statements_current	rows_examined	bigint(20) unsigned	*
C	performance_schema	events_statements_current	created_tmp_disk_tables	bigint(20) unsigned	*
C	performance_schema	events_statements_current	created_tmp_tables	bigint(20) unsigned	*
C	performance_schema	events_statements_current	select_full_join	bigint(20) unsigned	*
C	performance_schema	events_statements_current	select_full_range_join	bigint(20) unsigned	*
C	performance_schema	events_statements_current	select_range	bigint(20) unsigned	*
C	performance_schema	events_statements_current	select_range_check	bigint(20) unsigned	*
C	performance_schema	events_statements_current	select_scan	bigint(20) unsigned	*
C	performance_schema	events_statements_current	sort_merge_passes	bigint(20) unsigned	*
C	performance_schema	events_statements_current	sort_range	bigint(20) unsigned	*
C	performance_schema	events_statements_current	sort_rows	bigint(20) unsigned	*
C	performance_schema	events_statements_current	sort_scan	bigint(20) unsigned	*
C	performance_schema	events_statements_current	no_index_used	bigint(20) unsigned	*
C	performance_schema	events_statements_current	no_good_index_used	bigint(20) unsigned	*
C	performance_schema	events_statements_current	nesting_event_id	bigint(20) unsigned	*
C	performance_schema	events_statements_current	nesting_event_type	enum('TRANSACTION','STATEMENT','STAGE','WAIT')	*
C	performance_schema	events_statements_current	nesting_event_level	int(11)	*
C	performance_schema	events_statements_history	thread_id	bigint(20) unsigned	*
C	performance_schema	events_statements_history	event_id	bigint(20) unsigned	*
C	performance_schema	events_statements_history	end_event_id	bigint(20) unsigned	*
C	performance_schema	events_statements_history	event_name	varchar(128)	*
C	performance_schema	events_statements_history	source	varchar(64)	*
C	performance_schema	events_statements_history	timer_start	bigint(20) unsigned	*
C	performance_schema	events_statements_history	timer_end	bigint(20) unsigned	*
C	performance_schema	events_statements_history	timer_wait	bigint(20) unsigned	*
C	performance_schema	events_statements_history	lock_time	bigint(20) unsigned	*
C	performance_schema	events_statements_history	sql_text	longtext	*
C	performance_schema	events_statements_history	digest	varchar(32)	*
C	performance_schema	events_statements_history	digest_text	longtext	*
C	performance_schema	events_statements_history	current_schema	varchar(64)	*
C	performance_schema	events_statements_history	object_type	varchar(64)	*
C	performance_schema	events_statements_history	object_schema	varchar(64)	*
C	performance_schema	events_statements_history	object_name	varchar(64)	*
C	performance_schema	events_statements_history	object_instance_begin	bigint(20) unsigned	*
C	performance_schema	events_statements_history	mysql_errno	int(11)	*
C	performance_schema	events_statements_history	returned_sqlstate	varchar(5)	*
C	performance_schema	events_statements_history	message_text	varchar(128)	*
C	performance_schema	events_statements_history	errors	bigint(20) unsigned	*
C	performance_schema	events_statements_history	warnings	bigint(20) unsigned	*
C	performance_schema	events_statements_history	rows_affected	bigint(20) unsigned	*
C	performance_schema	events_statements_history	rows_sent	bigint(20) unsigned	*
C	performance_schema	events_statements_history	rows_examined	bigint(20) unsigned	*
C	performance_schema	events_statements_history	created_tmp_disk_tables	bigint(20) unsigned	*
C	performance_schema	events_statements_history	created_tmp_tables	bigint(20) unsigned	*
C	performance_schema	events_statements_history	select_full_join	bigint(20) unsigned	*
C	performance_schema	events_statements_history	select_full_range_join	bigint(20) unsigned	*
C	performance_schema	events_statements_history	select_range	bigint(20) unsigned	*
C	performance_schema	events_statements_history	select_range_check	bigint(20) unsigned	*
C	performance_schema	events_statements_history	select_scan	bigint(20) unsigned	*
C	performance_schema	events_statements_history	sort_merge_passes	bigint(20) unsigned	*
C	performance_schema	events_statements_history	sort_range	bigint(20) unsigned	*
C	performance_schema	events_statements_history	sort_rows	bigint(20) unsigned	*
C	performance_schema	events_statements_history	sort_scan	bigint(20) unsigned	*
C	performance_schema	events_statements_history	no_index_used	bigint(20) unsigned	*
C	performance_schema	events_statements_history	no_good_index_used	bigint(20) unsigned	*
C	performance_schema	events_statements_history	nesting_event_id	bigint(20) unsigned	*
C	performance_schema	events_statements_history	nesting_event_type	enum('TRANSACTION','STATEMENT','STAGE','WAIT')	*
C	performance_schema	events_statements_history	nesting_event_level	int(11)	*
C	performance_schema	events_statements_history_long	thread_id	bigint(20) unsigned	*
C	performance_schema	events_statements_history_long	event_id	bigint(20) unsigned	*
C	performance_schema	events_statements_history_long	end_event_id	bigint(20) unsigned	*
C	performance_schema	events_statements_history_long	event_name	varchar(128)	*
C	performance_schema	events_statements_history_long	source	varchar(64)	*
C	performance_schema	events_statements_history_long	timer_start	bigint(20) unsigned	*
C	performance_schema	events_statements_history_long	timer_end	bigint(20) unsigned	*
C	performance_schema	events_statements_history_long	timer_wait	bigint(20) unsigned	*
C	performance_schema	events_statements_history_long	lock_time	bigint(20) unsigned	*
C	performance_schema	events_statements_history_long	sql_text	longtext	*
C	performance_schema	events_statements_history_long	digest	varchar(32)	*
C	performance_schema	events_statements_history_long	digest_text	longtext	*
C	performance_schema	events_statements_history_long	current_schema	varchar(64)	*
C	performance_schema	events_statements_history_long	object_type	varchar(64)	*
C	performance_schema	events_statements_history_long	object_schema	varchar(64)	*
C	performance_schema	events_statements_history_long	object_name	varchar(64)	*
C	performance_schema	events_statements_history_long	object_instance_begin	bigint(20) unsigned	*
C	performance_schema	events_statements_history_long	mysql_errno	int(11)	*
C	performance_schema	events_statements_history_long	returned_sqlstate	varchar(5)	*
C	performance_schema	events_statements_history_long	message_text	varchar(128)	*
C	performance_schema	events_statements_history_long	errors	bigint(20) unsigned	*
C	performance_schema	events_statements_history_long	warnings	bigint(20) unsigned	*
C	performance_schema	events_statements_history_long	rows_affected	bigint(20) unsigned	*
C	performance_schema	events_statements_history_long	rows_sent	bigint(20) unsigned	*
C	performance_schema	events_statements_history_long	rows_examined	bigint(20) unsigned	*
C	performance_schema	events_statements_history_long	created_tmp_disk_tables	bigint(20) unsigned	*
C	performance_schema	events_statements_history_long	created_tmp_tables	bigint(20) unsigned	*
C	performance_schema	events_statements_history_long	select_full_join	bigint(20) unsigned	*
C	performance_schema	events_statements_history_long	select_full_range_join	bigint(20) unsigned	*
C	performance_schema	events_statements_history_long	select_range	bigint(20) unsigned	*
C	performance_schema	events_statements_history_long	select_range_check	bigint(20) unsigned	*
C	performance_schema	events_statements_history_long	select_scan	bigint(20) unsigned	*
C	performance_schema	events_statements_history_long	sort_merge_passes	bigint(20) unsigned	*
C	performance_schema	events_statements_history_long	sort_range	bigint(20) unsigned	*
C	performance_schema	events_statements_history_long	sort_rows	bigint(20) unsigned	*
C	performance_schema	events_statements_history_long	sort_scan	bigint(20) unsigned	*
C	performance_schema	events_statements_history_long	no_index_used	bigint(20) unsigned	*
C	performance_schema	events_statements_history_long	no_good_index_used	bigint(20) unsigned	*
C	performance_schema	events_statements_history_long	nesting_event_id	bigint(20) unsigned	*
C	performance_schema	events_statements_history_long	nesting_event_type	enum('TRANSACTION','STATEMENT','STAGE','WAIT')	*
C	performance_schema	events_statements_history_long	nesting_event_level	int(11)	*
C	performance_schema	events_statements_summary_by_account_by_event_name	user	char(128)	*
C	performance_schema	events_statements_summary_by_account_by_event_name	host	char(255)	*
C	performance_schema	events_statements_summary_by_account_by_event_name	event_name	varchar(128)	*
C	performance_schema	events_statements_summary_by_account_by_event_name	count_star	bigint(20) unsigned	*
C	performance_schema	events_statements_summary_by_account_by_event_name	sum_timer_wait	bigint(20) unsigned	*
C	performance_schema	events_statements_summary_by_account_by_event_name	min_timer_wait	bigint(20) unsigned	*
C	performance_schema	events_statements_summary_by_account_by_event_name	avg_timer_wait	bigint(20) unsigned	*
C	performance_schema	events_statements_summary_by_account_by_event_name	max_timer_wait	bigint(20) unsigned	*
C	performance_schema	events_statements_summary_by_account_by_event_name	sum_lock_time	bigint(20) unsigned	*
C	performance_schema	events_statements_summary_by_account_by_event_name	sum_errors	bigint(20) unsigned	*
C	performance_schema	events_statements_summary_by_account_by_event_name	sum_warnings	bigint(20) unsigned	*
C	performance_schema	events_statements_summary_by_account_by_event_name	sum_rows_affected	bigint(20) unsigned	*
C	performance_schema	events_statements_summary_by_account_by_event_name	sum_rows_sent	bigint(20) unsigned	*
C	performance_schema	events_statements_summary_by_account_by_event_name	sum_rows_examined	bigint(20) unsigned	*
C	performance_schema	events_statements_summary_by_account_by_event_name	sum_created_tmp_disk_tables	bigint(20) unsigned	*
C	performance_schema	events_statements_summary_by_account_by_event_name	sum_created_tmp_tables	bigint(20) unsigned	*
C	performance_schema	events_statements_summary_by_account_by_event_name	sum_select_full_join	bigint(20) unsigned	*
C	performance_schema	events_statements_summary_by_account_by_event_name	sum_select_full_range_join	bigint(20) unsigned	*
C	performance_schema	events_statements_summary_by_account_by_event_name	sum_select_range	bigint(20) unsigned	*
C	performance_schema	events_statements_summary_by_account_by_event_name	sum_select_range_check	bigint(20) unsigned	*
C	performance_schema	events_statements_summary_by_account_by_event_name	sum_select_scan	bigint(20) unsigned	*
C	performance_schema	events_statements_summary_by_account_by_event_name	sum_sort_merge_passes	bigint(20) unsigned	*
C	performance_schema	events_statements_summary_by_account_by_event_name	sum_sort_range	bigint(20) unsigned	*
C	performance_schema	events_statements_summary_by_account_by_event_name	sum_sort_rows	bigint(20) unsigned	*
C	performance_schema	events_statements_summary_by_account_by_event_name	sum_sort_scan	bigint(20) unsigned	*
C	performance_schema	events_statements_summary_by_account_by_event_name	sum_no_index_used	bigint(20) unsigned	*
C	performance_schema	events_statements_summary_by_account_by_event_name	sum_no_good_index_used	bigint(20) unsigned	*
C	performance_schema	events_statements_summary_by_digest	schema_name	varchar(64)	*
C	performance_schema	events_statements_summary_by_digest	digest	varchar(32)	*
C	performance_schema	events_statements_summary_by_digest	digest_text	longtext	*
C	performance_schema	events_statements_summary_by_digest	count_star	bigint(20) unsigned	*
C	performance_schema	events_statements_summary_by_digest	sum_timer_wait	bigint(20) unsigned	*
C	performance_schema	events_statements_summary_by_digest	min_timer_wait	bigint(20) unsigned	*
C	performance_schema	events_statements_summary_by_digest	avg_timer_wait	bigint(20) unsigned	*
C	performance_schema	events_statements_summary_by_digest	max_timer_wait	bigint(20) unsigned	*
C	performance_schema	events_statements_summary_by_digest	sum_lock_time	bigint(20) unsigned	*
C	performance_schema	events_statements_summary_by_digest	sum_errors	bigint(20) unsigned	*
C	performance_schema	events_statements_summary_by_digest	sum_warnings	bigint(20) unsigned	*
C	performance_schema	events_statements_summary_by_digest	sum_rows_affected	bigint(20) unsigned	*
C	performance_schema	events_statements_summary_by_digest	sum_rows_sent	bigint(20) unsigned	*
C	performance_schema	events_statements_summary_by_digest	sum_rows_examined	bigint(20) unsigned	*
C	performance_schema	events_statements_summary_by_digest	sum_created_tmp_disk_tables	bigint(20) unsigned	*
C	performance_schema	events_statements_summary_by_digest	sum_created_tmp_tables	bigint(20) unsigned	*
C	performance_schema	events_statements_summary_by_digest	sum_select_full_join	bigint(20) unsigned	*
C	performance_schema	events_statements_summary_by_digest	sum_select_full_range_join	bigint(20) unsigned	*
C	performance_schema	events_statements_summary_by_digest	sum_select_range	bigint(20) unsigned	*
C	performance_schema	events_statements_summary_by_digest	sum_select_range_check	bigint(20) unsigned	*
C	performance_schema	events_statements_summary_by_digest	sum_select_scan	bigint(20) unsigned	*
C	performance_schema	events_statements_summary_by_digest	sum_sort_merge_passes	bigint(20) unsigned	*
C	performance_schema	events_statements_summary_by_digest	sum_sort_range	bigint(20) unsigned	*
C	performance_schema	events_statements_summary_by_digest	sum_sort_rows	bigint(20) unsigned	*
C	performance_schema	events_statements_summary_by_digest	sum_sort_scan	bigint(20) unsigned	*
C	performance_schema	events_statements_summary_by_digest	sum_no_index_used	bigint(20) unsigned	*
C	performance_schema	events_statements_summary_by_digest	sum_no_good_index_used	bigint(20) unsigned	*
C	performance_schema	events_statements_summary_by_digest	first_seen	timestamp	*
C	performance_schema	events_statements_summary_by_digest	last_seen	timestamp	*
C	performance_schema	events_statements_summary_by_host_by_event_name	host	char(255)	*
C	performance_schema	events_statements_summary_by_host_by_event_name	event_name	varchar(128)	*
C	performance_schema	events_statements_summary_by_host_by_event_name	count_star	bigint(20) unsigned	*
C	performance_schema	events_statements_summary_by_host_by_event_name	sum_timer_wait	bigint(20) unsigned	*
C	performance_schema	events_statements_summary_by_host_by_event_name	min_timer_wait	bigint(20) unsigned	*
C	performance_schema	events_statements_summary_by_host_by_event_name	avg_timer_wait	bigint(20) unsigned	*
C	performance_schema	events_statements_summary_by_host_by_event_name	max_timer_wait	bigint(20) unsigned	*
C	performance_schema	events_statements_summary_by_host_by_event_name	sum_lock_time	bigint(20) unsigned	*
C	performance_schema	events_statements_summary_by_host_by_event_name	sum_errors	bigint(20) unsigned	*
C	performance_schema	events_statements_summary_by_host_by_event_name	sum_warnings	bigint(20) unsigned	*
C	performance_schema	events_statements_summary_by_host_by_event_name	sum_rows_affected	bigint(20) unsigned	*
C	performance_schema	events_statements_summary_by_host_by_event_name	sum_rows_sent	bigint(20) unsigned	*
C	performance_schema	events_statements_summary_by_host_by_event_name	sum_rows_examined	bigint(20) unsigned	*
C	performance_schema	events_statements_summary_by_host_by_event_name	sum_created_tmp_disk_tables	bigint(20) unsigned	*
C	performance_schema	events_statements_summary_by_host_by_event_name	sum_created_tmp_tables	bigint(20) unsigned	*
C	performance_schema	events_statements_summary_by_host_by_event_name	sum_select_full_join	bigint(20) unsigned	*
C	performance_schema	events_statements_summary_by_host_by_event_name	sum_select_full_range_join	bigint(20) unsigned	*
C	performance_schema	events_statements_summary_by_host_by_event_name	sum_select_range	bigint(20) unsigned	*
C	performance_schema	events_statements_summary_by_host_by_event_name	sum_select_range_check	bigint(20) unsigned	*
C	performance_schema	events_statements_summary_by_host_by_event_name	sum_select_scan	bigint(20) unsigned	*
C	performance_schema	events_statements_summary_by_host_by_event_name	sum_sort_merge_passes	bigint(20) unsigned	*
C	performance_schema	events_statements_summary_by_host_by_event_name	sum_sort_range	bigint(20) unsigned	*
C	performance_schema	events_statements_summary_by_host_by_event_name	sum_sort_rows	bigint(20) unsigned	*
C	performance_schema	events_statements_summary_by_host_by_event_name	sum_sort_scan	bigint(20) unsigned	*
C	performance_schema	events_statements_summary_by_host_by_event_name	sum_no_index_used	bigint(20) unsigned	*
C	performance_schema	events_statements_summary_by_host_by_event_name	sum_no_good_index_used	bigint(20) unsigned	*
C	performance_schema	events_statements_summary_by_program	object_type	enum('EVENT','FUNCTION','PROCEDURE','TABLE','TRIGGER')	*
C	performance_schema	events_statements_summary_by_program	object_schema	varchar(64)	*
C	performance_schema	events_statements_summary_by_program	object_name	varchar(64)	*
C	performance_schema	events_statements_summary_by_program	count_star	bigint(20) unsigned	*
C	performance_schema	events_statements_summary_by_program	sum_timer_wait	bigint(20) unsigned	*
C	performance_schema	events_statements_summary_by_program	min_timer_wait	bigint(20) unsigned	*
C	performance_schema	events_statements_summary_by_program	avg_timer_wait	bigint(20) unsigned	*
C	performance_schema	events_statements_summary_by_program	max_timer_wait	bigint(20) unsigned	*
C	performance_schema	events_statements_summary_by_program	count_statements	bigint(20) unsigned	*
C	performance_schema	events_statements_summary_by_program	sum_statements_wait	bigint(20) unsigned	*
C	performance_schema	events_statements_summary_by_program	min_statements_wait	bigint(20) unsigned	*
C	performance_schema	events_statements_summary_by_program	avg_statements_wait	bigint(20) unsigned	*
C	performance_schema	events_statements_summary_by_program	max_statements_wait	bigint(20) unsigned	*
C	performance_schema	events_statements_summary_by_program	sum_lock_time	bigint(20) unsigned	*
C	performance_schema	events_statements_summary_by_program	sum_errors	bigint(20) unsigned	*
C	performance_schema	events_statements_summary_by_program	sum_warnings	bigint(20) unsigned	*
C	performance_schema	events_statements_summary_by_program	sum_rows_affected	bigint(20) unsigned	*
C	performance_schema	events_statements_summary_by_program	sum_rows_sent	bigint(20) unsigned	*
C	performance_schema	events_statements_summary_by_program	sum_rows_examined	bigint(20) unsigned	*
C	performance_schema	events_statements_summary_by_program	sum_created_tmp_disk_tables	bigint(20) unsigned	*
C	performance_schema	events_statements_summary_by_program	sum_created_tmp_tables	bigint(20) unsigned	*
C	performance_schema	events_statements_summary_by_program	sum_select_full_join	bigint(20) unsigned	*
C	performance_schema	events_statements_summary_by_program	sum_select_full_range_join	bigint(20) unsigned	*
C	performance_schema	events_statements_summary_by_program	sum_select_range	bigint(20) unsigned	*
C	performance_schema	events_statements_summary_by_program	sum_select_range_check	bigint(20) unsigned	*
C	performance_schema	events_statements_summary_by_program	sum_select_scan	bigint(20) unsigned	*
C	performance_schema	events_statements_summary_by_program	sum_sort_merge_passes	bigint(20) unsigned	*
C	performance_schema	events_statements_summary_by_program	sum_sort_range	bigint(20) unsigned	*
C	performance_schema	events_statements_summary_by_program	sum_sort_rows	bigint(20) unsigned	*
C	performance_schema	events_statements_summary_by_program	sum_sort_scan	bigint(20) unsigned	*
C	performance_schema	events_statements_summary_by_program	sum_no_index_used	bigint(20) unsigned	*
C	performance_schema	events_statements_summary_by_program	sum_no_good_index_used	bigint(20) unsigned	*
C	performance_schema	events_statements_summary_by_thread_by_event_name	thread_id	bigint(20) unsigned	*
C	performance_schema	events_statements_summary_by_thread_by_event_name	event_name	varchar(128)	*
C	performance_schema	events_statements_summary_by_thread_by_event_name	count_star	bigint(20) unsigned	*
C	performance_schema	events_statements_summary_by_thread_by_event_name	sum_timer_wait	bigint(20) unsigned	*
C	performance_schema	events_statements_summary_by_thread_by_event_name	min_timer_wait	bigint(20) unsigned	*
C	performance_schema	events_statements_summary_by_thread_by_event_name	avg_timer_wait	bigint(20) unsigned	*
C	performance_schema	events_statements_summary_by_thread_by_event_name	max_timer_wait	bigint(20) unsigned	*
C	performance_schema	events_statements_summary_by_thread_by_event_name	sum_lock_time	bigint(20) unsigned	*
C	performance_schema	events_statements_summary_by_thread_by_event_name	sum_errors	bigint(20) unsigned	*
C	performance_schema	events_statements_summary_by_thread_by_event_name	sum_warnings	bigint(20) unsigned	*
C	performance_schema	events_statements_summary_by_thread_by_event_name	sum_rows_affected	bigint(20) unsigned	*
C	performance_schema	events_statements_summary_by_thread_by_event_name	sum_rows_sent	bigint(20) unsigned	*
C	performance_schema	events_statements_summary_by_thread_by_event_name	sum_rows_examined	bigint(20) unsigned	*
C	performance_schema	events_statements_summary_by_thread_by_event_name	sum_created_tmp_disk_tables	bigint(20) unsigned	*
C	performance_schema	events_statements_summary_by_thread_by_event_name	sum_created_tmp_tables	bigint(20) unsigned	*
C	performance_schema	events_statements_summary_by_thread_by_event_name	sum_select_full_join	bigint(20) unsigned	*
C	performance_schema	events_statements_summary_by_thread_by_event_name	sum_select_full_range_join	bigint(20) unsigned	*
C	performance_schema	events_statements_summary_by_thread_by_event_name	sum_select_range	bigint(20) unsigned	*
C	performance_schema	events_statements_summary_by_thread_by_event_name	sum_select_range_check	bigint(20) unsigned	*
C	performance_schema	events_statements_summary_by_thread_by_event_name	sum_select_scan	bigint(20) unsigned	*
C	performance_schema	events_statements_summary_by_thread_by_event_name	sum_sort_merge_passes	bigint(20) unsigned	*
C	performance_schema	events_statements_summary_by_thread_by_event_name	sum_sort_range	bigint(20) unsigned	*
C	performance_schema	events_statements_summary_by_thread_by_event_name	sum_sort_rows	bigint(20) unsigned	*
C	performance_schema	events_statements_summary_by_thread_by_event_name	sum_sort_scan	bigint(20) unsigned	*
C	performance_schema	events_statements_summary_by_thread_by_event_name	sum_no_index_used	bigint(20) unsigned	*
C	performance_schema	events_statements_summary_by_thread_by_event_name	sum_no_good_index_used	bigint(20) unsigned	*
C	performance_schema	events_statements_summary_by_user_by_event_name	user	char(128)	*
C	performance_schema	events_statements_summary_by_user_by_event_name	event_name	varchar(128)	*
C	performance_schema	events_statements_summary_by_user_by_event_name	count_star	bigint(20) unsigned	*
C	performance_schema	events_statements_summary_by_user_by_event_name	sum_timer_wait	bigint(20) unsigned	*
C	performance_schema	events_statements_summary_by_user_by_event_name	min_timer_wait	bigint(20) unsigned	*
C	performance_schema	events_statements_summary_by_user_by_event_name	avg_timer_wait	bigint(20) unsigned	*
C	performance_schema	events_statements_summary_by_user_by_event_name	max_timer_wait	bigint(20) unsigned	*
C	performance_schema	events_statements_summary_by_user_by_event_name	sum_lock_time	bigint(20) unsigned	*
C	performance_schema	events_statements_summary_by_user_by_event_name	sum_errors	bigint(20) unsigned	*
C	performance_schema	events_statements_summary_by_user_by_event_name	sum_warnings	bigint(20) unsigned	*
C	performance_schema	events_statements_summary_by_user_by_event_name	sum_rows_affected	bigint(20) unsigned	*
C	performance_schema	events_statements_summary_by_user_by_event_name	sum_rows_sent	bigint(20) unsigned	*
C	performance_schema	events_statements_summary_by_user_by_event_name	sum_rows_examined	bigint(20) unsigned	*
C	performance_schema	events_statements_summary_by_user_by_event_name	sum_created_tmp_disk_tables	bigint(20) unsigned	*
C	performance_schema	events_statements_summary_by_user_by_event_name	sum_created_tmp_tables	bigint(20) unsigned	*
C	performance_schema	events_statements_summary_by_user_by_event_name	sum_select_full_join	bigint(20) unsigned	*
C	performance_schema	events_statements_summary_by_user_by_event_name	sum_select_full_range_join	bigint(20) unsigned	*
C	performance_schema	events_statements_summary_by_user_by_event_name	sum_select_range	bigint(20) unsigned	*
C	performance_schema	events_statements_summary_by_user_by_event_name	sum_select_range_check	bigint(20) unsigned	*
C	performance_schema	events_statements_summary_by_user_by_event_name	sum_select_scan	bigint(20) unsigned	*
C	performance_schema	events_statements_summary_by_user_by_event_name	sum_sort_merge_passes	bigint(20) unsigned	*
C	performance_schema	events_statements_summary_by_user_by_event_name	sum_sort_range	bigint(20) unsigned	*
C	performance_schema	events_statements_summary_by_user_by_event_name	sum_sort_rows	bigint(20) unsigned	*
C	performance_schema	events_statements_summary_by_user_by_event_name	sum_sort_scan	bigint(20) unsigned	*
C	performance_schema	events_statements_summary_by_user_by_event_name	sum_no_index_used	bigint(20) unsigned	*
C	performance_schema	events_statements_summary_by_user_by_event_name	sum_no_good_index_used	bigint(20) unsigned	*
C	performance_schema	events_statements_summary_global_by_event_name	event_name	varchar(128)	*
C	performance_schema	events_statements_summary_global_by_event_name	count_star	bigint(20) unsigned	*
C	performance_schema	events_statements_summary_global_by_event_name	sum_timer_wait	bigint(20) unsigned	*
C	performance_schema	events_statements_summary_global_by_event_name	min_timer_wait	bigint(20) unsigned	*
C	performance_schema	events_statements_summary_global_by_event_name	avg_timer_wait	bigint(20) unsigned	*
C	performance_schema	events_statements_summary_global_by_event_name	max_timer_wait	bigint(20) unsigned	*
C	performance_schema	events_statements_summary_global_by_event_name	sum_lock_time	bigint(20) unsigned	*
C	performance_schema	events_statements_summary_global_by_event_name	sum_errors	bigint(20) unsigned	*
C	performance_schema	events_statements_summary_global_by_event_name	sum_warnings	bigint(20) unsigned	*
C	performance_schema	events_statements_summary_global_by_event_name	sum_rows_affected	bigint(20) unsigned	*
C	performance_schema	events_statements_summary_global_by_event_name	sum_rows_sent	bigint(20) unsigned	*
C	performance_schema	events_statements_summary_global_by_event_name	sum_rows_examined	bigint(20) unsigned	*
C	performance_schema	events_statements_summary_global_by_event_name	sum_created_tmp_disk_tables	bigint(20) unsigned	*
C	performance_schema	events_statements_summary_global_by_event_name	sum_created_tmp_tables	bigint(20) unsigned	*
C	performance_schema	events_statements_summary_global_by_event_name	sum_select_full_join	bigint(20) unsigned	*
C	performance_schema	events_statements_summary_global_by_event_name	sum_select_full_range_join	bigint(20) unsigned	*
C	performance_schema	events_statements_summary_global_by_event_name	sum_select_range	bigint(20) unsigned	*
C	performance_schema	events_statements_summary_global_by_event_name	sum_select_range_check	bigint(20) unsigned	*
C	performance_schema	events_statements_summary_global_by_event_name	sum_select_scan	bigint(20) unsigned	*
C	performance_schema	events_statements_summary_global_by_event_name	sum_sort_merge_passes	bigint(20) unsigned	*
C	performance_schema	events_statements_summary_global_by_event_name	sum_sort_range	bigint(20) unsigned	*
C	performance_schema	events_statements_summary_global_by_event_name	sum_sort_rows	bigint(20) unsigned	*
C	performance_schema	events_statements_summary_global_by_event_name	sum_sort_scan	bigint(20) unsigned	*
C	performance_schema	events_statements_summary_global_by_event_name	sum_no_index_used	bigint(20) unsigned	*
C	performance_schema	events_statements_summary_global_by_event_name	sum_no_good_index_used	bigint(20) unsigned	*
C	performance_schema	events_transactions_current	thread_id	bigint(20) unsigned	*
C	performance_schema	events_transactions_current	event_id	bigint(20) unsigned	*
C	performance_schema	events_transactions_current	end_event_id	bigint(20) unsigned	*
C	performance_schema	events_transactions_current	event_name	varchar(128)	*
C	performance_schema	events_transactions_current	state	enum('ACTIVE','COMMITTED','ROLLED BACK')	*
C	performance_schema	events_transactions_current	trx_id	bigint(20) unsigned	*
C	performance_schema	events_transactions_current	gtid	varchar(64)	*
C	performance_schema	events_transactions_current	xid_format_id	int(11)	*
C	performance_schema	events_transactions_current	xid_gtrid	varchar(130)	*
C	performance_schema	events_transactions_current	xid_bqual	varchar(130)	*
C	performance_schema	events_transactions_current	xa_state	varchar(64)	*
C	performance_schema	events_transactions_current	source	varchar(64)	*
C	performance_schema	events_transactions_current	timer_start	bigint(20) unsigned	*
C	performance_schema	events_transactions_current	timer_end	bigint(20) unsigned	*
C	performance_schema	events_transactions_current	timer_wait	bigint(20) unsigned	*
C	performance_schema	events_transactions_current	access_mode	enum('READ ONLY','READ WRITE')	*
C	performance_schema	events_transactions_current	isolation_level	varchar(64)	*
C	performance_schema	events_transactions_current	autocommit	enum('YES','NO')	*
C	performance_schema	events_transactions_current	number_of_savepoints	bigint(20) unsigned	*
C	performance_schema	events_transactions_current	number_of_rollback_to_savepoint	bigint(20) unsigned	*
C	performance_schema	events_transactions_current	number_of_release_savepoint	bigint(20) unsigned	*
C	performance_schema	events_transactions_current	object_instance_begin	bigint(20) unsigned	*
C	performance_schema	events_transactions_current	nesting_event_id	bigint(20) unsigned	*
C	performance_schema	events_transactions_current	nesting_event_type	enum('TRANSACTION','STATEMENT','STAGE','WAIT')	*
C	performance_schema	events_transactions_history	thread_id	bigint(20) unsigned	*
C	performance_schema	events_transactions_history	event_id	bigint(20) unsigned	*
C	performance_schema	events_transactions_history	end_event_id	bigint(20) unsigned	*
C	performance_schema	events_transactions_history	event_name	varchar(128)	*
C	performance_schema	events_transactions_history	state	enum('ACTIVE','COMMITTED','ROLLED BACK')	*
C	performance_schema	events_transactions_history	trx_id	bigint(20) unsigned	*
C	performance_schema	events_transactions_history	gtid	varchar(64)	*
C	performance_schema	events_transactions_history	xid_format_id	int(11)	*
C	performance_schema	events_transactions_history	xid_gtrid	varchar(130)	*
C	performance_schema	events_transactions_history	xid_bqual	varchar(130)	*
C	performance_schema	events_transactions_history	xa_state	varchar(64)	*
C	performance_schema	events_transactions_history	source	varchar(64)	*
C	performance_schema	events_transactions_history	timer_start	bigint(20) unsigned	*
C	performance_schema	events_transactions_history	timer_end	bigint(20) unsigned	*
C	performance_schema	events_transactions_history	timer_wait	bigint(20) unsigned	*
C	performance_schema	events_transactions_history	access_mode	enum('READ ONLY','READ WRITE')	*
C	performance_schema	events_transactions_history	isolation_level	varchar(64)	*
C	performance_schema	events_transactions_history	autocommit	enum('YES','NO')	*
C	performance_schema	events_transactions_history	number_of_savepoints	bigint(20) unsigned	*
C	performance_schema	events_transactions_history	number_of_rollback_to_savepoint	bigint(20) unsigned	*
C	performance_schema	events_transactions_history	number_of_release_savepoint	bigint(20) unsigned	*
C	performance_schema	events_transactions_history	object_instance_begin	bigint(20) unsigned	*
C	performance_schema	events_transactions_history	nesting_event_id	bigint(20) unsigned	*
C	performance_schema	events_transactions_history	nesting_event_type	enum('TRANSACTION','STATEMENT','STAGE','WAIT')	*
C	performance_schema	events_transactions_history_long	thread_id	bigint(20) unsigned	*
C	performance_schema	events_transactions_history_long	event_id	bigint(20) unsigned	*
C	performance_schema	events_transactions_history_long	end_event_id	bigint(20) unsigned	*
C	performance_schema	events_transactions_history_long	event_name	varchar(128)	*
C	performance_schema	events_transactions_history_long	state	enum('ACTIVE','COMMITTED','ROLLED BACK')	*
C	performance_schema	events_transactions_history_long	trx_id	bigint(20) unsigned	*
C	performance_schema	events_transactions_history_long	gtid	varchar(64)	*
C	performance_schema	events_transactions_history_long	xid_format_id	int(11)	*
C	performance_schema	events_transactions_history_long	xid_gtrid	varchar(130)	*
C	performance_schema	events_transactions_history_long	xid_bqual	varchar(130)	*
C	performance_schema	events_transactions_history_long	xa_state	varchar(64)	*
C	performance_schema	events_transactions_history_long	source	varchar(64)	*
C	performance_schema	events_transactions_history_long	timer_start	bigint(20) unsigned	*
C	performance_schema	events_transactions_history_long	timer_end	bigint(20) unsigned	*
C	performance_schema	events_transactions_history_long	timer_wait	bigint(20) unsigned	*
C	performance_schema	events_transactions_history_long	access_mode	enum('READ ONLY','READ WRITE')	*
C	performance_schema	events_transactions_history_long	isolation_level	varchar(64)	*
C	performance_schema	events_transactions_history_long	autocommit	enum('YES','NO')	*
C	performance_schema	events_transactions_history_long	number_of_savepoints	bigint(20) unsigned	*
C	performance_schema	events_transactions_history_long	number_of_rollback_to_savepoint	bigint(20) unsigned	*
C	performance_schema	events_transactions_history_long	number_of_release_savepoint	bigint(20) unsigned	*
C	performance_schema	events_transactions_history_long	object_instance_begin	bigint(20) unsigned	*
C	performance_schema	events_transactions_history_long	nesting_event_id	bigint(20) unsigned	*
C	performance_schema	events_transactions_history_long	nesting_event_type	enum('TRANSACTION','STATEMENT','STAGE','WAIT')	*
C	performance_schema	events_transactions_summary_by_account_by_event_name	user	char(32)	*
C	performance_schema	events_transactions_summary_by_account_by_event_name	host	char(60)	*
C	performance_schema	events_transactions_summary_by_account_by_event_name	event_name	varchar(128)	*
C	performance_schema	events_transactions_summary_by_account_by_event_name	count_star	bigint(20) unsigned	*
C	performance_schema	events_transactions_summary_by_account_by_event_name	sum_timer_wait	bigint(20) unsigned	*
C	performance_schema	events_transactions_summary_by_account_by_event_name	min_timer_wait	bigint(20) unsigned	*
C	performance_schema	events_transactions_summary_by_account_by_event_name	avg_timer_wait	bigint(20) unsigned	*
C	performance_schema	events_transactions_summary_by_account_by_event_name	max_timer_wait	bigint(20) unsigned	*
C	performance_schema	events_transactions_summary_by_account_by_event_name	count_read_write	bigint(20) unsigned	*
C	performance_schema	events_transactions_summary_by_account_by_event_name	sum_timer_read_write	bigint(20) unsigned	*
C	performance_schema	events_transactions_summary_by_account_by_event_name	min_timer_read_write	bigint(20) unsigned	*
C	performance_schema	events_transactions_summary_by_account_by_event_name	avg_timer_read_write	bigint(20) unsigned	*
C	performance_schema	events_transactions_summary_by_account_by_event_name	max_timer_read_write	bigint(20) unsigned	*
C	performance_schema	events_transactions_summary_by_account_by_event_name	count_read_only	bigint(20) unsigned	*
C	performance_schema	events_transactions_summary_by_account_by_event_name	sum_timer_read_only	bigint(20) unsigned	*
C	performance_schema	events_transactions_summary_by_account_by_event_name	min_timer_read_only	bigint(20) unsigned	*
C	performance_schema	events_transactions_summary_by_account_by_event_name	avg_timer_read_only	bigint(20) unsigned	*
C	performance_schema	events_transactions_summary_by_account_by_event_name	max_timer_read_only	bigint(20) unsigned	*
C	performance_schema	events_transactions_summary_by_host_by_event_name	host	char(60)	*
C	performance_schema	events_transactions_summary_by_host_by_event_name	event_name	varchar(128)	*
C	performance_schema	events_transactions_summary_by_host_by_event_name	count_star	bigint(20) unsigned	*
C	performance_schema	events_transactions_summary_by_host_by_event_name	sum_timer_wait	bigint(20) unsigned	*
C	performance_schema	events_transactions_summary_by_host_by_event_name	min_timer_wait	bigint(20) unsigned	*
C	performance_schema	events_transactions_summary_by_host_by_event_name	avg_timer_wait	bigint(20) unsigned	*
C	performance_schema	events_transactions_summary_by_host_by_event_name	max_timer_wait	bigint(20) unsigned	*
C	performance_schema	events_transactions_summary_by_host_by_event_name	count_read_write	bigint(20) unsigned	*
C	performance_schema	events_transactions_summary_by_host_by_event_name	sum_timer_read_write	bigint(20) unsigned	*
C	performance_schema	events_transactions_summary_by_host_by_event_name	min_timer_read_write	bigint(20) unsigned	*
C	performance_schema	events_transactions_summary_by_host_by_event_name	avg_timer_read_write	bigint(20) unsigned	*
C	performance_schema	events_transactions_summary_by_host_by_event_name	max_timer_read_write	bigint(20) unsigned	*
C	performance_schema	events_transactions_summary_by_host_by_event_name	count_read_only	bigint(20) unsigned	*
C	performance_schema	events_transactions_summary_by_host_by_event_name	sum_timer_read_only	bigint(20) unsigned	*
C	performance_schema	events_transactions_summary_by_host_by_event_name	min_timer_read_only	bigint(20) unsigned	*
C	performance_schema	events_transactions_summary_by_host_by_event_name	avg_timer_read_only	bigint(20) unsigned	*
C	performance_schema	events_transactions_summary_by_host_by_event_name	max_timer_read_only	bigint(20) unsigned	*
C	performance_schema	events_transactions_summary_by_thread_by_event_name	thread_id	bigint(20) unsigned	*
C	performance_schema	events_transactions_summary_by_thread_by_event_name	event_name	varchar(128)	*
C	performance_schema	events_transactions_summary_by_thread_by_event_name	count_star	bigint(20) unsigned	*
C	performance_schema	events_transactions_summary_by_thread_by_event_name	sum_timer_wait	bigint(20) unsigned	*
C	performance_schema	events_transactions_summary_by_thread_by_event_name	min_timer_wait	bigint(20) unsigned	*
C	performance_schema	events_transactions_summary_by_thread_by_event_name	avg_timer_wait	bigint(20) unsigned	*
C	performance_schema	events_transactions_summary_by_thread_by_event_name	max_timer_wait	bigint(20) unsigned	*
C	performance_schema	events_transactions_summary_by_thread_by_event_name	count_read_write	bigint(20) unsigned	*
C	performance_schema	events_transactions_summary_by_thread_by_event_name	sum_timer_read_write	bigint(20) unsigned	*
C	performance_schema	events_transactions_summary_by_thread_by_event_name	min_timer_read_write	bigint(20) unsigned	*
C	performance_schema	events_transactions_summary_by_thread_by_event_name	avg_timer_read_write	bigint(20) unsigned	*
C	performance_schema	events_transactions_summary_by_thread_by_event_name	max_timer_read_write	bigint(20) unsigned	*
C	performance_schema	events_transactions_summary_by_thread_by_event_name	count_read_only	bigint(20) unsigned	*
C	performance_schema	events_transactions_summary_by_thread_by_event_name	sum_timer_read_only	bigint(20) unsigned	*
C	performance_schema	events_transactions_summary_by_thread_by_event_name	min_timer_read_only	bigint(20) unsigned	*
C	performance_schema	events_transactions_summary_by_thread_by_event_name	avg_timer_read_only	bigint(20) unsigned	*
C	performance_schema	events_transactions_summary_by_thread_by_event_name	max_timer_read_only	bigint(20) unsigned	*
C	performance_schema	events_transactions_summary_by_user_by_event_name	user	char(32)	*
C	performance_schema	events_transactions_summary_by_user_by_event_name	event_name	varchar(128)	*
C	performance_schema	events_transactions_summary_by_user_by_event_name	count_star	bigint(20) unsigned	*
C	performance_schema	events_transactions_summary_by_user_by_event_name	sum_timer_wait	bigint(20) unsigned	*
C	performance_schema	events_transactions_summary_by_user_by_event_name	min_timer_wait	bigint(20) unsigned	*
C	performance_schema	events_transactions_summary_by_user_by_event_name	avg_timer_wait	bigint(20) unsigned	*
C	performance_schema	events_transactions_summary_by_user_by_event_name	max_timer_wait	bigint(20) unsigned	*
C	performance_schema	events_transactions_summary_by_user_by_event_name	count_read_write	bigint(20) unsigned	*
C	performance_schema	events_transactions_summary_by_user_by_event_name	sum_timer_read_write	bigint(20) unsigned	*
C	performance_schema	events_transactions_summary_by_user_by_event_name	min_timer_read_write	bigint(20) unsigned	*
C	performance_schema	events_transactions_summary_by_user_by_event_name	avg_timer_read_write	bigint(20) unsigned	*
C	performance_schema	events_transactions_summary_by_user_by_event_name	max_timer_read_write	bigint(20) unsigned	*
C	performance_schema	events_transactions_summary_by_user_by_event_name	count_read_only	bigint(20) unsigned	*
C	performance_schema	events_transactions_summary_by_user_by_event_name	sum_timer_read_only	bigint(20) unsigned	*
C	performance_schema	events_transactions_summary_by_user_by_event_name	min_timer_read_only	bigint(20) unsigned	*
C	performance_schema	events_transactions_summary_by_user_by_event_name	avg_timer_read_only	bigint(20) unsigned	*
C	performance_schema	events_transactions_summary_by_user_by_event_name	max_timer_read_only	bigint(20) unsigned	*
C	performance_schema	events_transactions_summary_global_by_event_name	event_name	varchar(128)	*
C	performance_schema	events_transactions_summary_global_by_event_name	count_star	bigint(20) unsigned	*
C	performance_schema	events_transactions_summary_global_by_event_name	sum_timer_wait	bigint(20) unsigned	*
C	performance_schema	events_transactions_summary_global_by_event_name	min_timer_wait	bigint(20) unsigned	*
C	performance_schema	events_transactions_summary_global_by_event_name	avg_timer_wait	bigint(20) unsigned	*
C	performance_schema	events_transactions_summary_global_by_event_name	max_timer_wait	bigint(20) unsigned	*
C	performance_schema	events_transactions_summary_global_by_event_name	count_read_write	bigint(20) unsigned	*
C	performance_schema	events_transactions_summary_global_by_event_name	sum_timer_read_write	bigint(20) unsigned	*
C	performance_schema	events_transactions_summary_global_by_event_name	min_timer_read_write	bigint(20) unsigned	*
C	performance_schema	events_transactions_summary_global_by_event_name	avg_timer_read_write	bigint(20) unsigned	*
C	performance_schema	events_transactions_summary_global_by_event_name	max_timer_read_write	bigint(20) unsigned	*
C	performance_schema	events_transactions_summary_global_by_event_name	count_read_only	bigint(20) unsigned	*
C	performance_schema	events_transactions_summary_global_by_event_name	sum_timer_read_only	bigint(20) unsigned	*
C	performance_schema	events_transactions_summary_global_by_event_name	min_timer_read_only	bigint(20) unsigned	*
C	performance_schema	events_transactions_summary_global_by_event_name	avg_timer_read_only	bigint(20) unsigned	*
C	performance_schema	events_transactions_summary_global_by_event_name	max_timer_read_only	bigint(20) unsigned	*
C	performance_schema	events_waits_current	thread_id	bigint(20) unsigned	*
C	performance_schema	events_waits_current	event_id	bigint(20) unsigned	*
C	performance_schema	events_waits_current	end_event_id	bigint(20) unsigned	*
C	performance_schema	events_waits_current	event_name	varchar(128)	*
C	performance_schema	events_waits_current	source	varchar(64)	*
C	performance_schema	events_waits_current	timer_start	bigint(20) unsigned	*
C	performance_schema	events_waits_current	timer_end	bigint(20) unsigned	*
C	performance_schema	events_waits_current	timer_wait	bigint(20) unsigned	*
C	performance_schema	events_waits_current	spins	int(10) unsigned	*
C	performance_schema	events_waits_current	object_schema	varchar(64)	*
C	performance_schema	events_waits_current	object_name	varchar(512)	*
C	performance_schema	events_waits_current	index_name	varchar(64)	*
C	performance_schema	events_waits_current	object_type	varchar(64)	*
C	performance_schema	events_waits_current	object_instance_begin	bigint(20) unsigned	*
C	performance_schema	events_waits_current	nesting_event_id	bigint(20) unsigned	*
C	performance_schema	events_waits_current	nesting_event_type	enum('TRANSACTION','STATEMENT','STAGE','WAIT')	*
C	performance_schema	events_waits_current	operation	varchar(32)	*
C	performance_schema	events_waits_current	number_of_bytes	bigint(20)	*
C	performance_schema	events_waits_current	flags	int(10) unsigned	*
C	performance_schema	events_waits_history	thread_id	bigint(20) unsigned	*
C	performance_schema	events_waits_history	event_id	bigint(20) unsigned	*
C	performance_schema	events_waits_history	end_event_id	bigint(20) unsigned	*
C	performance_schema	events_waits_history	event_name	varchar(128)	*
C	performance_schema	events_waits_history	source	varchar(64)	*
C	performance_schema	events_waits_history	timer_start	bigint(20) unsigned	*
C	performance_schema	events_waits_history	timer_end	bigint(20) unsigned	*
C	performance_schema	events_waits_history	timer_wait	bigint(20) unsigned	*
C	performance_schema	events_waits_history	spins	int(10) unsigned	*
C	performance_schema	events_waits_history	object_schema	varchar(64)	*
C	performance_schema	events_waits_history	object_name	varchar(512)	*
C	performance_schema	events_waits_history	index_name	varchar(64)	*
C	performance_schema	events_waits_history	object_type	varchar(64)	*
C	performance_schema	events_waits_history	object_instance_begin	bigint(20) unsigned	*
C	performance_schema	events_waits_history	nesting_event_id	bigint(20) unsigned	*
C	performance_schema	events_waits_history	nesting_event_type	enum('TRANSACTION','STATEMENT','STAGE','WAIT')	*
C	performance_schema	events_waits_history	operation	varchar(32)	*
C	performance_schema	events_waits_history	number_of_bytes	bigint(20)	*
C	performance_schema	events_waits_history	flags	int(10) unsigned	*
C	performance_schema	events_waits_history_long	thread_id	bigint(20) unsigned	*
C	performance_schema	events_waits_history_long	event_id	bigint(20) unsigned	*
C	performance_schema	events_waits_history_long	end_event_id	bigint(20) unsigned	*
C	performance_schema	events_waits_history_long	event_name	varchar(128)	*
C	performance_schema	events_waits_history_long	source	varchar(64)	*
C	performance_schema	events_waits_history_long	timer_start	bigint(20) unsigned	*
C	performance_schema	events_waits_history_long	timer_end	bigint(20) unsigned	*
C	performance_schema	events_waits_history_long	timer_wait	bigint(20) unsigned	*
C	performance_schema	events_waits_history_long	spins	int(10) unsigned	*
C	performance_schema	events_waits_history_long	object_schema	varchar(64)	*
C	performance_schema	events_waits_history_long	object_name	varchar(512)	*
C	performance_schema	events_waits_history_long	index_name	varchar(64)	*
C	performance_schema	events_waits_history_long	object_type	varchar(64)	*
C	performance_schema	events_waits_history_long	object_instance_begin	bigint(20) unsigned	*
C	performance_schema	events_waits_history_long	nesting_event_id	bigint(20) unsigned	*
C	performance_schema	events_waits_history_long	nesting_event_type	enum('TRANSACTION','STATEMENT','STAGE','WAIT')	*
C	performance_schema	events_waits_history_long	operation	varchar(32)	*
C	performance_schema	events_waits_history_long	number_of_bytes	bigint(20)	*
C	performance_schema	events_waits_history_long	flags	int(10) unsigned	*
C	performance_schema	events_waits_summary_by_account_by_event_name	user	char(128)	*
C	performance_schema	events_waits_summary_by_account_by_event_name	host	char(255)	*
C	performance_schema	events_waits_summary_by_account_by_event_name	event_name	varchar(128)	*
C	performance_schema	events_waits_summary_by_account_by_event_name	count_star	bigint(20) unsigned	*
C	performance_schema	events_waits_summary_by_account_by_event_name	sum_timer_wait	bigint(20) unsigned	*
C	performance_schema	events_waits_summary_by_account_by_event_name	min_timer_wait	bigint(20) unsigned	*
C	performance_schema	events_waits_summary_by_account_by_event_name	avg_timer_wait	bigint(20) unsigned	*
C	performance_schema	events_waits_summary_by_account_by_event_name	max_timer_wait	bigint(20) unsigned	*
C	performance_schema	events_waits_summary_by_host_by_event_name	host	char(255)	*
C	performance_schema	events_waits_summary_by_host_by_event_name	event_name	varchar(128)	*
C	performance_schema	events_waits_summary_by_host_by_event_name	count_star	bigint(20) unsigned	*
C	performance_schema	events_waits_summary_by_host_by_event_name	sum_timer_wait	bigint(20) unsigned	*
C	performance_schema	events_waits_summary_by_host_by_event_name	min_timer_wait	bigint(20) unsigned	*
C	performance_schema	events_waits_summary_by_host_by_event_name	avg_timer_wait	bigint(20) unsigned	*
C	performance_schema	events_waits_summary_by_host_by_event_name	max_timer_wait	bigint(20) unsigned	*
C	performance_schema	events_waits_summary_by_instance	event_name	varchar(128)	*
C	performance_schema	events_waits_summary_by_instance	object_instance_begin	bigint(20) unsigned	*
C	performance_schema	events_waits_summary_by_instance	count_star	bigint(20) unsigned	*
C	performance_schema	events_waits_summary_by_instance	sum_timer_wait	bigint(20) unsigned	*
C	performance_schema	events_waits_summary_by_instance	min_timer_wait	bigint(20) unsigned	*
C	performance_schema	events_waits_summary_by_instance	avg_timer_wait	bigint(20) unsigned	*
C	performance_schema	events_waits_summary_by_instance	max_timer_wait	bigint(20) unsigned	*
C	performance_schema	events_waits_summary_by_thread_by_event_name	thread_id	bigint(20) unsigned	*
C	performance_schema	events_waits_summary_by_thread_by_event_name	event_name	varchar(128)	*
C	performance_schema	events_waits_summary_by_thread_by_event_name	count_star	bigint(20) unsigned	*
C	performance_schema	events_waits_summary_by_thread_by_event_name	sum_timer_wait	bigint(20) unsigned	*
C	performance_schema	events_waits_summary_by_thread_by_event_name	min_timer_wait	bigint(20) unsigned	*
C	performance_schema	events_waits_summary_by_thread_by_event_name	avg_timer_wait	bigint(20) unsigned	*
C	performance_schema	events_waits_summary_by_thread_by_event_name	max_timer_wait	bigint(20) unsigned	*
C	performance_schema	events_waits_summary_by_user_by_event_name	user	char(128)	*
C	performance_schema	events_waits_summary_by_user_by_event_name	event_name	varchar(128)	*
C	performance_schema	events_waits_summary_by_user_by_event_name	count_star	bigint(20) unsigned	*
C	performance_schema	events_waits_summary_by_user_by_event_name	sum_timer_wait	bigint(20) unsigned	*
C	performance_schema	events_waits_summary_by_user_by_event_name	min_timer_wait	bigint(20) unsigned	*
C	performance_schema	events_waits_summary_by_user_by_event_name	avg_timer_wait	bigint(20) unsigned	*
C	performance_schema	events_waits_summary_by_user_by_event_name	max_timer_wait	bigint(20) unsigned	*
C	performance_schema	events_waits_summary_global_by_event_name	event_name	varchar(128)	*
C	performance_schema	events_waits_summary_global_by_event_name	count_star	bigint(20) unsigned	*
C	performance_schema	events_waits_summary_global_by_event_name	sum_timer_wait	bigint(20) unsigned	*
C	performance_schema	events_waits_summary_global_by_event_name	min_timer_wait	bigint(20) unsigned	*
C	performance_schema	events_waits_summary_global_by_event_name	avg_timer_wait	bigint(20) unsigned	*
C	performance_schema	events_waits_summary_global_by_event_name	max_timer_wait	bigint(20) unsigned	*
C	performance_schema	file_instances	file_name	varchar(512)	*
C	performance_schema	file_instances	event_name	varchar(128)	*
C	performance_schema	file_instances	open_count	int(10) unsigned	*
C	performance_schema	file_summary_by_event_name	event_name	varchar(128)	*
C	performance_schema	file_summary_by_event_name	count_star	bigint(20) unsigned	*
C	performance_schema	file_summary_by_event_name	sum_timer_wait	bigint(20) unsigned	*
C	performance_schema	file_summary_by_event_name	min_timer_wait	bigint(20) unsigned	*
C	performance_schema	file_summary_by_event_name	avg_timer_wait	bigint(20) unsigned	*
C	performance_schema	file_summary_by_event_name	max_timer_wait	bigint(20) unsigned	*
C	performance_schema	file_summary_by_event_name	count_read	bigint(20) unsigned	*
C	performance_schema	file_summary_by_event_name	sum_timer_read	bigint(20) unsigned	*
C	performance_schema	file_summary_by_event_name	min_timer_read	bigint(20) unsigned	*
C	performance_schema	file_summary_by_event_name	avg_timer_read	bigint(20) unsigned	*
C	performance_schema	file_summary_by_event_name	max_timer_read	bigint(20) unsigned	*
C	performance_schema	file_summary_by_event_name	sum_number_of_bytes_read	bigint(20)	*
C	performance_schema	file_summary_by_event_name	count_write	bigint(20) unsigned	*
C	performance_schema	file_summary_by_event_name	sum_timer_write	bigint(20) unsigned	*
C	performance_schema	file_summary_by_event_name	min_timer_write	bigint(20) unsigned	*
C	performance_schema	file_summary_by_event_name	avg_timer_write	bigint(20) unsigned	*
C	performance_schema	file_summary_by_event_name	max_timer_write	bigint(20) unsigned	*
C	performance_schema	file_summary_by_event_name	sum_number_of_bytes_write	bigint(20)	*
C	performance_schema	file_summary_by_event_name	count_misc	bigint(20) unsigned	*
C	performance_schema	file_summary_by_event_name	sum_timer_misc	bigint(20) unsigned	*
C	performance_schema	file_summary_by_event_name	min_timer_misc	bigint(20) unsigned	*
C	performance_schema	file_summary_by_event_name	avg_timer_misc	bigint(20) unsigned	*
C	performance_schema	file_summary_by_event_name	max_timer_misc	bigint(20) unsigned	*
C	performance_schema	file_summary_by_instance	file_name	varchar(512)	*
C	performance_schema	file_summary_by_instance	event_name	varchar(128)	*
C	performance_schema	file_summary_by_instance	object_instance_begin	bigint(20) unsigned	*
C	performance_schema	file_summary_by_instance	count_star	bigint(20) unsigned	*
C	performance_schema	file_summary_by_instance	sum_timer_wait	bigint(20) unsigned	*
C	performance_schema	file_summary_by_instance	min_timer_wait	bigint(20) unsigned	*
C	performance_schema	file_summary_by_instance	avg_timer_wait	bigint(20) unsigned	*
C	performance_schema	file_summary_by_instance	max_timer_wait	bigint(20) unsigned	*
C	performance_schema	file_summary_by_instance	count_read	bigint(20) unsigned	*
C	performance_schema	file_summary_by_instance	sum_timer_read	bigint(20) unsigned	*
C	performance_schema	file_summary_by_instance	min_timer_read	bigint(20) unsigned	*
C	performance_schema	file_summary_by_instance	avg_timer_read	bigint(20) unsigned	*
C	performance_schema	file_summary_by_instance	max_timer_read	bigint(20) unsigned	*
C	performance_schema	file_summary_by_instance	sum_number_of_bytes_read	bigint(20)	*
C	performance_schema	file_summary_by_instance	count_write	bigint(20) unsigned	*
C	performance_schema	file_summary_by_instance	sum_timer_write	bigint(20) unsigned	*
C	performance_schema	file_summary_by_instance	min_timer_write	bigint(20) unsigned	*
C	performance_schema	file_summary_by_instance	avg_timer_write	bigint(20) unsigned	*
C	performance_schema	file_summary_by_instance	max_timer_write	bigint(20) unsigned	*
C	performance_schema	file_summary_by_instance	sum_number_of_bytes_write	bigint(20)	*
C	performance_schema	file_summary_by_instance	count_misc	bigint(20) unsigned	*
C	performance_schema	file_summary_by_instance	sum_timer_misc	bigint(20) unsigned	*
C	performance_schema	file_summary_by_instance	min_timer_misc	bigint(20) unsigned	*
C	performance_schema	file_summary_by_instance	avg_timer_misc	bigint(20) unsigned	*
C	performance_schema	file_summary_by_instance	max_timer_misc	bigint(20) unsigned	*
C	performance_schema	global_status	variable_name	varchar(64)	*
C	performance_schema	global_status	variable_value	varchar(1024)	-11.0
C	performance_schema	hosts	host	char(255)	*
C	performance_schema	hosts	current_connections	bigint(20)	*
C	performance_schema	hosts	total_connections	bigint(20)	*
C	performance_schema	host_cache	ip	varchar(64)	*
C	performance_schema	host_cache	host	varchar(255)	*
C	performance_schema	host_cache	host_validated	enum('YES','NO')	*
C	performance_schema	host_cache	sum_connect_errors	bigint(20)	*
C	performance_schema	host_cache	count_host_blocked_errors	bigint(20)	*
C	performance_schema	host_cache	count_nameinfo_transient_errors	bigint(20)	*
C	performance_schema	host_cache	count_nameinfo_permanent_errors	bigint(20)	*
C	performance_schema	host_cache	count_format_errors	bigint(20)	*
C	performance_schema	host_cache	count_addrinfo_transient_errors	bigint(20)	*
C	performance_schema	host_cache	count_addrinfo_permanent_errors	bigint(20)	*
C	performance_schema	host_cache	count_fcrdns_errors	bigint(20)	*
C	performance_schema	host_cache	count_host_acl_errors	bigint(20)	*
C	performance_schema	host_cache	count_no_auth_plugin_errors	bigint(20)	*
C	performance_schema	host_cache	count_auth_plugin_errors	bigint(20)	*
C	performance_schema	host_cache	count_handshake_errors	bigint(20)	*
C	performance_schema	host_cache	count_proxy_user_errors	bigint(20)	*
C	performance_schema	host_cache	count_proxy_user_acl_errors	bigint(20)	*
C	performance_schema	host_cache	count_authentication_errors	bigint(20)	*
C	performance_schema	host_cache	count_ssl_errors	bigint(20)	*
C	performance_schema	host_cache	count_max_user_connections_errors	bigint(20)	*
C	performance_schema	host_cache	count_max_user_connections_per_hour_errors	bigint(20)	*
C	performance_schema	host_cache	count_default_database_errors	bigint(20)	*
C	performance_schema	host_cache	count_init_connect_errors	bigint(20)	*
C	performance_schema	host_cache	count_local_errors	bigint(20)	*
C	performance_schema	host_cache	count_unknown_errors	bigint(20)	*
C	performance_schema	host_cache	first_seen	timestamp	*
C	performance_schema	host_cache	last_seen	timestamp	*
C	performance_schema	host_cache	first_error_seen	timestamp	*
C	performance_schema	host_cache	last_error_seen	timestamp	*
C	performance_schema	memory_summary_by_account_by_event_name	user	char(32)	*
C	performance_schema	memory_summary_by_account_by_event_name	host	char(60)	*
C	performance_schema	memory_summary_by_account_by_event_name	event_name	varchar(128)	*
C	performance_schema	memory_summary_by_account_by_event_name	count_alloc	bigint(20) unsigned	*
C	performance_schema	memory_summary_by_account_by_event_name	count_free	bigint(20) unsigned	*
C	performance_schema	memory_summary_by_account_by_event_name	sum_number_of_bytes_alloc	bigint(20) unsigned	*
C	performance_schema	memory_summary_by_account_by_event_name	sum_number_of_bytes_free	bigint(20) unsigned	*
C	performance_schema	memory_summary_by_account_by_event_name	low_count_used	bigint(20)	*
C	performance_schema	memory_summary_by_account_by_event_name	current_count_used	bigint(20)	*
C	performance_schema	memory_summary_by_account_by_event_name	high_count_used	bigint(20)	*
C	performance_schema	memory_summary_by_account_by_event_name	low_number_of_bytes_used	bigint(20)	*
C	performance_schema	memory_summary_by_account_by_event_name	current_number_of_bytes_used	bigint(20)	*
C	performance_schema	memory_summary_by_account_by_event_name	high_number_of_bytes_used	bigint(20)	*
C	performance_schema	memory_summary_by_host_by_event_name	host	char(60)	*
C	performance_schema	memory_summary_by_host_by_event_name	event_name	varchar(128)	*
C	performance_schema	memory_summary_by_host_by_event_name	count_alloc	bigint(20) unsigned	*
C	performance_schema	memory_summary_by_host_by_event_name	count_free	bigint(20) unsigned	*
C	performance_schema	memory_summary_by_host_by_event_name	sum_number_of_bytes_alloc	bigint(20) unsigned	*
C	performance_schema	memory_summary_by_host_by_event_name	sum_number_of_bytes_free	bigint(20) unsigned	*
C	performance_schema	memory_summary_by_host_by_event_name	low_count_used	bigint(20)	*
C	performance_schema	memory_summary_by_host_by_event_name	current_count_used	bigint(20)	*
C	performance_schema	memory_summary_by_host_by_event_name	high_count_used	bigint(20)	*
C	performance_schema	memory_summary_by_host_by_event_name	low_number_of_bytes_used	bigint(20)	*
C	performance_schema	memory_summary_by_host_by_event_name	current_number_of_bytes_used	bigint(20)	*
C	performance_schema	memory_summary_by_host_by_event_name	high_number_of_bytes_used	bigint(20)	*
C	performance_schema	memory_summary_by_thread_by_event_name	thread_id	bigint(20) unsigned	*
C	performance_schema	memory_summary_by_thread_by_event_name	event_name	varchar(128)	*
C	performance_schema	memory_summary_by_thread_by_event_name	count_alloc	bigint(20) unsigned	*
C	performance_schema	memory_summary_by_thread_by_event_name	count_free	bigint(20) unsigned	*
C	performance_schema	memory_summary_by_thread_by_event_name	sum_number_of_bytes_alloc	bigint(20) unsigned	*
C	performance_schema	memory_summary_by_thread_by_event_name	sum_number_of_bytes_free	bigint(20) unsigned	*
C	performance_schema	memory_summary_by_thread_by_event_name	low_count_used	bigint(20)	*
C	performance_schema	memory_summary_by_thread_by_event_name	current_count_used	bigint(20)	*
C	performance_schema	memory_summary_by_thread_by_event_name	high_count_used	bigint(20)	*
C	performance_schema	memory_summary_by_thread_by_event_name	low_number_of_bytes_used	bigint(20)	*
C	performance_schema	memory_summary_by_thread_by_event_name	current_number_of_bytes_used	bigint(20)	*
C	performance_schema	memory_summary_by_thread_by_event_name	high_number_of_bytes_used	bigint(20)	*
C	performance_schema	memory_summary_by_user_by_event_name	user	char(32)	*
C	performance_schema	memory_summary_by_user_by_event_name	event_name	varchar(128)	*
C	performance_schema	memory_summary_by_user_by_event_name	count_alloc	bigint(20) unsigned	*
C	performance_schema	memory_summary_by_user_by_event_name	count_free	bigint(20) unsigned	*
C	performance_schema	memory_summary_by_user_by_event_name	sum_number_of_bytes_alloc	bigint(20) unsigned	*
C	performance_schema	memory_summary_by_user_by_event_name	sum_number_of_bytes_free	bigint(20) unsigned	*
C	performance_schema	memory_summary_by_user_by_event_name	low_count_used	bigint(20)	*
C	performance_schema	memory_summary_by_user_by_event_name	current_count_used	bigint(20)	*
C	performance_schema	memory_summary_by_user_by_event_name	high_count_used	bigint(20)	*
C	performance_schema	memory_summary_by_user_by_event_name	low_number_of_bytes_used	bigint(20)	*
C	performance_schema	memory_summary_by_user_by_event_name	current_number_of_bytes_used	bigint(20)	*
C	performance_schema	memory_summary_by_user_by_event_name	high_number_of_bytes_used	bigint(20)	*
C	performance_schema	memory_summary_global_by_event_name	event_name	varchar(128)	*
C	performance_schema	memory_summary_global_by_event_name	count_alloc	bigint(20) unsigned	*
C	performance_schema	memory_summary_global_by_event_name	count_free	bigint(20) unsigned	*
C	performance_schema	memory_summary_global_by_event_name	sum_number_of_bytes_alloc	bigint(20) unsigned	*
C	performance_schema	memory_summary_global_by_event_name	sum_number_of_bytes_free	bigint(20) unsigned	*
C	performance_schema	memory_summary_global_by_event_name	low_count_used	bigint(20)	*
C	performance_schema	memory_summary_global_by_event_name	current_count_used	bigint(20)	*
C	performance_schema	memory_summary_global_by_event_name	high_count_used	bigint(20)	*
C	performance_schema	memory_summary_global_by_event_name	low_number_of_bytes_used	bigint(20)	*
C	performance_schema	memory_summary_global_by_event_name	current_number_of_bytes_used	bigint(20)	*
C	performance_schema	memory_summary_global_by_event_name	high_number_of_bytes_used	bigint(20)	*
C	performance_schema	metadata_locks	object_type	varchar(64)	*
C	performance_schema	metadata_locks	object_schema	varchar(64)	*
C	performance_schema	metadata_locks	object_name	varchar(64)	*
C	performance_schema	metadata_locks	object_instance_begin	bigint(20) unsigned	*
C	performance_schema	metadata_locks	lock_type	varchar(32)	*
C	performance_schema	metadata_locks	lock_duration	varchar(32)	*
C	performance_schema	metadata_locks	lock_status	varchar(32)	*
C	performance_schema	metadata_locks	source	varchar(64)	*
C	performance_schema	metadata_locks	owner_thread_id	bigint(20) unsigned	*
C	performance_schema	metadata_locks	owner_event_id	bigint(20) unsigned	*
C	performance_schema	mutex_instances	name	varchar(128)	*
C	performance_schema	mutex_instances	object_instance_begin	bigint(20) unsigned	*
C	performance_schema	mutex_instances	locked_by_thread_id	bigint(20) unsigned	*
C	performance_schema	objects_summary_global_by_type	object_type	varchar(64)	*
C	performance_schema	objects_summary_global_by_type	object_schema	varchar(64)	*
C	performance_schema	objects_summary_global_by_type	object_name	varchar(64)	*
C	performance_schema	objects_summary_global_by_type	count_star	bigint(20) unsigned	*
C	performance_schema	objects_summary_global_by_type	sum_timer_wait	bigint(20) unsigned	*
C	performance_schema	objects_summary_global_by_type	min_timer_wait	bigint(20) unsigned	*
C	performance_schema	objects_summary_global_by_type	avg_timer_wait	bigint(20) unsigned	*
C	performance_schema	objects_summary_global_by_type	max_timer_wait	bigint(20) unsigned	*
C	performance_schema	performance_timers	timer_name	enum('CYCLE','NANOSECOND','MICROSECOND','MILLISECOND','TICK')	*
C	performance_schema	performance_timers	timer_frequency	bigint(20)	*
C	performance_schema	performance_timers	timer_resolution	bigint(20)	*
C	performance_schema	performance_timers	timer_overhead	bigint(20)	*
C	performance_schema	prepared_statements_instances	object_instance_begin	bigint(20) unsigned	*
C	performance_schema	prepared_statements_instances	statement_id	bigint(20) unsigned	*
C	performance_schema	prepared_statements_instances	statement_name	varchar(64)	*
C	performance_schema	prepared_statements_instances	sql_text	longtext	*
C	performance_schema	prepared_statements_instances	owner_thread_id	bigint(20) unsigned	*
C	performance_schema	prepared_statements_instances	owner_event_id	bigint(20) unsigned	*
C	performance_schema	prepared_statements_instances	owner_object_type	enum('EVENT','FUNCTION','PROCEDURE','TABLE','TRIGGER')	*
C	performance_schema	prepared_statements_instances	owner_object_schema	varchar(64)	*
C	performance_schema	prepared_statements_instances	owner_object_name	varchar(64)	*
C	performance_schema	prepared_statements_instances	timer_prepare	bigint(20) unsigned	*
C	performance_schema	prepared_statements_instances	count_reprepare	bigint(20) unsigned	*
C	performance_schema	prepared_statements_instances	count_execute	bigint(20) unsigned	*
C	performance_schema	prepared_statements_instances	sum_timer_execute	bigint(20) unsigned	*
C	performance_schema	prepared_statements_instances	min_timer_execute	bigint(20) unsigned	*
C	performance_schema	prepared_statements_instances	avg_timer_execute	bigint(20) unsigned	*
C	performance_schema	prepared_statements_instances	max_timer_execute	bigint(20) unsigned	*
C	performance_schema	prepared_statements_instances	sum_lock_time	bigint(20) unsigned	*
C	performance_schema	prepared_statements_instances	sum_errors	bigint(20) unsigned	*
C	performance_schema	prepared_statements_instances	sum_warnings	bigint(20) unsigned	*
C	performance_schema	prepared_statements_instances	sum_rows_affected	bigint(20) unsigned	*
C	performance_schema	prepared_statements_instances	sum_rows_sent	bigint(20) unsigned	*
C	performance_schema	prepared_statements_instances	sum_rows_examined	bigint(20) unsigned	*
C	performance_schema	prepared_statements_instances	sum_created_tmp_disk_tables	bigint(20) unsigned	*
C	performance_schema	prepared_statements_instances	sum_created_tmp_tables	bigint(20) unsigned	*
C	performance_schema	prepared_statements_instances	sum_select_full_join	bigint(20) unsigned	*
C	performance_schema	prepared_statements_instances	sum_select_full_range_join	bigint(20) unsigned	*
C	performance_schema	prepared_statements_instances	sum_select_range	bigint(20) unsigned	*
C	performance_schema	prepared_statements_instances	sum_select_range_check	bigint(20) unsigned	*
C	performance_schema	prepared_statements_instances	sum_select_scan	bigint(20) unsigned	*
C	performance_schema	prepared_statements_instances	sum_sort_merge_passes	bigint(20) unsigned	*
C	performance_schema	prepared_statements_instances	sum_sort_range	bigint(20) unsigned	*
C	performance_schema	prepared_statements_instances	sum_sort_rows	bigint(20) unsigned	*
C	performance_schema	prepared_statements_instances	sum_sort_scan	bigint(20) unsigned	*
C	performance_schema	prepared_statements_instances	sum_no_index_used	bigint(20) unsigned	*
C	performance_schema	prepared_statements_instances	sum_no_good_index_used	bigint(20) unsigned	*
C	performance_schema	replication_applier_configuration	channel_name	varchar(256)	*
C	performance_schema	replication_applier_configuration	desired_delay	int(11)	*
C	performance_schema	replication_applier_status	channel_name	varchar(256)	*
C	performance_schema	replication_applier_status	service_state	enum('ON','OFF')	*
C	performance_schema	replication_applier_status	remaining_delay	int(10) unsigned	*
C	performance_schema	replication_applier_status	count_transactions_retries	bigint(20) unsigned	*
C	performance_schema	replication_applier_status_by_coordinator	channel_name	varchar(256)	*
C	performance_schema	replication_applier_status_by_coordinator	thread_id	bigint(20) unsigned	*
C	performance_schema	replication_applier_status_by_coordinator	service_state	enum('ON','OFF')	*
C	performance_schema	replication_applier_status_by_coordinator	last_error_number	int(11)	*
C	performance_schema	replication_applier_status_by_coordinator	last_error_message	varchar(1024)	*
C	performance_schema	replication_applier_status_by_coordinator	last_error_timestamp	timestamp	*
C	performance_schema	replication_applier_status_by_coordinator	last_seen_transaction	char(57)	*
C	performance_schema	replication_applier_status_by_coordinator	last_trans_retry_count	int(11)	*
C	performance_schema	replication_applier_status_by_worker	channel_name	varchar(256)	*
C	performance_schema	replication_applier_status_by_worker	thread_id	bigint(20) unsigned	*
C	performance_schema	replication_applier_status_by_worker	service_state	enum('ON','OFF')	*
C	performance_schema	replication_applier_status_by_worker	last_seen_transaction	char(57)	*
C	performance_schema	replication_applier_status_by_worker	last_error_number	int(11)	*
C	performance_schema	replication_applier_status_by_worker	last_error_message	varchar(1024)	*
C	performance_schema	replication_applier_status_by_worker	last_error_timestamp	timestamp	*
C	performance_schema	replication_applier_status_by_worker	worker_idle_time	bigint(20) unsigned	*
C	performance_schema	replication_applier_status_by_worker	last_trans_retry_count	int(11)	*
C	performance_schema	replication_connection_configuration	channel_name	varchar(256)	*
C	performance_schema	replication_connection_configuration	host	char(60)	*
C	performance_schema	replication_connection_configuration	port	int(11)	*
C	performance_schema	replication_connection_configuration	user	char(32)	*
C	performance_schema	replication_connection_configuration	using_gtid	enum('NO','CURRENT_POS','SLAVE_POS')	*
C	performance_schema	replication_connection_configuration	ssl_allowed	enum('YES','NO','IGNORED')	*
C	performance_schema	replication_connection_configuration	ssl_ca_file	varchar(512)	*
C	performance_schema	replication_connection_configuration	ssl_ca_path	varchar(512)	*
C	performance_schema	replication_connection_configuration	ssl_certificate	varchar(512)	*
C	performance_schema	replication_connection_configuration	ssl_cipher	varchar(512)	*
C	performance_schema	replication_connection_configuration	ssl_key	varchar(512)	*
C	performance_schema	replication_connection_configuration	ssl_verify_server_certificate	enum('YES','NO')	*
C	performance_schema	replication_connection_configuration	ssl_crl_file	varchar(255)	*
C	performance_schema	replication_connection_configuration	ssl_crl_path	varchar(255)	*
C	performance_schema	replication_connection_configuration	connection_retry_interval	int(11)	*
C	performance_schema	replication_connection_configuration	connection_retry_count	bigint(20) unsigned	*
C	performance_schema	replication_connection_configuration	heartbeat_interval	double(10,3) unsigned	*
C	performance_schema	replication_connection_configuration	ignore_server_ids	longtext	*
C	performance_schema	replication_connection_configuration	repl_do_domain_ids	longtext	*
C	performance_schema	replication_connection_configuration	repl_ignore_domain_ids	longtext	*
C	performance_schema	rwlock_instances	name	varchar(128)	*
C	performance_schema	rwlock_instances	object_instance_begin	bigint(20) unsigned	*
C	performance_schema	rwlock_instances	write_locked_by_thread_id	bigint(20) unsigned	*
C	performance_schema	rwlock_instances	read_locked_by_count	int(10) unsigned	*
C	performance_schema	session_account_connect_attrs	processlist_id	int(11)	*
C	performance_schema	session_account_connect_attrs	attr_name	varchar(32)	*
C	performance_schema	session_account_connect_attrs	attr_value	varchar(1024)	*
C	performance_schema	session_account_connect_attrs	ordinal_position	int(11)	*
C	performance_schema	session_connect_attrs	processlist_id	int(11)	*
C	performance_schema	session_connect_attrs	attr_name	varchar(32)	*
C	performance_schema	session_connect_attrs	attr_value	varchar(1024)	*
C	performance_schema	session_connect_attrs	ordinal_position	int(11)	*
C	performance_schema	session_status	variable_name	varchar(64)	*
C	performance_schema	session_status	variable_value	varchar(1024)	-11.0
C	performance_schema	setup_actors	host	char(255)	*
C	performance_schema	setup_actors	user	char(128)	*
C	performance_schema	setup_actors	role	char(128)	*
C	performance_schema	setup_actors	enabled	enum('YES','NO')	*
C	performance_schema	setup_actors	history	enum('YES','NO')	*
C	performance_schema	setup_consumers	name	varchar(64)	*
C	performance_schema	setup_consumers	enabled	enum('YES','NO')	*
C	performance_schema	setup_instruments	name	varchar(128)	*
C	performance_schema	setup_instruments	enabled	enum('YES','NO')	*
C	performance_schema	setup_instruments	timed	enum('YES','NO')	*
C	performance_schema	setup_objects	object_type	enum('EVENT','FUNCTION','PROCEDURE','TABLE','TRIGGER')	*
C	performance_schema	setup_objects	object_schema	varchar(64)	*
C	performance_schema	setup_objects	object_name	varchar(64)	*
C	performance_schema	setup_objects	enabled	enum('YES','NO')	*
C	performance_schema	setup_objects	timed	enum('YES','NO')	*
C	performance_schema	setup_timers	name	varchar(64)	*
C	performance_schema	setup_timers	timer_name	enum('CYCLE','NANOSECOND','MICROSECOND','MILLISECOND','TICK')	*
C	performance_schema	socket_instances	event_name	varchar(128)	*
C	performance_schema	socket_instances	object_instance_begin	bigint(20) unsigned	*
C	performance_schema	socket_instances	thread_id	bigint(20) unsigned	*
C	performance_schema	socket_instances	socket_id	int(11)	*
C	performance_schema	socket_instances	ip	varchar(64)	*
C	performance_schema	socket_instances	port	int(11)	*
C	performance_schema	socket_instances	state	enum('IDLE','ACTIVE')	*
C	performance_schema	socket_summary_by_event_name	event_name	varchar(128)	*
C	performance_schema	socket_summary_by_event_name	count_star	bigint(20) unsigned	*
C	performance_schema	socket_summary_by_event_name	sum_timer_wait	bigint(20) unsigned	*
C	performance_schema	socket_summary_by_event_name	min_timer_wait	bigint(20) unsigned	*
C	performance_schema	socket_summary_by_event_name	avg_timer_wait	bigint(20) unsigned	*
C	performance_schema	socket_summary_by_event_name	max_timer_wait	bigint(20) unsigned	*
C	performance_schema	socket_summary_by_event_name	count_read	bigint(20) unsigned	*
C	performance_schema	socket_summary_by_event_name	sum_timer_read	bigint(20) unsigned	*
C	performance_schema	socket_summary_by_event_name	min_timer_read	bigint(20) unsigned	*
C	performance_schema	socket_summary_by_event_name	avg_timer_read	bigint(20) unsigned	*
C	performance_schema	socket_summary_by_event_name	max_timer_read	bigint(20) unsigned	*
C	performance_schema	socket_summary_by_event_name	sum_number_of_bytes_read	bigint(20) unsigned	*
C	performance_schema	socket_summary_by_event_name	count_write	bigint(20) unsigned	*
C	performance_schema	socket_summary_by_event_name	sum_timer_write	bigint(20) unsigned	*
C	performance_schema	socket_summary_by_event_name	min_timer_write	bigint(20) unsigned	*
C	performance_schema	socket_summary_by_event_name	avg_timer_write	bigint(20) unsigned	*
C	performance_schema	socket_summary_by_event_name	max_timer_write	bigint(20) unsigned	*
C	performance_schema	socket_summary_by_event_name	sum_number_of_bytes_write	bigint(20) unsigned	*
C	performance_schema	socket_summary_by_event_name	count_misc	bigint(20) unsigned	*
C	performance_schema	socket_summary_by_event_name	sum_timer_misc	bigint(20) unsigned	*
C	performance_schema	socket_summary_by_event_name	min_timer_misc	bigint(20) unsigned	*
C	performance_schema	socket_summary_by_event_name	avg_timer_misc	bigint(20) unsigned	*
C	performance_schema	socket_summary_by_event_name	max_timer_misc	bigint(20) unsigned	*
C	performance_schema	socket_summary_by_instance	event_name	varchar(128)	*
C	performance_schema	socket_summary_by_instance	object_instance_begin	bigint(20) unsigned	*
C	performance_schema	socket_summary_by_instance	count_star	bigint(20) unsigned	*
C	performance_schema	socket_summary_by_instance	sum_timer_wait	bigint(20) unsigned	*
C	performance_schema	socket_summary_by_instance	min_timer_wait	bigint(20) unsigned	*
C	performance_schema	socket_summary_by_instance	avg_timer_wait	bigint(20) unsigned	*
C	performance_schema	socket_summary_by_instance	max_timer_wait	bigint(20) unsigned	*
C	performance_schema	socket_summary_by_instance	count_read	bigint(20) unsigned	*
C	performance_schema	socket_summary_by_instance	sum_timer_read	bigint(20) unsigned	*
C	performance_schema	socket_summary_by_instance	min_timer_read	bigint(20) unsigned	*
C	performance_schema	socket_summary_by_instance	avg_timer_read	bigint(20) unsigned	*
C	performance_schema	socket_summary_by_instance	max_timer_read	bigint(20) unsigned	*
C	performance_schema	socket_summary_by_instance	sum_number_of_bytes_read	bigint(20) unsigned	*
C	performance_schema	socket_summary_by_instance	count_write	bigint(20) unsigned	*
C	performance_schema	socket_summary_by_instance	sum_timer_write	bigint(20) unsigned	*
C	performance_schema	socket_summary_by_instance	min_timer_write	bigint(20) unsigned	*
C	performance_schema	socket_summary_by_instance	avg_timer_write	bigint(20) unsigned	*
C	performance_schema	socket_summary_by_instance	max_timer_write	bigint(20) unsigned	*
C	performance_schema	socket_summary_by_instance	sum_number_of_bytes_write	bigint(20) unsigned	*
C	performance_schema	socket_summary_by_instance	count_misc	bigint(20) unsigned	*
C	performance_schema	socket_summary_by_instance	sum_timer_misc	bigint(20) unsigned	*
C	performance_schema	socket_summary_by_instance	min_timer_misc	bigint(20) unsigned	*
C	performance_schema	socket_summary_by_instance	avg_timer_misc	bigint(20) unsigned	*
C	performance_schema	socket_summary_by_instance	max_timer_misc	bigint(20) unsigned	*
C	performance_schema	status_by_account	user	char(32)	*
C	performance_schema	status_by_account	host	char(60)	*
C	performance_schema	status_by_account	variable_name	varchar(64)	*
C	performance_schema	status_by_account	variable_value	varchar(1024)	-11.0
C	performance_schema	status_by_host	host	char(60)	*
C	performance_schema	status_by_host	variable_name	varchar(64)	*
C	performance_schema	status_by_host	variable_value	varchar(1024)	-11.0
C	performance_schema	status_by_thread	thread_id	bigint(20) unsigned	*
C	performance_schema	status_by_thread	variable_name	varchar(64)	*
C	performance_schema	status_by_thread	variable_value	varchar(1024)	-11.0
C	performance_schema	status_by_user	user	char(32)	*
C	performance_schema	status_by_user	variable_name	varchar(64)	*
C	performance_schema	status_by_user	variable_value	varchar(1024)	-11.0
C	performance_schema	table_handles	object_type	varchar(64)	*
C	performance_schema	table_handles	object_schema	varchar(64)	*
C	performance_schema	table_handles	object_name	varchar(64)	*
C	performance_schema	table_handles	object_instance_begin	bigint(20) unsigned	*
C	performance_schema	table_handles	owner_thread_id	bigint(20) unsigned	*
C	performance_schema	table_handles	owner_event_id	bigint(20) unsigned	*
C	performance_schema	table_handles	internal_lock	varchar(64)	*
C	performance_schema	table_handles	external_lock	varchar(64)	*
C	performance_schema	table_io_waits_summary_by_index_usage	object_type	varchar(64)	*
C	performance_schema	table_io_waits_summary_by_index_usage	object_schema	varchar(64)	*
C	performance_schema	table_io_waits_summary_by_index_usage	object_name	varchar(64)	*
C	performance_schema	table_io_waits_summary_by_index_usage	index_name	varchar(64)	*
C	performance_schema	table_io_waits_summary_by_index_usage	count_star	bigint(20) unsigned	*
C	performance_schema	table_io_waits_summary_by_index_usage	sum_timer_wait	bigint(20) unsigned	*
C	performance_schema	table_io_waits_summary_by_index_usage	min_timer_wait	bigint(20) unsigned	*
C	performance_schema	table_io_waits_summary_by_index_usage	avg_timer_wait	bigint(20) unsigned	*
C	performance_schema	table_io_waits_summary_by_index_usage	max_timer_wait	bigint(20) unsigned	*
C	performance_schema	table_io_waits_summary_by_index_usage	count_read	bigint(20) unsigned	*
C	performance_schema	table_io_waits_summary_by_index_usage	sum_timer_read	bigint(20) unsigned	*
C	performance_schema	table_io_waits_summary_by_index_usage	min_timer_read	bigint(20) unsigned	*
C	performance_schema	table_io_waits_summary_by_index_usage	avg_timer_read	bigint(20) unsigned	*
C	performance_schema	table_io_waits_summary_by_index_usage	max_timer_read	bigint(20) unsigned	*
C	performance_schema	table_io_waits_summary_by_index_usage	count_write	bigint(20) unsigned	*
C	performance_schema	table_io_waits_summary_by_index_usage	sum_timer_write	bigint(20) unsigned	*
C	performance_schema	table_io_waits_summary_by_index_usage	min_timer_write	bigint(20) unsigned	*
C	performance_schema	table_io_waits_summary_by_index_usage	avg_timer_write	bigint(20) unsigned	*
C	performance_schema	table_io_waits_summary_by_index_usage	max_timer_write	bigint(20) unsigned	*
C	performance_schema	table_io_waits_summary_by_index_usage	count_fetch	bigint(20) unsigned	*
C	performance_schema	table_io_waits_summary_by_index_usage	sum_timer_fetch	bigint(20) unsigned	*
C	performance_schema	table_io_waits_summary_by_index_usage	min_timer_fetch	bigint(20) unsigned	*
C	performance_schema	table_io_waits_summary_by_index_usage	avg_timer_fetch	bigint(20) unsigned	*
C	performance_schema	table_io_waits_summary_by_index_usage	max_timer_fetch	bigint(20) unsigned	*
C	performance_schema	table_io_waits_summary_by_index_usage	count_insert	bigint(20) unsigned	*
C	performance_schema	table_io_waits_summary_by_index_usage	sum_timer_insert	bigint(20) unsigned	*
C	performance_schema	table_io_waits_summary_by_index_usage	min_timer_insert	bigint(20) unsigned	*
C	performance_schema	table_io_waits_summary_by_index_usage	avg_timer_insert	bigint(20) unsigned	*
C	performance_schema	table_io_waits_summary_by_index_usage	max_timer_insert	bigint(20) unsigned	*
C	performance_schema	table_io_waits_summary_by_index_usage	count_update	bigint(20) unsigned	*
C	performance_schema	table_io_waits_summary_by_index_usage	sum_timer_update	bigint(20) unsigned	*
C	performance_schema	table_io_waits_summary_by_index_usage	min_timer_update	bigint(20) unsigned	*
C	performance_schema	table_io_waits_summary_by_index_usage	avg_timer_update	bigint(20) unsigned	*
C	performance_schema	table_io_waits_summary_by_index_usage	max_timer_update	bigint(20) unsigned	*
C	performance_schema	table_io_waits_summary_by_index_usage	count_delete	bigint(20) unsigned	*
C	performance_schema	table_io_waits_summary_by_index_usage	sum_timer_delete	bigint(20) unsigned	*
C	performance_schema	table_io_waits_summary_by_index_usage	min_timer_delete	bigint(20) unsigned	*
C	performance_schema	table_io_waits_summary_by_index_usage	avg_timer_delete	bigint(20) unsigned	*
C	performance_schema	table_io_waits_summary_by_index_usage	max_timer_delete	bigint(20) unsigned	*
C	performance_schema	table_io_waits_summary_by_table	object_type	varchar(64)	*
C	performance_schema	table_io_waits_summary_by_table	object_schema	varchar(64)	*
C	performance_schema	table_io_waits_summary_by_table	object_name	varchar(64)	*
C	performance_schema	table_io_waits_summary_by_table	count_star	bigint(20) unsigned	*
C	performance_schema	table_io_waits_summary_by_table	sum_timer_wait	bigint(20) unsigned	*
C	performance_schema	table_io_waits_summary_by_table	min_timer_wait	bigint(20) unsigned	*
C	performance_schema	table_io_waits_summary_by_table	avg_timer_wait	bigint(20) unsigned	*
C	performance_schema	table_io_waits_summary_by_table	max_timer_wait	bigint(20) unsigned	*
C	performance_schema	table_io_waits_summary_by_table	count_read	bigint(20) unsigned	*
C	performance_schema	table_io_waits_summary_by_table	sum_timer_read	bigint(20) unsigned	*
C	performance_schema	table_io_waits_summary_by_table	min_timer_read	bigint(20) unsigned	*
C	performance_schema	table_io_waits_summary_by_table	avg_timer_read	bigint(20) unsigned	*
C	performance_schema	table_io_waits_summary_by_table	max_timer_read	bigint(20) unsigned	*
C	performance_schema	table_io_waits_summary_by_table	count_write	bigint(20) unsigned	*
C	performance_schema	table_io_waits_summary_by_table	sum_timer_write	bigint(20) unsigned	*
C	performance_schema	table_io_waits_summary_by_table	min_timer_write	bigint(20) unsigned	*
C	performance_schema	table_io_waits_summary_by_table	avg_timer_write	bigint(20) unsigned	*
C	performance_schema	table_io_waits_summary_by_table	max_timer_write	bigint(20) unsigned	*
C	performance_schema	table_io_waits_summary_by_table	count_fetch	bigint(20) unsigned	*
C	performance_schema	table_io_waits_summary_by_table	sum_timer_fetch	bigint(20) unsigned	*
C	performance_schema	table_io_waits_summary_by_table	min_timer_fetch	bigint(20) unsigned	*
C	performance_schema	table_io_waits_summary_by_table	avg_timer_fetch	bigint(20) unsigned	*
C	performance_schema	table_io_waits_summary_by_table	max_timer_fetch	bigint(20) unsigned	*
C	performance_schema	table_io_waits_summary_by_table	count_insert	bigint(20) unsigned	*
C	performance_schema	table_io_waits_summary_by_table	sum_timer_insert	bigint(20) unsigned	*
C	performance_schema	table_io_waits_summary_by_table	min_timer_insert	bigint(20) unsigned	*
C	performance_schema	table_io_waits_summary_by_table	avg_timer_insert	bigint(20) unsigned	*
C	performance_schema	table_io_waits_summary_by_table	max_timer_insert	bigint(20) unsigned	*
C	performance_schema	table_io_waits_summary_by_table	count_update	bigint(20) unsigned	*
C	performance_schema	table_io_waits_summary_by_table	sum_timer_update	bigint(20) unsigned	*
C	performance_schema	table_io_waits_summary_by_table	min_timer_update	bigint(20) unsigned	*
C	performance_schema	table_io_waits_summary_by_table	avg_timer_update	bigint(20) unsigned	*
C	performance_schema	table_io_waits_summary_by_table	max_timer_update	bigint(20) unsigned	*
C	performance_schema	table_io_waits_summary_by_table	count_delete	bigint(20) unsigned	*
C	performance_schema	table_io_waits_summary_by_table	sum_timer_delete	bigint(20) unsigned	*
C	performance_schema	table_io_waits_summary_by_table	min_timer_delete	bigint(20) unsigned	*
C	performance_schema	table_io_waits_summary_by_table	avg_timer_delete	bigint(20) unsigned	*
C	performance_schema	table_io_waits_summary_by_table	max_timer_delete	bigint(20) unsigned	*
C	performance_schema	table_lock_waits_summary_by_table	object_type	varchar(64)	*
C	performance_schema	table_lock_waits_summary_by_table	object_schema	varchar(64)	*
C	performance_schema	table_lock_waits_summary_by_table	object_name	varchar(64)	*
C	performance_schema	table_lock_waits_summary_by_table	count_star	bigint(20) unsigned	*
C	performance_schema	table_lock_waits_summary_by_table	sum_timer_wait	bigint(20) unsigned	*
C	performance_schema	table_lock_waits_summary_by_table	min_timer_wait	bigint(20) unsigned	*
C	performance_schema	table_lock_waits_summary_by_table	avg_timer_wait	bigint(20) unsigned	*
C	performance_schema	table_lock_waits_summary_by_table	max_timer_wait	bigint(20) unsigned	*
C	performance_schema	table_lock_waits_summary_by_table	count_read	bigint(20) unsigned	*
C	performance_schema	table_lock_waits_summary_by_table	sum_timer_read	bigint(20) unsigned	*
C	performance_schema	table_lock_waits_summary_by_table	min_timer_read	bigint(20) unsigned	*
C	performance_schema	table_lock_waits_summary_by_table	avg_timer_read	bigint(20) unsigned	*
C	performance_schema	table_lock_waits_summary_by_table	max_timer_read	bigint(20) unsigned	*
C	performance_schema	table_lock_waits_summary_by_table	count_write	bigint(20) unsigned	*
C	performance_schema	table_lock_waits_summary_by_table	sum_timer_write	bigint(20) unsigned	*
C	performance_schema	table_lock_waits_summary_by_table	min_timer_write	bigint(20) unsigned	*
C	performance_schema	table_lock_waits_summary_by_table	avg_timer_write	bigint(20) unsigned	*
C	performance_schema	table_lock_waits_summary_by_table	max_timer_write	bigint(20) unsigned	*
C	performance_schema	table_lock_waits_summary_by_table	count_read_normal	bigint(20) unsigned	*
C	performance_schema	table_lock_waits_summary_by_table	sum_timer_read_normal	bigint(20) unsigned	*
C	performance_schema	table_lock_waits_summary_by_table	min_timer_read_normal	bigint(20) unsigned	*
C	performance_schema	table_lock_waits_summary_by_table	avg_timer_read_normal	bigint(20) unsigned	*
C	performance_schema	table_lock_waits_summary_by_table	max_timer_read_normal	bigint(20) unsigned	*
C	performance_schema	table_lock_waits_summary_by_table	count_read_with_shared_locks	bigint(20) unsigned	*
C	performance_schema	table_lock_waits_summary_by_table	sum_timer_read_with_shared_locks	bigint(20) unsigned	*
C	performance_schema	table_lock_waits_summary_by_table	min_timer_read_with_shared_locks	bigint(20) unsigned	*
C	performance_schema	table_lock_waits_summary_by_table	avg_timer_read_with_shared_locks	bigint(20) unsigned	*
C	performance_schema	table_lock_waits_summary_by_table	max_timer_read_with_shared_locks	bigint(20) unsigned	*
C	performance_schema	table_lock_waits_summary_by_table	count_read_high_priority	bigint(20) unsigned	*
C	performance_schema	table_lock_waits_summary_by_table	sum_timer_read_high_priority	bigint(20) unsigned	*
C	performance_schema	table_lock_waits_summary_by_table	min_timer_read_high_priority	bigint(20) unsigned	*
C	performance_schema	table_lock_waits_summary_by_table	avg_timer_read_high_priority	bigint(20) unsigned	*
C	performance_schema	table_lock_waits_summary_by_table	max_timer_read_high_priority	bigint(20) unsigned	*
C	performance_schema	table_lock_waits_summary_by_table	count_read_no_insert	bigint(20) unsigned	*
C	performance_schema	table_lock_waits_summary_by_table	sum_timer_read_no_insert	bigint(20) unsigned	*
C	performance_schema	table_lock_waits_summary_by_table	min_timer_read_no_insert	bigint(20) unsigned	*
C	performance_schema	table_lock_waits_summary_by_table	avg_timer_read_no_insert	bigint(20) unsigned	*
C	performance_schema	table_lock_waits_summary_by_table	max_timer_read_no_insert	bigint(20) unsigned	*
C	performance_schema	table_lock_waits_summary_by_table	count_read_external	bigint(20) unsigned	*
C	performance_schema	table_lock_waits_summary_by_table	sum_timer_read_external	bigint(20) unsigned	*
C	performance_schema	table_lock_waits_summary_by_table	min_timer_read_external	bigint(20) unsigned	*
C	performance_schema	table_lock_waits_summary_by_table	avg_timer_read_external	bigint(20) unsigned	*
C	performance_schema	table_lock_waits_summary_by_table	max_timer_read_external	bigint(20) unsigned	*
C	performance_schema	table_lock_waits_summary_by_table	count_write_allow_write	bigint(20) unsigned	*
C	performance_schema	table_lock_waits_summary_by_table	sum_timer_write_allow_write	bigint(20) unsigned	*
C	performance_schema	table_lock_waits_summary_by_table	min_timer_write_allow_write	bigint(20) unsigned	*
C	performance_schema	table_lock_waits_summary_by_table	avg_timer_write_allow_write	bigint(20) unsigned	*
C	performance_schema	table_lock_waits_summary_by_table	max_timer_write_allow_write	bigint(20) unsigned	*
C	performance_schema	table_lock_waits_summary_by_table	count_write_concurrent_insert	bigint(20) unsigned	*
C	performance_schema	table_lock_waits_summary_by_table	sum_timer_write_concurrent_insert	bigint(20) unsigned	*
C	performance_schema	table_lock_waits_summary_by_table	min_timer_write_concurrent_insert	bigint(20) unsigned	*
C	performance_schema	table_lock_waits_summary_by_table	avg_timer_write_concurrent_insert	bigint(20) unsigned	*
C	performance_schema	table_lock_waits_summary_by_table	max_timer_write_concurrent_insert	bigint(20) unsigned	*
C	performance_schema	table_lock_waits_summary_by_table	count_write_delayed	bigint(20) unsigned	*
C	performance_schema	table_lock_waits_summary_by_table	sum_timer_write_delayed	bigint(20) unsigned	*
C	performance_schema	table_lock_waits_summary_by_table	min_timer_write_delayed	bigint(20) unsigned	*
C	performance_schema	table_lock_waits_summary_by_table	avg_timer_write_delayed	bigint(20) unsigned	*
C	performance_schema	table_lock_waits_summary_by_table	max_timer_write_delayed	bigint(20) unsigned	*
C	performance_schema	table_lock_waits_summary_by_table	count_write_low_priority	bigint(20) unsigned	*
C	performance_schema	table_lock_waits_summary_by_table	sum_timer_write_low_priority	bigint(20) unsigned	*
C	performance_schema	table_lock_waits_summary_by_table	min_timer_write_low_priority	bigint(20) unsigned	*
C	performance_schema	table_lock_waits_summary_by_table	avg_timer_write_low_priority	bigint(20) unsigned	*
C	performance_schema	table_lock_waits_summary_by_table	max_timer_write_low_priority	bigint(20) unsigned	*
C	performance_schema	table_lock_waits_summary_by_table	count_write_normal	bigint(20) unsigned	*
C	performance_schema	table_lock_waits_summary_by_table	sum_timer_write_normal	bigint(20) unsigned	*
C	performance_schema	table_lock_waits_summary_by_table	min_timer_write_normal	bigint(20) unsigned	*
C	performance_schema	table_lock_waits_summary_by_table	avg_timer_write_normal	bigint(20) unsigned	*
C	performance_schema	table_lock_waits_summary_by_table	max_timer_write_normal	bigint(20) unsigned	*
C	performance_schema	table_lock_waits_summary_by_table	count_write_external	bigint(20) unsigned	*
C	performance_schema	table_lock_waits_summary_by_table	sum_timer_write_external	bigint(20) unsigned	*
C	performance_schema	table_lock_waits_summary_by_table	min_timer_write_external	bigint(20) unsigned	*
C	performance_schema	table_lock_waits_summary_by_table	avg_timer_write_external	bigint(20) unsigned	*
C	performance_schema	table_lock_waits_summary_by_table	max_timer_write_external	bigint(20) unsigned	*
C	performance_schema	threads	thread_id	bigint(20) unsigned	*
C	performance_schema	threads	name	varchar(128)	*
C	performance_schema	threads	type	varchar(10)	*
C	performance_schema	threads	processlist_id	bigint(20) unsigned	*
C	performance_schema	threads	processlist_user	varchar(128)	*
C	performance_schema	threads	processlist_host	varchar(255)	*
C	performance_schema	threads	processlist_db	varchar(64)	*
C	performance_schema	threads	processlist_command	varchar(16)	*
C	performance_schema	threads	processlist_time	bigint(20)	*
C	performance_schema	threads	processlist_state	varchar(64)	*
C	performance_schema	threads	processlist_info	longtext	*
C	performance_schema	threads	parent_thread_id	bigint(20) unsigned	*
C	performance_schema	threads	role	varchar(64)	*
C	performance_schema	threads	instrumented	enum('YES','NO')	*
C	performance_schema	threads	history	enum('YES','NO')	*
C	performance_schema	threads	connection_type	varchar(16)	*
C	performance_schema	threads	thread_os_id	bigint(20) unsigned	*
C	performance_schema	users	user	char(128)	*
C	performance_schema	users	current_connections	bigint(20)	*
C	performance_schema	users	total_connections	bigint(20)	*
C	performance_schema	user_variables_by_thread	thread_id	bigint(20) unsigned	*
C	performance_schema	user_variables_by_thread	variable_name	varchar(64)	*
C	performance_schema	user_variables_by_thread	variable_value	longblob	*
C	sys	host_summary	host	varchar(255)	*
C	sys	host_summary	statements	decimal(64,0)	*
C	sys	host_summary	statement_latency	varchar(12)	*
C	sys	host_summary	statement_avg_latency	varchar(12)	*
C	sys	host_summary	table_scans	decimal(65,0)	*
C	sys	host_summary	file_ios	decimal(64,0)	*
C	sys	host_summary	file_io_latency	varchar(12)	*
C	sys	host_summary	current_connections	decimal(41,0)	*
C	sys	host_summary	total_connections	decimal(41,0)	*
C	sys	host_summary	unique_users	bigint(21)	*
C	sys	host_summary	current_memory	text	-11.4
C	sys	host_summary	total_memory_allocated	text	-11.4
C	sys	host_summary_by_file_io	host	varchar(255)	*
C	sys	host_summary_by_file_io	ios	decimal(42,0)	*
C	sys	host_summary_by_file_io	io_latency	varchar(12)	*
C	sys	host_summary_by_file_io_type	host	varchar(255)	*
C	sys	host_summary_by_file_io_type	event_name	varchar(128)	*
C	sys	host_summary_by_file_io_type	total	bigint(20) unsigned	*
C	sys	host_summary_by_file_io_type	total_latency	varchar(12)	*
C	sys	host_summary_by_file_io_type	max_latency	varchar(12)	*
C	sys	host_summary_by_stages	host	varchar(255)	*
C	sys	host_summary_by_stages	event_name	varchar(128)	*
C	sys	host_summary_by_stages	total	bigint(20) unsigned	*
C	sys	host_summary_by_stages	total_latency	varchar(12)	*
C	sys	host_summary_by_stages	avg_latency	varchar(12)	*
C	sys	host_summary_by_statement_latency	host	varchar(255)	*
C	sys	host_summary_by_statement_latency	total	decimal(42,0)	*
C	sys	host_summary_by_statement_latency	total_latency	varchar(12)	*
C	sys	host_summary_by_statement_latency	max_latency	varchar(12)	*
C	sys	host_summary_by_statement_latency	lock_latency	varchar(12)	*
C	sys	host_summary_by_statement_latency	rows_sent	decimal(42,0)	*
C	sys	host_summary_by_statement_latency	rows_examined	decimal(42,0)	*
C	sys	host_summary_by_statement_latency	rows_affected	decimal(42,0)	*
C	sys	host_summary_by_statement_latency	full_scans	decimal(43,0)	*
C	sys	host_summary_by_statement_type	host	varchar(255)	*
C	sys	host_summary_by_statement_type	statement	varchar(128)	*
C	sys	host_summary_by_statement_type	total	bigint(20) unsigned	*
C	sys	host_summary_by_statement_type	total_latency	varchar(12)	*
C	sys	host_summary_by_statement_type	max_latency	varchar(12)	*
C	sys	host_summary_by_statement_type	lock_latency	varchar(12)	*
C	sys	host_summary_by_statement_type	rows_sent	bigint(20) unsigned	*
C	sys	host_summary_by_statement_type	rows_examined	bigint(20) unsigned	*
C	sys	host_summary_by_statement_type	rows_affected	bigint(20) unsigned	*
C	sys	host_summary_by_statement_type	full_scans	bigint(21) unsigned	*
C	sys	innodb_buffer_stats_by_schema	object_schema	text	*
C	sys	innodb_buffer_stats_by_schema	allocated	text	-11.4
C	sys	innodb_buffer_stats_by_schema	data	text	-11.4
C	sys	innodb_buffer_stats_by_schema	pages	bigint(21)	*
C	sys	innodb_buffer_stats_by_schema	pages_hashed	bigint(21)	*
C	sys	innodb_buffer_stats_by_schema	pages_old	bigint(21)	*
C	sys	innodb_buffer_stats_by_schema	rows_cached	decimal(44,0)	*
C	sys	innodb_buffer_stats_by_table	object_schema	text	*
C	sys	innodb_buffer_stats_by_table	object_name	text	*
C	sys	innodb_buffer_stats_by_table	allocated	text	-11.4
C	sys	innodb_buffer_stats_by_table	data	text	-11.4
C	sys	innodb_buffer_stats_by_table	pages	bigint(21)	*
C	sys	innodb_buffer_stats_by_table	pages_hashed	bigint(21)	*
C	sys	innodb_buffer_stats_by_table	pages_old	bigint(21)	*
C	sys	innodb_buffer_stats_by_table	rows_cached	decimal(44,0)	*
C	sys	innodb_lock_waits	wait_started	datetime	*
C	sys	innodb_lock_waits	wait_age	time /* mariadb-5.3 */	*
C	sys	innodb_lock_waits	wait_age_secs	bigint(21)	*
C	sys	innodb_lock_waits	locked_table	varchar(1024)	*
C	sys	innodb_lock_waits	locked_index	varchar(1024)	*
C	sys	innodb_lock_waits	locked_type	enum('RECORD','TABLE')	*
C	sys	innodb_lock_waits	waiting_trx_id	bigint(21) unsigned	*
C	sys	innodb_lock_waits	waiting_trx_started	datetime	*
C	sys	innodb_lock_waits	waiting_trx_age	time /* mariadb-5.3 */	*
C	sys	innodb_lock_waits	waiting_trx_rows_locked	bigint(21) unsigned	*
C	sys	innodb_lock_waits	waiting_trx_rows_modified	bigint(21) unsigned	*
C	sys	innodb_lock_waits	waiting_pid	bigint(21) unsigned	*
C	sys	innodb_lock_waits	waiting_query	longtext	*
C	sys	innodb_lock_waits	waiting_lock_id	varchar(81)	*
C	sys	innodb_lock_waits	waiting_lock_mode	enum('S','S,GAP','X','X,GAP','IS','IS,GAP','IX','IX,GAP','AUTO_INC')	*
C	sys	innodb_lock_waits	blocking_trx_id	bigint(21) unsigned	*
C	sys	innodb_lock_waits	blocking_pid	bigint(21) unsigned	*
C	sys	innodb_lock_waits	blocking_query	longtext	*
C	sys	innodb_lock_waits	blocking_lock_id	varchar(81)	*
C	sys	innodb_lock_waits	blocking_lock_mode	enum('S','S,GAP','X','X,GAP','IS','IS,GAP','IX','IX,GAP','AUTO_INC')	*
C	sys	innodb_lock_waits	blocking_trx_started	datetime	*
C	sys	innodb_lock_waits	blocking_trx_age	time /* mariadb-5.3 */	*
C	sys	innodb_lock_waits	blocking_trx_rows_locked	bigint(21) unsigned	*
C	sys	innodb_lock_waits	blocking_trx_rows_modified	bigint(21) unsigned	*
C	sys	innodb_lock_waits	sql_kill_blocking_query	varchar(32)	*
C	sys	innodb_lock_waits	sql_kill_blocking_connection	varchar(26)	*
C	sys	io_by_thread_by_latency	user	varchar(384)	*
C	sys	io_by_thread_by_latency	total	decimal(42,0)	*
C	sys	io_by_thread_by_latency	total_latency	varchar(12)	*
C	sys	io_by_thread_by_latency	min_latency	varchar(12)	*
C	sys	io_by_thread_by_latency	avg_latency	varchar(12)	*
C	sys	io_by_thread_by_latency	max_latency	varchar(12)	*
C	sys	io_by_thread_by_latency	thread_id	bigint(20) unsigned	*
C	sys	io_by_thread_by_latency	processlist_id	bigint(20) unsigned	*
C	sys	io_global_by_file_by_bytes	file	varchar(512)	*
C	sys	io_global_by_file_by_bytes	count_read	bigint(20) unsigned	*
C	sys	io_global_by_file_by_bytes	total_read	text	-11.4
C	sys	io_global_by_file_by_bytes	avg_read	text	-11.4
C	sys	io_global_by_file_by_bytes	count_write	bigint(20) unsigned	*
C	sys	io_global_by_file_by_bytes	total_written	text	-11.4
C	sys	io_global_by_file_by_bytes	avg_write	text	-11.4
C	sys	io_global_by_file_by_bytes	total	text	-11.4
C	sys	io_global_by_file_by_bytes	write_pct	decimal(26,2)	*
C	sys	io_global_by_file_by_latency	file	varchar(512)	*
C	sys	io_global_by_file_by_latency	total	bigint(20) unsigned	*
C	sys	io_global_by_file_by_latency	total_latency	varchar(12)	*
C	sys	io_global_by_file_by_latency	count_read	bigint(20) unsigned	*
C	sys	io_global_by_file_by_latency	read_latency	varchar(12)	*
C	sys	io_global_by_file_by_latency	count_write	bigint(20) unsigned	*
C	sys	io_global_by_file_by_latency	write_latency	varchar(12)	*
C	sys	io_global_by_file_by_latency	count_misc	bigint(20) unsigned	*
C	sys	io_global_by_file_by_latency	misc_latency	varchar(12)	*
C	sys	io_global_by_wait_by_bytes	event_name	varchar(128)	*
C	sys	io_global_by_wait_by_bytes	total	bigint(20) unsigned	*
C	sys	io_global_by_wait_by_bytes	total_latency	varchar(12)	*
C	sys	io_global_by_wait_by_bytes	min_latency	varchar(12)	*
C	sys	io_global_by_wait_by_bytes	avg_latency	varchar(12)	*
C	sys	io_global_by_wait_by_bytes	max_latency	varchar(12)	*
C	sys	io_global_by_wait_by_bytes	count_read	bigint(20) unsigned	*
C	sys	io_global_by_wait_by_bytes	total_read	text	-11.4
C	sys	io_global_by_wait_by_bytes	avg_read	text	-11.4
C	sys	io_global_by_wait_by_bytes	count_write	bigint(20) unsigned	*
C	sys	io_global_by_wait_by_bytes	total_written	text	-11.4
C	sys	io_global_by_wait_by_bytes	avg_written	text	-11.4
C	sys	io_global_by_wait_by_bytes	total_requested	text	-11.4
C	sys	io_global_by_wait_by_latency	event_name	varchar(128)	*
C	sys	io_global_by_wait_by_latency	total	bigint(20) unsigned	*
C	sys	io_global_by_wait_by_latency	total_latency	varchar(12)	*
C	sys	io_global_by_wait_by_latency	avg_latency	varchar(12)	*
C	sys	io_global_by_wait_by_latency	max_latency	varchar(12)	*
C	sys	io_global_by_wait_by_latency	read_latency	varchar(12)	*
C	sys	io_global_by_wait_by_latency	write_latency	varchar(12)	*
C	sys	io_global_by_wait_by_latency	misc_latency	varchar(12)	*
C	sys	io_global_by_wait_by_latency	count_read	bigint(20) unsigned	*
C	sys	io_global_by_wait_by_latency	total_read	text	-11.4
C	sys	io_global_by_wait_by_latency	avg_read	text	-11.4
C	sys	io_global_by_wait_by_latency	count_write	bigint(20) unsigned	*
C	sys	io_global_by_wait_by_latency	total_written	text	-11.4
C	sys	io_global_by_wait_by_latency	avg_written	text	-11.4
C	sys	latest_file_io	thread	varchar(214)	*
C	sys	latest_file_io	file	varchar(512)	*
C	sys	latest_file_io	latency	varchar(12)	*
C	sys	latest_file_io	operation	varchar(32)	*
C	sys	latest_file_io	requested	text	-11.4
C	sys	memory_by_host_by_current_bytes	host	varchar(60)	*
C	sys	memory_by_host_by_current_bytes	current_count_used	decimal(41,0)	*
C	sys	memory_by_host_by_current_bytes	current_allocated	text	-11.4
C	sys	memory_by_host_by_current_bytes	current_avg_alloc	text	-11.4
C	sys	memory_by_host_by_current_bytes	current_max_alloc	text	-11.4
C	sys	memory_by_host_by_current_bytes	total_allocated	text	-11.4
C	sys	memory_by_thread_by_current_bytes	thread_id	bigint(20) unsigned	*
C	sys	memory_by_thread_by_current_bytes	user	varchar(384)	*
C	sys	memory_by_thread_by_current_bytes	current_count_used	decimal(41,0)	*
C	sys	memory_by_thread_by_current_bytes	current_allocated	text	-11.4
C	sys	memory_by_thread_by_current_bytes	current_avg_alloc	text	-11.4
C	sys	memory_by_thread_by_current_bytes	current_max_alloc	text	-11.4
C	sys	memory_by_thread_by_current_bytes	total_allocated	text	-11.4
C	sys	memory_by_user_by_current_bytes	user	varchar(32)	*
C	sys	memory_by_user_by_current_bytes	current_count_used	decimal(41,0)	*
C	sys	memory_by_user_by_current_bytes	current_allocated	text	-11.4
C	sys	memory_by_user_by_current_bytes	current_avg_alloc	text	-11.4
C	sys	memory_by_user_by_current_bytes	current_max_alloc	text	-11.4
C	sys	memory_by_user_by_current_bytes	total_allocated	text	-11.4
C	sys	memory_global_by_current_bytes	event_name	varchar(128)	*
C	sys	memory_global_by_current_bytes	current_count	bigint(20)	*
C	sys	memory_global_by_current_bytes	current_alloc	text	-11.4
C	sys	memory_global_by_current_bytes	current_avg_alloc	text	-11.4
C	sys	memory_global_by_current_bytes	high_count	bigint(20)	*
C	sys	memory_global_by_current_bytes	high_alloc	text	-11.4
C	sys	memory_global_by_current_bytes	high_avg_alloc	text	-11.4
C	sys	memory_global_total	total_allocated	text	-11.4
C	sys	metrics	variable_name	varchar(193)	*
C	sys	metrics	variable_value	varchar(1024)	-11.0
C	sys	metrics	type	varchar(210)	*
C	sys	metrics	enabled	varchar(3)	*
C	sys	processlist	thd_id	bigint(20) unsigned	*
C	sys	processlist	conn_id	bigint(20) unsigned	*
C	sys	processlist	user	varchar(384)	*
C	sys	processlist	db	varchar(64)	*
C	sys	processlist	command	varchar(16)	*
C	sys	processlist	state	varchar(64)	*
C	sys	processlist	time	bigint(20)	*
C	sys	processlist	current_statement	longtext	*
C	sys	processlist	statement_latency	varchar(12)	*
C	sys	processlist	progress	decimal(26,2)	*
C	sys	processlist	lock_latency	varchar(12)	*
C	sys	processlist	rows_examined	bigint(20) unsigned	*
C	sys	processlist	rows_sent	bigint(20) unsigned	*
C	sys	processlist	rows_affected	bigint(20) unsigned	*
C	sys	processlist	tmp_tables	bigint(20) unsigned	*
C	sys	processlist	tmp_disk_tables	bigint(20) unsigned	*
C	sys	processlist	full_scan	varchar(3)	*
C	sys	processlist	last_statement	longtext	*
C	sys	processlist	last_statement_latency	varchar(12)	*
C	sys	processlist	current_memory	text	-11.4
C	sys	processlist	last_wait	varchar(128)	*
C	sys	processlist	last_wait_latency	varchar(13)	*
C	sys	processlist	source	varchar(64)	*
C	sys	processlist	trx_latency	varchar(12)	*
C	sys	processlist	trx_state	enum('ACTIVE','COMMITTED','ROLLED BACK')	*
C	sys	processlist	trx_autocommit	enum('YES','NO')	*
C	sys	processlist	pid	varchar(1024)	*
C	sys	processlist	program_name	varchar(1024)	*
C	sys	ps_check_lost_instrumentation	variable_name	varchar(64)	*
C	sys	ps_check_lost_instrumentation	variable_value	varchar(1024)	-11.0
C	sys	schema_auto_increment_columns	table_schema	varchar(64)	*
C	sys	schema_auto_increment_columns	table_name	varchar(64)	*
C	sys	schema_auto_increment_columns	column_name	varchar(64)	*
C	sys	schema_auto_increment_columns	data_type	varchar(64)	*
C	sys	schema_auto_increment_columns	column_type	longtext	*
C	sys	schema_auto_increment_columns	is_signed	int(1)	*
C	sys	schema_auto_increment_columns	is_unsigned	int(1)	*
C	sys	schema_auto_increment_columns	max_value	bigint(21) unsigned	*
C	sys	schema_auto_increment_columns	auto_increment	bigint(21) unsigned	*
C	sys	schema_auto_increment_columns	auto_increment_ratio	decimal(25,4) unsigned	*
C	sys	schema_index_statistics	table_schema	varchar(64)	*
C	sys	schema_index_statistics	table_name	varchar(64)	*
C	sys	schema_index_statistics	index_name	varchar(64)	*
C	sys	schema_index_statistics	rows_selected	bigint(20) unsigned	*
C	sys	schema_index_statistics	select_latency	varchar(12)	*
C	sys	schema_index_statistics	rows_inserted	bigint(20) unsigned	*
C	sys	schema_index_statistics	insert_latency	varchar(12)	*
C	sys	schema_index_statistics	rows_updated	bigint(20) unsigned	*
C	sys	schema_index_statistics	update_latency	varchar(12)	*
C	sys	schema_index_statistics	rows_deleted	bigint(20) unsigned	*
C	sys	schema_index_statistics	delete_latency	varchar(12)	*
C	sys	schema_object_overview	db	varchar(64)	*
C	sys	schema_object_overview	object_type	varchar(64)	*
C	sys	schema_object_overview	count	bigint(21)	*
C	sys	schema_redundant_indexes	table_schema	varchar(64)	*
C	sys	schema_redundant_indexes	table_name	varchar(64)	*
C	sys	schema_redundant_indexes	redundant_index_name	varchar(64)	*
C	sys	schema_redundant_indexes	redundant_index_columns	mediumtext	*
C	sys	schema_redundant_indexes	redundant_index_non_unique	bigint(1)	*
C	sys	schema_redundant_indexes	dominant_index_name	varchar(64)	*
C	sys	schema_redundant_indexes	dominant_index_columns	mediumtext	*
C	sys	schema_redundant_indexes	dominant_index_non_unique	bigint(1)	*
C	sys	schema_redundant_indexes	subpart_exists	int(1)	-11.0
C	sys	schema_redundant_indexes	sql_drop_index	varchar(223)	*
C	sys	schema_tables_with_full_table_scans	object_schema	varchar(64)	*
C	sys	schema_tables_with_full_table_scans	object_name	varchar(64)	*
C	sys	schema_tables_with_full_table_scans	rows_full_scanned	bigint(20) unsigned	*
C	sys	schema_tables_with_full_table_scans	latency	varchar(12)	*
C	sys	schema_table_lock_waits	object_schema	varchar(64)	*
C	sys	schema_table_lock_waits	object_name	varchar(64)	*
C	sys	schema_table_lock_waits	waiting_thread_id	bigint(20) unsigned	*
C	sys	schema_table_lock_waits	waiting_pid	bigint(20) unsigned	*
C	sys	schema_table_lock_waits	waiting_account	text	*
C	sys	schema_table_lock_waits	waiting_lock_type	varchar(32)	*
C	sys	schema_table_lock_waits	waiting_lock_duration	varchar(32)	*
C	sys	schema_table_lock_waits	waiting_query	longtext	*
C	sys	schema_table_lock_waits	waiting_query_secs	bigint(20)	*
C	sys	schema_table_lock_waits	waiting_query_rows_affected	bigint(20) unsigned	*
C	sys	schema_table_lock_waits	waiting_query_rows_examined	bigint(20) unsigned	*
C	sys	schema_table_lock_waits	blocking_thread_id	bigint(20) unsigned	*
C	sys	schema_table_lock_waits	blocking_pid	bigint(20) unsigned	*
C	sys	schema_table_lock_waits	blocking_account	text	*
C	sys	schema_table_lock_waits	blocking_lock_type	varchar(32)	*
C	sys	schema_table_lock_waits	blocking_lock_duration	varchar(32)	*
C	sys	schema_table_lock_waits	sql_kill_blocking_query	varchar(31)	*
C	sys	schema_table_lock_waits	sql_kill_blocking_connection	varchar(25)	*
C	sys	schema_table_statistics	table_schema	varchar(64)	*
C	sys	schema_table_statistics	table_name	varchar(64)	*
C	sys	schema_table_statistics	total_latency	varchar(12)	*
C	sys	schema_table_statistics	rows_fetched	bigint(20) unsigned	*
C	sys	schema_table_statistics	fetch_latency	varchar(12)	*
C	sys	schema_table_statistics	rows_inserted	bigint(20) unsigned	*
C	sys	schema_table_statistics	insert_latency	varchar(12)	*
C	sys	schema_table_statistics	rows_updated	bigint(20) unsigned	*
C	sys	schema_table_statistics	update_latency	varchar(12)	*
C	sys	schema_table_statistics	rows_deleted	bigint(20) unsigned	*
C	sys	schema_table_statistics	delete_latency	varchar(12)	*
C	sys	schema_table_statistics	io_read_requests	decimal(42,0)	*
C	sys	schema_table_statistics	io_read	text	-11.4
C	sys	schema_table_statistics	io_read_latency	varchar(12)	*
C	sys	schema_table_statistics	io_write_requests	decimal(42,0)	*
C	sys	schema_table_statistics	io_write	text	-11.4
C	sys	schema_table_statistics	io_write_latency	varchar(12)	*
C	sys	schema_table_statistics	io_misc_requests	decimal(42,0)	*
C	sys	schema_table_statistics	io_misc_latency	varchar(12)	*
C	sys	schema_table_statistics_with_buffer	table_schema	varchar(64)	*
C	sys	schema_table_statistics_with_buffer	table_name	varchar(64)	*
C	sys	schema_table_statistics_with_buffer	rows_fetched	bigint(20) unsigned	*
C	sys	schema_table_statistics_with_buffer	fetch_latency	varchar(12)	*
C	sys	schema_table_statistics_with_buffer	rows_inserted	bigint(20) unsigned	*
C	sys	schema_table_statistics_with_buffer	insert_latency	varchar(12)	*
C	sys	schema_table_statistics_with_buffer	rows_updated	bigint(20) unsigned	*
C	sys	schema_table_statistics_with_buffer	update_latency	varchar(12)	*
C	sys	schema_table_statistics_with_buffer	rows_deleted	bigint(20) unsigned	*
C	sys	schema_table_statistics_with_buffer	delete_latency	varchar(12)	*
C	sys	schema_table_statistics_with_buffer	io_read_requests	decimal(42,0)	*
C	sys	schema_table_statistics_with_buffer	io_read	text	-11.4
C	sys	schema_table_statistics_with_buffer	io_read_latency	varchar(12)	*
C	sys	schema_table_statistics_with_buffer	io_write_requests	decimal(42,0)	*
C	sys	schema_table_statistics_with_buffer	io_write	text	-11.4
C	sys	schema_table_statistics_with_buffer	io_write_latency	varchar(12)	*
C	sys	schema_table_statistics_with_buffer	io_misc_requests	decimal(42,0)	*
C	sys	schema_table_statistics_with_buffer	io_misc_latency	varchar(12)	*
C	sys	schema_table_statistics_with_buffer	innodb_buffer_allocated	text	-11.4
C	sys	schema_table_statistics_with_buffer	innodb_buffer_data	text	-11.4
C	sys	schema_table_statistics_with_buffer	innodb_buffer_free	text	-11.4
C	sys	schema_table_statistics_with_buffer	innodb_buffer_pages	bigint(21)	*
C	sys	schema_table_statistics_with_buffer	innodb_buffer_pages_hashed	bigint(21)	*
C	sys	schema_table_statistics_with_buffer	innodb_buffer_pages_old	bigint(21)	*
C	sys	schema_table_statistics_with_buffer	innodb_buffer_rows_cached	decimal(44,0)	*
C	sys	schema_unused_indexes	object_schema	varchar(64)	*
C	sys	schema_unused_indexes	object_name	varchar(64)	*
C	sys	schema_unused_indexes	index_name	varchar(64)	*
C	sys	session	thd_id	bigint(20) unsigned	*
C	sys	session	conn_id	bigint(20) unsigned	*
C	sys	session	user	varchar(384)	*
C	sys	session	db	varchar(64)	*
C	sys	session	command	varchar(16)	*
C	sys	session	state	varchar(64)	*
C	sys	session	time	bigint(20)	*
C	sys	session	current_statement	longtext	*
C	sys	session	statement_latency	varchar(12)	*
C	sys	session	progress	decimal(26,2)	*
C	sys	session	lock_latency	varchar(12)	*
C	sys	session	rows_examined	bigint(20) unsigned	*
C	sys	session	rows_sent	bigint(20) unsigned	*
C	sys	session	rows_affected	bigint(20) unsigned	*
C	sys	session	tmp_tables	bigint(20) unsigned	*
C	sys	session	tmp_disk_tables	bigint(20) unsigned	*
C	sys	session	full_scan	varchar(3)	*
C	sys	session	last_statement	longtext	*
C	sys	session	last_statement_latency	varchar(12)	*
C	sys	session	current_memory	text	-11.4
C	sys	session	last_wait	varchar(128)	*
C	sys	session	last_wait_latency	varchar(13)	*
C	sys	session	source	varchar(64)	*
C	sys	session	trx_latency	varchar(12)	*
C	sys	session	trx_state	enum('ACTIVE','COMMITTED','ROLLED BACK')	*
C	sys	session	trx_autocommit	enum('YES','NO')	*
C	sys	session	pid	varchar(1024)	*
C	sys	session	program_name	varchar(1024)	*
C	sys	session_ssl_status	thread_id	bigint(20) unsigned	*
C	sys	session_ssl_status	ssl_version	varchar(1024)	-11.0
C	sys	session_ssl_status	ssl_cipher	varchar(1024)	-11.0
C	sys	session_ssl_status	ssl_sessions_reused	varchar(1024)	-11.0
C	sys	statements_with_errors_or_warnings	query	longtext	*
C	sys	statements_with_errors_or_warnings	db	varchar(64)	*
C	sys	statements_with_errors_or_warnings	exec_count	bigint(20) unsigned	*
C	sys	statements_with_errors_or_warnings	errors	bigint(20) unsigned	*
C	sys	statements_with_errors_or_warnings	error_pct	decimal(27,4)	*
C	sys	statements_with_errors_or_warnings	warnings	bigint(20) unsigned	*
C	sys	statements_with_errors_or_warnings	warning_pct	decimal(27,4)	*
C	sys	statements_with_errors_or_warnings	first_seen	timestamp	*
C	sys	statements_with_errors_or_warnings	last_seen	timestamp	*
C	sys	statements_with_errors_or_warnings	digest	varchar(32)	*
C	sys	statements_with_full_table_scans	query	longtext	*
C	sys	statements_with_full_table_scans	db	varchar(64)	*
C	sys	statements_with_full_table_scans	exec_count	bigint(20) unsigned	*
C	sys	statements_with_full_table_scans	total_latency	varchar(12)	*
C	sys	statements_with_full_table_scans	no_index_used_count	bigint(20) unsigned	*
C	sys	statements_with_full_table_scans	no_good_index_used_count	bigint(20) unsigned	*
C	sys	statements_with_full_table_scans	no_index_used_pct	decimal(24,0)	*
C	sys	statements_with_full_table_scans	rows_sent	bigint(20) unsigned	*
C	sys	statements_with_full_table_scans	rows_examined	bigint(20) unsigned	*
C	sys	statements_with_full_table_scans	rows_sent_avg	decimal(21,0) unsigned	*
C	sys	statements_with_full_table_scans	rows_examined_avg	decimal(21,0) unsigned	*
C	sys	statements_with_full_table_scans	first_seen	timestamp	*
C	sys	statements_with_full_table_scans	last_seen	timestamp	*
C	sys	statements_with_full_table_scans	digest	varchar(32)	*
C	sys	statements_with_runtimes_in_95th_percentile	query	longtext	*
C	sys	statements_with_runtimes_in_95th_percentile	db	varchar(64)	*
C	sys	statements_with_runtimes_in_95th_percentile	full_scan	varchar(1)	*
C	sys	statements_with_runtimes_in_95th_percentile	exec_count	bigint(20) unsigned	*
C	sys	statements_with_runtimes_in_95th_percentile	err_count	bigint(20) unsigned	*
C	sys	statements_with_runtimes_in_95th_percentile	warn_count	bigint(20) unsigned	*
C	sys	statements_with_runtimes_in_95th_percentile	total_latency	varchar(12)	*
C	sys	statements_with_runtimes_in_95th_percentile	max_latency	varchar(12)	*
C	sys	statements_with_runtimes_in_95th_percentile	avg_latency	varchar(12)	*
C	sys	statements_with_runtimes_in_95th_percentile	rows_sent	bigint(20) unsigned	*
C	sys	statements_with_runtimes_in_95th_percentile	rows_sent_avg	decimal(21,0)	*
C	sys	statements_with_runtimes_in_95th_percentile	rows_examined	bigint(20) unsigned	*
C	sys	statements_with_runtimes_in_95th_percentile	rows_examined_avg	decimal(21,0)	*
C	sys	statements_with_runtimes_in_95th_percentile	first_seen	timestamp	*
C	sys	statements_with_runtimes_in_95th_percentile	last_seen	timestamp	*
C	sys	statements_with_runtimes_in_95th_percentile	digest	varchar(32)	*
C	sys	statements_with_sorting	query	longtext	*
C	sys	statements_with_sorting	db	varchar(64)	*
C	sys	statements_with_sorting	exec_count	bigint(20) unsigned	*
C	sys	statements_with_sorting	total_latency	varchar(12)	*
C	sys	statements_with_sorting	sort_merge_passes	bigint(20) unsigned	*
C	sys	statements_with_sorting	avg_sort_merges	decimal(21,0)	*
C	sys	statements_with_sorting	sorts_using_scans	bigint(20) unsigned	*
C	sys	statements_with_sorting	sort_using_range	bigint(20) unsigned	*
C	sys	statements_with_sorting	rows_sorted	bigint(20) unsigned	*
C	sys	statements_with_sorting	avg_rows_sorted	decimal(21,0)	*
C	sys	statements_with_sorting	first_seen	timestamp	*
C	sys	statements_with_sorting	last_seen	timestamp	*
C	sys	statements_with_sorting	digest	varchar(32)	*
C	sys	statements_with_temp_tables	query	longtext	*
C	sys	statements_with_temp_tables	db	varchar(64)	*
C	sys	statements_with_temp_tables	exec_count	bigint(20) unsigned	*
C	sys	statements_with_temp_tables	total_latency	varchar(12)	*
C	sys	statements_with_temp_tables	memory_tmp_tables	bigint(20) unsigned	*
C	sys	statements_with_temp_tables	disk_tmp_tables	bigint(20) unsigned	*
C	sys	statements_with_temp_tables	avg_tmp_tables_per_query	decimal(21,0)	*
C	sys	statements_with_temp_tables	tmp_tables_to_disk_pct	decimal(24,0)	*
C	sys	statements_with_temp_tables	first_seen	timestamp	*
C	sys	statements_with_temp_tables	last_seen	timestamp	*
C	sys	statements_with_temp_tables	digest	varchar(32)	*
C	sys	statement_analysis	query	longtext	*
C	sys	statement_analysis	db	varchar(64)	*
C	sys	statement_analysis	full_scan	varchar(1)	*
C	sys	statement_analysis	exec_count	bigint(20) unsigned	*
C	sys	statement_analysis	err_count	bigint(20) unsigned	*
C	sys	statement_analysis	warn_count	bigint(20) unsigned	*
C	sys	statement_analysis	total_latency	varchar(12)	*
C	sys	statement_analysis	max_latency	varchar(12)	*
C	sys	statement_analysis	avg_latency	varchar(12)	*
C	sys	statement_analysis	lock_latency	varchar(12)	*
C	sys	statement_analysis	rows_sent	bigint(20) unsigned	*
C	sys	statement_analysis	rows_sent_avg	decimal(21,0)	*
C	sys	statement_analysis	rows_examined	bigint(20) unsigned	*
C	sys	statement_analysis	rows_examined_avg	decimal(21,0)	*
C	sys	statement_analysis	rows_affected	bigint(20) unsigned	*
C	sys	statement_analysis	rows_affected_avg	decimal(21,0)	*
C	sys	statement_analysis	tmp_tables	bigint(20) unsigned	*
C	sys	statement_analysis	tmp_disk_tables	bigint(20) unsigned	*
C	sys	statement_analysis	rows_sorted	bigint(20) unsigned	*
C	sys	statement_analysis	sort_merge_passes	bigint(20) unsigned	*
C	sys	statement_analysis	digest	varchar(32)	*
C	sys	statement_analysis	first_seen	timestamp	*
C	sys	statement_analysis	last_seen	timestamp	*
C	sys	sys_config	variable	varchar(128)	*
C	sys	sys_config	value	varchar(128)	*
C	sys	sys_config	set_time	timestamp	*
C	sys	sys_config	set_by	varchar(128)	*
C	sys	user_summary	user	varchar(128)	*
C	sys	user_summary	statements	decimal(64,0)	*
C	sys	user_summary	statement_latency	varchar(12)	*
C	sys	user_summary	statement_avg_latency	varchar(12)	*
C	sys	user_summary	table_scans	decimal(65,0)	*
C	sys	user_summary	file_ios	decimal(64,0)	*
C	sys	user_summary	file_io_latency	varchar(12)	*
C	sys	user_summary	current_connections	decimal(41,0)	*
C	sys	user_summary	total_connections	decimal(41,0)	*
C	sys	user_summary	unique_hosts	bigint(21)	*
C	sys	user_summary	current_memory	text	-11.4
C	sys	user_summary	total_memory_allocated	text	-11.4
C	sys	user_summary_by_file_io	user	varchar(128)	*
C	sys	user_summary_by_file_io	ios	decimal(42,0)	*
C	sys	user_summary_by_file_io	io_latency	varchar(12)	*
C	sys	user_summary_by_file_io_type	user	varchar(128)	*
C	sys	user_summary_by_file_io_type	event_name	varchar(128)	*
C	sys	user_summary_by_file_io_type	total	bigint(20) unsigned	*
C	sys	user_summary_by_file_io_type	latency	varchar(12)	*
C	sys	user_summary_by_file_io_type	max_latency	varchar(12)	*
C	sys	user_summary_by_stages	user	varchar(128)	*
C	sys	user_summary_by_stages	event_name	varchar(128)	*
C	sys	user_summary_by_stages	total	bigint(20) unsigned	*
C	sys	user_summary_by_stages	total_latency	varchar(12)	*
C	sys	user_summary_by_stages	avg_latency	varchar(12)	*
C	sys	user_summary_by_statement_latency	user	varchar(128)	*
C	sys	user_summary_by_statement_latency	total	decimal(42,0)	*
C	sys	user_summary_by_statement_latency	total_latency	varchar(12)	*
C	sys	user_summary_by_statement_latency	max_latency	varchar(12)	*
C	sys	user_summary_by_statement_latency	lock_latency	varchar(12)	*
C	sys	user_summary_by_statement_latency	rows_sent	decimal(42,0)	*
C	sys	user_summary_by_statement_latency	rows_examined	decimal(42,0)	*
C	sys	user_summary_by_statement_latency	rows_affected	decimal(42,0)	*
C	sys	user_summary_by_statement_latency	full_scans	decimal(43,0)	*
C	sys	user_summary_by_statement_type	user	varchar(128)	*
C	sys	user_summary_by_statement_type	statement	varchar(128)	*
C	sys	user_summary_by_statement_type	total	bigint(20) unsigned	*
C	sys	user_summary_by_statement_type	total_latency	varchar(12)	*
C	sys	user_summary_by_statement_type	max_latency	varchar(12)	*
C	sys	user_summary_by_statement_type	lock_latency	varchar(12)	*
C	sys	user_summary_by_statement_type	rows_sent	bigint(20) unsigned	*
C	sys	user_summary_by_statement_type	rows_examined	bigint(20) unsigned	*
C	sys	user_summary_by_statement_type	rows_affected	bigint(20) unsigned	*
C	sys	user_summary_by_statement_type	full_scans	bigint(21) unsigned	*
C	sys	version	sys_version	varchar(5)	*
C	sys	version	mysql_version	varchar(22)	*
C	sys	waits_by_host_by_latency	host	varchar(255)	*
C	sys	waits_by_host_by_latency	event	varchar(128)	*
C	sys	waits_by_host_by_latency	total	bigint(20) unsigned	*
C	sys	waits_by_host_by_latency	total_latency	varchar(12)	*
C	sys	waits_by_host_by_latency	avg_latency	varchar(12)	*
C	sys	waits_by_host_by_latency	max_latency	varchar(12)	*
C	sys	waits_by_user_by_latency	user	varchar(128)	*
C	sys	waits_by_user_by_latency	event	varchar(128)	*
C	sys	waits_by_user_by_latency	total	bigint(20) unsigned	*
C	sys	waits_by_user_by_latency	total_latency	varchar(12)	*
C	sys	waits_by_user_by_latency	avg_latency	varchar(12)	*
C	sys	waits_by_user_by_latency	max_latency	varchar(12)	*
C	sys	waits_global_by_latency	events	varchar(128)	*
C	sys	waits_global_by_latency	total	bigint(20) unsigned	*
C	sys	waits_global_by_latency	total_latency	varchar(12)	*
C	sys	waits_global_by_latency	avg_latency	varchar(12)	*
C	sys	waits_global_by_latency	max_latency	varchar(12)	*
C	sys	wait_classes_global_by_avg_latency	event_class	varchar(128)	*
C	sys	wait_classes_global_by_avg_latency	total	decimal(42,0)	*
C	sys	wait_classes_global_by_avg_latency	total_latency	varchar(12)	*
C	sys	wait_classes_global_by_avg_latency	min_latency	varchar(12)	*
C	sys	wait_classes_global_by_avg_latency	avg_latency	varchar(12)	*
C	sys	wait_classes_global_by_avg_latency	max_latency	varchar(12)	*
C	sys	wait_classes_global_by_latency	event_class	varchar(128)	*
C	sys	wait_classes_global_by_latency	total	decimal(42,0)	*
C	sys	wait_classes_global_by_latency	total_latency	varchar(12)	*
C	sys	wait_classes_global_by_latency	min_latency	varchar(12)	*
C	sys	wait_classes_global_by_latency	avg_latency	varchar(12)	*
C	sys	wait_classes_global_by_latency	max_latency	varchar(12)	*
C	sys	x$host_summary	host	varchar(255)	*
C	sys	x$host_summary	statements	decimal(64,0)	*
C	sys	x$host_summary	statement_latency	decimal(64,0)	*
C	sys	x$host_summary	statement_avg_latency	decimal(65,4)	*
C	sys	x$host_summary	table_scans	decimal(65,0)	*
C	sys	x$host_summary	file_ios	decimal(64,0)	*
C	sys	x$host_summary	file_io_latency	decimal(64,0)	*
C	sys	x$host_summary	current_connections	decimal(41,0)	*
C	sys	x$host_summary	total_connections	decimal(41,0)	*
C	sys	x$host_summary	unique_users	bigint(21)	*
C	sys	x$host_summary	current_memory	decimal(63,0)	*
C	sys	x$host_summary	total_memory_allocated	decimal(64,0)	*
C	sys	x$host_summary_by_file_io	host	varchar(255)	*
C	sys	x$host_summary_by_file_io	ios	decimal(42,0)	*
C	sys	x$host_summary_by_file_io	io_latency	decimal(42,0)	*
C	sys	x$host_summary_by_file_io_type	host	varchar(255)	*
C	sys	x$host_summary_by_file_io_type	event_name	varchar(128)	*
C	sys	x$host_summary_by_file_io_type	total	bigint(20) unsigned	*
C	sys	x$host_summary_by_file_io_type	total_latency	bigint(20) unsigned	*
C	sys	x$host_summary_by_file_io_type	max_latency	bigint(20) unsigned	*
C	sys	x$host_summary_by_stages	host	varchar(255)	*
C	sys	x$host_summary_by_stages	event_name	varchar(128)	*
C	sys	x$host_summary_by_stages	total	bigint(20) unsigned	*
C	sys	x$host_summary_by_stages	total_latency	bigint(20) unsigned	*
C	sys	x$host_summary_by_stages	avg_latency	bigint(20) unsigned	*
C	sys	x$host_summary_by_statement_latency	host	varchar(255)	*
C	sys	x$host_summary_by_statement_latency	total	decimal(42,0)	*
C	sys	x$host_summary_by_statement_latency	total_latency	decimal(42,0)	*
C	sys	x$host_summary_by_statement_latency	max_latency	bigint(20) unsigned	*
C	sys	x$host_summary_by_statement_latency	lock_latency	decimal(42,0)	*
C	sys	x$host_summary_by_statement_latency	rows_sent	decimal(42,0)	*
C	sys	x$host_summary_by_statement_latency	rows_examined	decimal(42,0)	*
C	sys	x$host_summary_by_statement_latency	rows_affected	decimal(42,0)	*
C	sys	x$host_summary_by_statement_latency	full_scans	decimal(43,0)	*
C	sys	x$host_summary_by_statement_type	host	varchar(255)	*
C	sys	x$host_summary_by_statement_type	statement	varchar(128)	*
C	sys	x$host_summary_by_statement_type	total	bigint(20) unsigned	*
C	sys	x$host_summary_by_statement_type	total_latency	bigint(20) unsigned	*
C	sys	x$host_summary_by_statement_type	max_latency	bigint(20) unsigned	*
C	sys	x$host_summary_by_statement_type	lock_latency	bigint(20) unsigned	*
C	sys	x$host_summary_by_statement_type	rows_sent	bigint(20) unsigned	*
C	sys	x$host_summary_by_statement_type	rows_examined	bigint(20) unsigned	*
C	sys	x$host_summary_by_statement_type	rows_affected	bigint(20) unsigned	*
C	sys	x$host_summary_by_statement_type	full_scans	bigint(21) unsigned	*
C	sys	x$innodb_buffer_stats_by_schema	object_schema	text	*
C	sys	x$innodb_buffer_stats_by_schema	allocated	decimal(43,0)	*
C	sys	x$innodb_buffer_stats_by_schema	data	decimal(43,0)	*
C	sys	x$innodb_buffer_stats_by_schema	pages	bigint(21)	*
C	sys	x$innodb_buffer_stats_by_schema	pages_hashed	bigint(21)	*
C	sys	x$innodb_buffer_stats_by_schema	pages_old	bigint(21)	*
C	sys	x$innodb_buffer_stats_by_schema	rows_cached	decimal(44,0)	*
C	sys	x$innodb_buffer_stats_by_table	object_schema	text	*
C	sys	x$innodb_buffer_stats_by_table	object_name	text	*
C	sys	x$innodb_buffer_stats_by_table	allocated	decimal(43,0)	*
C	sys	x$innodb_buffer_stats_by_table	data	decimal(43,0)	*
C	sys	x$innodb_buffer_stats_by_table	pages	bigint(21)	*
C	sys	x$innodb_buffer_stats_by_table	pages_hashed	bigint(21)	*
C	sys	x$innodb_buffer_stats_by_table	pages_old	bigint(21)	*
C	sys	x$innodb_buffer_stats_by_table	rows_cached	decimal(44,0)	*
C	sys	x$innodb_lock_waits	wait_started	datetime	*
C	sys	x$innodb_lock_waits	wait_age	time /* mariadb-5.3 */	*
C	sys	x$innodb_lock_waits	wait_age_secs	bigint(21)	*
C	sys	x$innodb_lock_waits	locked_table	varchar(1024)	*
C	sys	x$innodb_lock_waits	locked_index	varchar(1024)	*
C	sys	x$innodb_lock_waits	locked_type	enum('RECORD','TABLE')	*
C	sys	x$innodb_lock_waits	waiting_trx_id	bigint(21) unsigned	*
C	sys	x$innodb_lock_waits	waiting_trx_started	datetime	*
C	sys	x$innodb_lock_waits	waiting_trx_age	time /* mariadb-5.3 */	*
C	sys	x$innodb_lock_waits	waiting_trx_rows_locked	bigint(21) unsigned	*
C	sys	x$innodb_lock_waits	waiting_trx_rows_modified	bigint(21) unsigned	*
C	sys	x$innodb_lock_waits	waiting_pid	bigint(21) unsigned	*
C	sys	x$innodb_lock_waits	waiting_query	varchar(1024)	*
C	sys	x$innodb_lock_waits	waiting_lock_id	varchar(81)	*
C	sys	x$innodb_lock_waits	waiting_lock_mode	enum('S','S,GAP','X','X,GAP','IS','IS,GAP','IX','IX,GAP','AUTO_INC')	*
C	sys	x$innodb_lock_waits	blocking_trx_id	bigint(21) unsigned	*
C	sys	x$innodb_lock_waits	blocking_pid	bigint(21) unsigned	*
C	sys	x$innodb_lock_waits	blocking_query	varchar(1024)	*
C	sys	x$innodb_lock_waits	blocking_lock_id	varchar(81)	*
C	sys	x$innodb_lock_waits	blocking_lock_mode	enum('S','S,GAP','X','X,GAP','IS','IS,GAP','IX','IX,GAP','AUTO_INC')	*
C	sys	x$innodb_lock_waits	blocking_trx_started	datetime	*
C	sys	x$innodb_lock_waits	blocking_trx_age	time /* mariadb-5.3 */	*
C	sys	x$innodb_lock_waits	blocking_trx_rows_locked	bigint(21) unsigned	*
C	sys	x$innodb_lock_waits	blocking_trx_rows_modified	bigint(21) unsigned	*
C	sys	x$innodb_lock_waits	sql_kill_blocking_query	varchar(32)	*
C	sys	x$innodb_lock_waits	sql_kill_blocking_connection	varchar(26)	*
C	sys	x$io_by_thread_by_latency	user	varchar(384)	*
C	sys	x$io_by_thread_by_latency	total	decimal(42,0)	*
C	sys	x$io_by_thread_by_latency	total_latency	decimal(42,0)	*
C	sys	x$io_by_thread_by_latency	min_latency	bigint(20) unsigned	*
C	sys	x$io_by_thread_by_latency	avg_latency	decimal(24,4)	*
C	sys	x$io_by_thread_by_latency	max_latency	bigint(20) unsigned	*
C	sys	x$io_by_thread_by_latency	thread_id	bigint(20) unsigned	*
C	sys	x$io_by_thread_by_latency	processlist_id	bigint(20) unsigned	*
C	sys	x$io_global_by_file_by_bytes	file	varchar(512)	*
C	sys	x$io_global_by_file_by_bytes	count_read	bigint(20) unsigned	*
C	sys	x$io_global_by_file_by_bytes	total_read	bigint(20)	*
C	sys	x$io_global_by_file_by_bytes	avg_read	decimal(23,4)	*
C	sys	x$io_global_by_file_by_bytes	count_write	bigint(20) unsigned	*
C	sys	x$io_global_by_file_by_bytes	total_written	bigint(20)	*
C	sys	x$io_global_by_file_by_bytes	avg_write	decimal(23,4)	*
C	sys	x$io_global_by_file_by_bytes	total	bigint(21)	*
C	sys	x$io_global_by_file_by_bytes	write_pct	decimal(26,2)	*
C	sys	x$io_global_by_file_by_latency	file	varchar(512)	*
C	sys	x$io_global_by_file_by_latency	total	bigint(20) unsigned	*
C	sys	x$io_global_by_file_by_latency	total_latency	bigint(20) unsigned	*
C	sys	x$io_global_by_file_by_latency	count_read	bigint(20) unsigned	*
C	sys	x$io_global_by_file_by_latency	read_latency	bigint(20) unsigned	*
C	sys	x$io_global_by_file_by_latency	count_write	bigint(20) unsigned	*
C	sys	x$io_global_by_file_by_latency	write_latency	bigint(20) unsigned	*
C	sys	x$io_global_by_file_by_latency	count_misc	bigint(20) unsigned	*
C	sys	x$io_global_by_file_by_latency	misc_latency	bigint(20) unsigned	*
C	sys	x$io_global_by_wait_by_bytes	event_name	varchar(128)	*
C	sys	x$io_global_by_wait_by_bytes	total	bigint(20) unsigned	*
C	sys	x$io_global_by_wait_by_bytes	total_latency	bigint(20) unsigned	*
C	sys	x$io_global_by_wait_by_bytes	min_latency	bigint(20) unsigned	*
C	sys	x$io_global_by_wait_by_bytes	avg_latency	bigint(20) unsigned	*
C	sys	x$io_global_by_wait_by_bytes	max_latency	bigint(20) unsigned	*
C	sys	x$io_global_by_wait_by_bytes	count_read	bigint(20) unsigned	*
C	sys	x$io_global_by_wait_by_bytes	total_read	bigint(20)	*
C	sys	x$io_global_by_wait_by_bytes	avg_read	decimal(23,4)	*
C	sys	x$io_global_by_wait_by_bytes	count_write	bigint(20) unsigned	*
C	sys	x$io_global_by_wait_by_bytes	total_written	bigint(20)	*
C	sys	x$io_global_by_wait_by_bytes	avg_written	decimal(23,4)	*
C	sys	x$io_global_by_wait_by_bytes	total_requested	bigint(21)	*
C	sys	x$io_global_by_wait_by_latency	event_name	varchar(128)	*
C	sys	x$io_global_by_wait_by_latency	total	bigint(20) unsigned	*
C	sys	x$io_global_by_wait_by_latency	total_latency	bigint(20) unsigned	*
C	sys	x$io_global_by_wait_by_latency	avg_latency	bigint(20) unsigned	*
C	sys	x$io_global_by_wait_by_latency	max_latency	bigint(20) unsigned	*
C	sys	x$io_global_by_wait_by_latency	read_latency	bigint(20) unsigned	*
C	sys	x$io_global_by_wait_by_latency	write_latency	bigint(20) unsigned	*
C	sys	x$io_global_by_wait_by_latency	misc_latency	bigint(20) unsigned	*
C	sys	x$io_global_by_wait_by_latency	count_read	bigint(20) unsigned	*
C	sys	x$io_global_by_wait_by_latency	total_read	bigint(20)	*
C	sys	x$io_global_by_wait_by_latency	avg_read	decimal(23,4)	*
C	sys	x$io_global_by_wait_by_latency	count_write	bigint(20) unsigned	*
C	sys	x$io_global_by_wait_by_latency	total_written	bigint(20)	*
C	sys	x$io_global_by_wait_by_latency	avg_written	decimal(23,4)	*
C	sys	x$latest_file_io	thread	varchar(214)	*
C	sys	x$latest_file_io	file	varchar(512)	*
C	sys	x$latest_file_io	latency	bigint(20) unsigned	*
C	sys	x$latest_file_io	operation	varchar(32)	*
C	sys	x$latest_file_io	requested	bigint(20)	*
C	sys	x$memory_by_host_by_current_bytes	host	varchar(60)	*
C	sys	x$memory_by_host_by_current_bytes	current_count_used	decimal(41,0)	*
C	sys	x$memory_by_host_by_current_bytes	current_allocated	decimal(41,0)	*
C	sys	x$memory_by_host_by_current_bytes	current_avg_alloc	decimal(45,4)	*
C	sys	x$memory_by_host_by_current_bytes	current_max_alloc	bigint(20)	*
C	sys	x$memory_by_host_by_current_bytes	total_allocated	decimal(42,0)	*
C	sys	x$memory_by_thread_by_current_bytes	thread_id	bigint(20) unsigned	*
C	sys	x$memory_by_thread_by_current_bytes	user	varchar(384)	*
C	sys	x$memory_by_thread_by_current_bytes	current_count_used	decimal(41,0)	*
C	sys	x$memory_by_thread_by_current_bytes	current_allocated	decimal(41,0)	*
C	sys	x$memory_by_thread_by_current_bytes	current_avg_alloc	decimal(45,4)	*
C	sys	x$memory_by_thread_by_current_bytes	current_max_alloc	bigint(20)	*
C	sys	x$memory_by_thread_by_current_bytes	total_allocated	decimal(42,0)	*
C	sys	x$memory_by_user_by_current_bytes	user	varchar(32)	*
C	sys	x$memory_by_user_by_current_bytes	current_count_used	decimal(41,0)	*
C	sys	x$memory_by_user_by_current_bytes	current_allocated	decimal(41,0)	*
C	sys	x$memory_by_user_by_current_bytes	current_avg_alloc	decimal(45,4)	*
C	sys	x$memory_by_user_by_current_bytes	current_max_alloc	bigint(20)	*
C	sys	x$memory_by_user_by_current_bytes	total_allocated	decimal(42,0)	*
C	sys	x$memory_global_by_current_bytes	event_name	varchar(128)	*
C	sys	x$memory_global_by_current_bytes	current_count	bigint(20)	*
C	sys	x$memory_global_by_current_bytes	current_alloc	bigint(20)	*
C	sys	x$memory_global_by_current_bytes	current_avg_alloc	decimal(23,4)	*
C	sys	x$memory_global_by_current_bytes	high_count	bigint(20)	*
C	sys	x$memory_global_by_current_bytes	high_alloc	bigint(20)	*
C	sys	x$memory_global_by_current_bytes	high_avg_alloc	decimal(23,4)	*
C	sys	x$memory_global_total	total_allocated	decimal(41,0)	*
C	sys	x$processlist	thd_id	bigint(20) unsigned	*
C	sys	x$processlist	conn_id	bigint(20) unsigned	*
C	sys	x$processlist	user	varchar(384)	*
C	sys	x$processlist	db	varchar(64)	*
C	sys	x$processlist	command	varchar(16)	*
C	sys	x$processlist	state	varchar(64)	*
C	sys	x$processlist	time	bigint(20)	*
C	sys	x$processlist	current_statement	longtext	*
C	sys	x$processlist	statement_latency	bigint(20) unsigned	*
C	sys	x$processlist	progress	decimal(26,2)	*
C	sys	x$processlist	lock_latency	bigint(20) unsigned	*
C	sys	x$processlist	rows_examined	bigint(20) unsigned	*
C	sys	x$processlist	rows_sent	bigint(20) unsigned	*
C	sys	x$processlist	rows_affected	bigint(20) unsigned	*
C	sys	x$processlist	tmp_tables	bigint(20) unsigned	*
C	sys	x$processlist	tmp_disk_tables	bigint(20) unsigned	*
C	sys	x$processlist	full_scan	varchar(3)	*
C	sys	x$processlist	last_statement	longtext	*
C	sys	x$processlist	last_statement_latency	bigint(20) unsigned	*
C	sys	x$processlist	current_memory	decimal(41,0)	*
C	sys	x$processlist	last_wait	varchar(128)	*
C	sys	x$processlist	last_wait_latency	varchar(20)	*
C	sys	x$processlist	source	varchar(64)	*
C	sys	x$processlist	trx_latency	bigint(20) unsigned	*
C	sys	x$processlist	trx_state	enum('ACTIVE','COMMITTED','ROLLED BACK')	*
C	sys	x$processlist	trx_autocommit	enum('YES','NO')	*
C	sys	x$processlist	pid	varchar(1024)	*
C	sys	x$processlist	program_name	varchar(1024)	*
C	sys	x$ps_digest_95th_percentile_by_avg_us	avg_us	decimal(21,0)	*
C	sys	x$ps_digest_95th_percentile_by_avg_us	percentile	decimal(46,4)	*
C	sys	x$ps_digest_avg_latency_distribution	cnt	bigint(21)	*
C	sys	x$ps_digest_avg_latency_distribution	avg_us	decimal(21,0)	*
C	sys	x$ps_schema_table_statistics_io	table_schema	varchar(64)	*
C	sys	x$ps_schema_table_statistics_io	table_name	varchar(64)	*
C	sys	x$ps_schema_table_statistics_io	count_read	decimal(42,0)	*
C	sys	x$ps_schema_table_statistics_io	sum_number_of_bytes_read	decimal(41,0)	*
C	sys	x$ps_schema_table_statistics_io	sum_timer_read	decimal(42,0)	*
C	sys	x$ps_schema_table_statistics_io	count_write	decimal(42,0)	*
C	sys	x$ps_schema_table_statistics_io	sum_number_of_bytes_write	decimal(41,0)	*
C	sys	x$ps_schema_table_statistics_io	sum_timer_write	decimal(42,0)	*
C	sys	x$ps_schema_table_statistics_io	count_misc	decimal(42,0)	*
C	sys	x$ps_schema_table_statistics_io	sum_timer_misc	decimal(42,0)	*
C	sys	x$schema_flattened_keys	table_schema	varchar(64)	*
C	sys	x$schema_flattened_keys	table_name	varchar(64)	*
C	sys	x$schema_flattened_keys	index_name	varchar(64)	*
C	sys	x$schema_flattened_keys	non_unique	bigint(1)	*
C	sys	x$schema_flattened_keys	subpart_exists	bigint(1)	-11.0
C	sys	x$schema_flattened_keys	index_columns	mediumtext	*
C	sys	x$schema_index_statistics	table_schema	varchar(64)	*
C	sys	x$schema_index_statistics	table_name	varchar(64)	*
C	sys	x$schema_index_statistics	index_name	varchar(64)	*
C	sys	x$schema_index_statistics	rows_selected	bigint(20) unsigned	*
C	sys	x$schema_index_statistics	select_latency	bigint(20) unsigned	*
C	sys	x$schema_index_statistics	rows_inserted	bigint(20) unsigned	*
C	sys	x$schema_index_statistics	insert_latency	bigint(20) unsigned	*
C	sys	x$schema_index_statistics	rows_updated	bigint(20) unsigned	*
C	sys	x$schema_index_statistics	update_latency	bigint(20) unsigned	*
C	sys	x$schema_index_statistics	rows_deleted	bigint(20) unsigned	*
C	sys	x$schema_index_statistics	delete_latency	bigint(20) unsigned	*
C	sys	x$schema_tables_with_full_table_scans	object_schema	varchar(64)	*
C	sys	x$schema_tables_with_full_table_scans	object_name	varchar(64)	*
C	sys	x$schema_tables_with_full_table_scans	rows_full_scanned	bigint(20) unsigned	*
C	sys	x$schema_tables_with_full_table_scans	latency	bigint(20) unsigned	*
C	sys	x$schema_table_lock_waits	object_schema	varchar(64)	*
C	sys	x$schema_table_lock_waits	object_name	varchar(64)	*
C	sys	x$schema_table_lock_waits	waiting_thread_id	bigint(20) unsigned	*
C	sys	x$schema_table_lock_waits	waiting_pid	bigint(20) unsigned	*
C	sys	x$schema_table_lock_waits	waiting_account	text	*
C	sys	x$schema_table_lock_waits	waiting_lock_type	varchar(32)	*
C	sys	x$schema_table_lock_waits	waiting_lock_duration	varchar(32)	*
C	sys	x$schema_table_lock_waits	waiting_query	longtext	*
C	sys	x$schema_table_lock_waits	waiting_query_secs	bigint(20)	*
C	sys	x$schema_table_lock_waits	waiting_query_rows_affected	bigint(20) unsigned	*
C	sys	x$schema_table_lock_waits	waiting_query_rows_examined	bigint(20) unsigned	*
C	sys	x$schema_table_lock_waits	blocking_thread_id	bigint(20) unsigned	*
C	sys	x$schema_table_lock_waits	blocking_pid	bigint(20) unsigned	*
C	sys	x$schema_table_lock_waits	blocking_account	text	*
C	sys	x$schema_table_lock_waits	blocking_lock_type	varchar(32)	*
C	sys	x$schema_table_lock_waits	blocking_lock_duration	varchar(32)	*
C	sys	x$schema_table_lock_waits	sql_kill_blocking_query	varchar(31)	*
C	sys	x$schema_table_lock_waits	sql_kill_blocking_connection	varchar(25)	*
C	sys	x$schema_table_statistics	table_schema	varchar(64)	*
C	sys	x$schema_table_statistics	table_name	varchar(64)	*
C	sys	x$schema_table_statistics	total_latency	bigint(20) unsigned	*
C	sys	x$schema_table_statistics	rows_fetched	bigint(20) unsigned	*
C	sys	x$schema_table_statistics	fetch_latency	bigint(20) unsigned	*
C	sys	x$schema_table_statistics	rows_inserted	bigint(20) unsigned	*
C	sys	x$schema_table_statistics	insert_latency	bigint(20) unsigned	*
C	sys	x$schema_table_statistics	rows_updated	bigint(20) unsigned	*
C	sys	x$schema_table_statistics	update_latency	bigint(20) unsigned	*
C	sys	x$schema_table_statistics	rows_deleted	bigint(20) unsigned	*
C	sys	x$schema_table_statistics	delete_latency	bigint(20) unsigned	*
C	sys	x$schema_table_statistics	io_read_requests	decimal(42,0)	*
C	sys	x$schema_table_statistics	io_read	decimal(41,0)	*
C	sys	x$schema_table_statistics	io_read_latency	decimal(42,0)	*
C	sys	x$schema_table_statistics	io_write_requests	decimal(42,0)	*
C	sys	x$schema_table_statistics	io_write	decimal(41,0)	*
C	sys	x$schema_table_statistics	io_write_latency	decimal(42,0)	*
C	sys	x$schema_table_statistics	io_misc_requests	decimal(42,0)	*
C	sys	x$schema_table_statistics	io_misc_latency	decimal(42,0)	*
C	sys	x$schema_table_statistics_with_buffer	table_schema	varchar(64)	*
C	sys	x$schema_table_statistics_with_buffer	table_name	varchar(64)	*
C	sys	x$schema_table_statistics_with_buffer	rows_fetched	bigint(20) unsigned	*
C	sys	x$schema_table_statistics_with_buffer	fetch_latency	bigint(20) unsigned	*
C	sys	x$schema_table_statistics_with_buffer	rows_inserted	bigint(20) unsigned	*
C	sys	x$schema_table_statistics_with_buffer	insert_latency	bigint(20) unsigned	*
C	sys	x$schema_table_statistics_with_buffer	rows_updated	bigint(20) unsigned	*
C	sys	x$schema_table_statistics_with_buffer	update_latency	bigint(20) unsigned	*
C	sys	x$schema_table_statistics_with_buffer	rows_deleted	bigint(20) unsigned	*
C	sys	x$schema_table_statistics_with_buffer	delete_latency	bigint(20) unsigned	*
C	sys	x$schema_table_statistics_with_buffer	io_read_requests	decimal(42,0)	*
C	sys	x$schema_table_statistics_with_buffer	io_read	decimal(41,0)	*
C	sys	x$schema_table_statistics_with_buffer	io_read_latency	decimal(42,0)	*
C	sys	x$schema_table_statistics_with_buffer	io_write_requests	decimal(42,0)	*
C	sys	x$schema_table_statistics_with_buffer	io_write	decimal(41,0)	*
C	sys	x$schema_table_statistics_with_buffer	io_write_latency	decimal(42,0)	*
C	sys	x$schema_table_statistics_with_buffer	io_misc_requests	decimal(42,0)	*
C	sys	x$schema_table_statistics_with_buffer	io_misc_latency	decimal(42,0)	*
C	sys	x$schema_table_statistics_with_buffer	innodb_buffer_allocated	decimal(43,0)	*
C	sys	x$schema_table_statistics_with_buffer	innodb_buffer_data	decimal(43,0)	*
C	sys	x$schema_table_statistics_with_buffer	innodb_buffer_free	decimal(44,0)	*
C	sys	x$schema_table_statistics_with_buffer	innodb_buffer_pages	bigint(21)	*
C	sys	x$schema_table_statistics_with_buffer	innodb_buffer_pages_hashed	bigint(21)	*
C	sys	x$schema_table_statistics_with_buffer	innodb_buffer_pages_old	bigint(21)	*
C	sys	x$schema_table_statistics_with_buffer	innodb_buffer_rows_cached	decimal(44,0)	*
C	sys	x$session	thd_id	bigint(20) unsigned	*
C	sys	x$session	conn_id	bigint(20) unsigned	*
C	sys	x$session	user	varchar(384)	*
C	sys	x$session	db	varchar(64)	*
C	sys	x$session	command	varchar(16)	*
C	sys	x$session	state	varchar(64)	*
C	sys	x$session	time	bigint(20)	*
C	sys	x$session	current_statement	longtext	*
C	sys	x$session	statement_latency	bigint(20) unsigned	*
C	sys	x$session	progress	decimal(26,2)	*
C	sys	x$session	lock_latency	bigint(20) unsigned	*
C	sys	x$session	rows_examined	bigint(20) unsigned	*
C	sys	x$session	rows_sent	bigint(20) unsigned	*
C	sys	x$session	rows_affected	bigint(20) unsigned	*
C	sys	x$session	tmp_tables	bigint(20) unsigned	*
C	sys	x$session	tmp_disk_tables	bigint(20) unsigned	*
C	sys	x$session	full_scan	varchar(3)	*
C	sys	x$session	last_statement	longtext	*
C	sys	x$session	last_statement_latency	bigint(20) unsigned	*
C	sys	x$session	current_memory	decimal(41,0)	*
C	sys	x$session	last_wait	varchar(128)	*
C	sys	x$session	last_wait_latency	varchar(20)	*
C	sys	x$session	source	varchar(64)	*
C	sys	x$session	trx_latency	bigint(20) unsigned	*
C	sys	x$session	trx_state	enum('ACTIVE','COMMITTED','ROLLED BACK')	*
C	sys	x$session	trx_autocommit	enum('YES','NO')	*
C	sys	x$session	pid	varchar(1024)	*
C	sys	x$session	program_name	varchar(1024)	*
C	sys	x$statements_with_errors_or_warnings	query	longtext	*
C	sys	x$statements_with_errors_or_warnings	db	varchar(64)	*
C	sys	x$statements_with_errors_or_warnings	exec_count	bigint(20) unsigned	*
C	sys	x$statements_with_errors_or_warnings	errors	bigint(20) unsigned	*
C	sys	x$statements_with_errors_or_warnings	error_pct	decimal(27,4)	*
C	sys	x$statements_with_errors_or_warnings	warnings	bigint(20) unsigned	*
C	sys	x$statements_with_errors_or_warnings	warning_pct	decimal(27,4)	*
C	sys	x$statements_with_errors_or_warnings	first_seen	timestamp	*
C	sys	x$statements_with_errors_or_warnings	last_seen	timestamp	*
C	sys	x$statements_with_errors_or_warnings	digest	varchar(32)	*
C	sys	x$statements_with_full_table_scans	query	longtext	*
C	sys	x$statements_with_full_table_scans	db	varchar(64)	*
C	sys	x$statements_with_full_table_scans	exec_count	bigint(20) unsigned	*
C	sys	x$statements_with_full_table_scans	total_latency	bigint(20) unsigned	*
C	sys	x$statements_with_full_table_scans	no_index_used_count	bigint(20) unsigned	*
C	sys	x$statements_with_full_table_scans	no_good_index_used_count	bigint(20) unsigned	*
C	sys	x$statements_with_full_table_scans	no_index_used_pct	decimal(24,0)	*
C	sys	x$statements_with_full_table_scans	rows_sent	bigint(20) unsigned	*
C	sys	x$statements_with_full_table_scans	rows_examined	bigint(20) unsigned	*
C	sys	x$statements_with_full_table_scans	rows_sent_avg	decimal(21,0) unsigned	*
C	sys	x$statements_with_full_table_scans	rows_examined_avg	decimal(21,0) unsigned	*
C	sys	x$statements_with_full_table_scans	first_seen	timestamp	*
C	sys	x$statements_with_full_table_scans	last_seen	timestamp	*
C	sys	x$statements_with_full_table_scans	digest	varchar(32)	*
C	sys	x$statements_with_runtimes_in_95th_percentile	query	longtext	*
C	sys	x$statements_with_runtimes_in_95th_percentile	db	varchar(64)	*
C	sys	x$statements_with_runtimes_in_95th_percentile	full_scan	varchar(1)	*
C	sys	x$statements_with_runtimes_in_95th_percentile	exec_count	bigint(20) unsigned	*
C	sys	x$statements_with_runtimes_in_95th_percentile	err_count	bigint(20) unsigned	*
C	sys	x$statements_with_runtimes_in_95th_percentile	warn_count	bigint(20) unsigned	*
C	sys	x$statements_with_runtimes_in_95th_percentile	total_latency	bigint(20) unsigned	*
C	sys	x$statements_with_runtimes_in_95th_percentile	max_latency	bigint(20) unsigned	*
C	sys	x$statements_with_runtimes_in_95th_percentile	avg_latency	bigint(20) unsigned	*
C	sys	x$statements_with_runtimes_in_95th_percentile	rows_sent	bigint(20) unsigned	*
C	sys	x$statements_with_runtimes_in_95th_percentile	rows_sent_avg	decimal(21,0)	*
C	sys	x$statements_with_runtimes_in_95th_percentile	rows_examined	bigint(20) unsigned	*
C	sys	x$statements_with_runtimes_in_95th_percentile	rows_examined_avg	decimal(21,0)	*
C	sys	x$statements_with_runtimes_in_95th_percentile	first_seen	timestamp	*
C	sys	x$statements_with_runtimes_in_95th_percentile	last_seen	timestamp	*
C	sys	x$statements_with_runtimes_in_95th_percentile	digest	varchar(32)	*
C	sys	x$statements_with_sorting	query	longtext	*
C	sys	x$statements_with_sorting	db	varchar(64)	*
C	sys	x$statements_with_sorting	exec_count	bigint(20) unsigned	*
C	sys	x$statements_with_sorting	total_latency	bigint(20) unsigned	*
C	sys	x$statements_with_sorting	sort_merge_passes	bigint(20) unsigned	*
C	sys	x$statements_with_sorting	avg_sort_merges	decimal(21,0)	*
C	sys	x$statements_with_sorting	sorts_using_scans	bigint(20) unsigned	*
C	sys	x$statements_with_sorting	sort_using_range	bigint(20) unsigned	*
C	sys	x$statements_with_sorting	rows_sorted	bigint(20) unsigned	*
C	sys	x$statements_with_sorting	avg_rows_sorted	decimal(21,0)	*
C	sys	x$statements_with_sorting	first_seen	timestamp	*
C	sys	x$statements_with_sorting	last_seen	timestamp	*
C	sys	x$statements_with_sorting	digest	varchar(32)	*
C	sys	x$statements_with_temp_tables	query	longtext	*
C	sys	x$statements_with_temp_tables	db	varchar(64)	*
C	sys	x$statements_with_temp_tables	exec_count	bigint(20) unsigned	*
C	sys	x$statements_with_temp_tables	total_latency	bigint(20) unsigned	*
C	sys	x$statements_with_temp_tables	memory_tmp_tables	bigint(20) unsigned	*
C	sys	x$statements_with_temp_tables	disk_tmp_tables	bigint(20) unsigned	*
C	sys	x$statements_with_temp_tables	avg_tmp_tables_per_query	decimal(21,0)	*
C	sys	x$statements_with_temp_tables	tmp_tables_to_disk_pct	decimal(24,0)	*
C	sys	x$statements_with_temp_tables	first_seen	timestamp	*
C	sys	x$statements_with_temp_tables	last_seen	timestamp	*
C	sys	x$statements_with_temp_tables	digest	varchar(32)	*
C	sys	x$statement_analysis	query	longtext	*
C	sys	x$statement_analysis	db	varchar(64)	*
C	sys	x$statement_analysis	full_scan	varchar(1)	*
C	sys	x$statement_analysis	exec_count	bigint(20) unsigned	*
C	sys	x$statement_analysis	err_count	bigint(20) unsigned	*
C	sys	x$statement_analysis	warn_count	bigint(20) unsigned	*
C	sys	x$statement_analysis	total_latency	bigint(20) unsigned	*
C	sys	x$statement_analysis	max_latency	bigint(20) unsigned	*
C	sys	x$statement_analysis	avg_latency	bigint(20) unsigned	*
C	sys	x$statement_analysis	lock_latency	bigint(20) unsigned	*
C	sys	x$statement_analysis	rows_sent	bigint(20) unsigned	*
C	sys	x$statement_analysis	rows_sent_avg	decimal(21,0)	*
C	sys	x$statement_analysis	rows_examined	bigint(20) unsigned	*
C	sys	x$statement_analysis	rows_examined_avg	decimal(21,0)	*
C	sys	x$statement_analysis	rows_affected	bigint(20) unsigned	*
C	sys	x$statement_analysis	rows_affected_avg	decimal(21,0)	*
C	sys	x$statement_analysis	tmp_tables	bigint(20) unsigned	*
C	sys	x$statement_analysis	tmp_disk_tables	bigint(20) unsigned	*
C	sys	x$statement_analysis	rows_sorted	bigint(20) unsigned	*
C	sys	x$statement_analysis	sort_merge_passes	bigint(20) unsigned	*
C	sys	x$statement_analysis	digest	varchar(32)	*
C	sys	x$statement_analysis	first_seen	timestamp	*
C	sys	x$statement_analysis	last_seen	timestamp	*
C	sys	x$user_summary	user	varchar(128)	*
C	sys	x$user_summary	statements	decimal(64,0)	*
C	sys	x$user_summary	statement_latency	decimal(64,0)	*
C	sys	x$user_summary	statement_avg_latency	decimal(65,4)	*
C	sys	x$user_summary	table_scans	decimal(65,0)	*
C	sys	x$user_summary	file_ios	decimal(64,0)	*
C	sys	x$user_summary	file_io_latency	decimal(64,0)	*
C	sys	x$user_summary	current_connections	decimal(41,0)	*
C	sys	x$user_summary	total_connections	decimal(41,0)	*
C	sys	x$user_summary	unique_hosts	bigint(21)	*
C	sys	x$user_summary	current_memory	decimal(63,0)	*
C	sys	x$user_summary	total_memory_allocated	decimal(64,0)	*
C	sys	x$user_summary_by_file_io	user	varchar(128)	*
C	sys	x$user_summary_by_file_io	ios	decimal(42,0)	*
C	sys	x$user_summary_by_file_io	io_latency	decimal(42,0)	*
C	sys	x$user_summary_by_file_io_type	user	varchar(128)	*
C	sys	x$user_summary_by_file_io_type	event_name	varchar(128)	*
C	sys	x$user_summary_by_file_io_type	total	bigint(20) unsigned	*
C	sys	x$user_summary_by_file_io_type	latency	bigint(20) unsigned	*
C	sys	x$user_summary_by_file_io_type	max_latency	bigint(20) unsigned	*
C	sys	x$user_summary_by_stages	user	varchar(128)	*
C	sys	x$user_summary_by_stages	event_name	varchar(128)	*
C	sys	x$user_summary_by_stages	total	bigint(20) unsigned	*
C	sys	x$user_summary_by_stages	total_latency	bigint(20) unsigned	*
C	sys	x$user_summary_by_stages	avg_latency	bigint(20) unsigned	*
C	sys	x$user_summary_by_statement_latency	user	varchar(128)	*
C	sys	x$user_summary_by_statement_latency	total	decimal(42,0)	*
C	sys	x$user_summary_by_statement_latency	total_latency	decimal(42,0)	*
C	sys	x$user_summary_by_statement_latency	max_latency	decimal(42,0)	*
C	sys	x$user_summary_by_statement_latency	lock_latency	decimal(42,0)	*
C	sys	x$user_summary_by_statement_latency	rows_sent	decimal(42,0)	*
C	sys	x$user_summary_by_statement_latency	rows_examined	decimal(42,0)	*
C	sys	x$user_summary_by_statement_latency	rows_affected	decimal(42,0)	*
C	sys	x$user_summary_by_statement_latency	full_scans	decimal(43,0)	*
C	sys	x$user_summary_by_statement_type	user	varchar(128)	*
C	sys	x$user_summary_by_statement_type	statement	varchar(128)	*
C	sys	x$user_summary_by_statement_type	total	bigint(20) unsigned	*
C	sys	x$user_summary_by_statement_type	total_latency	bigint(20) unsigned	*
C	sys	x$user_summary_by_statement_type	max_latency	bigint(20) unsigned	*
C	sys	x$user_summary_by_statement_type	lock_latency	bigint(20) unsigned	*
C	sys	x$user_summary_by_statement_type	rows_sent	bigint(20) unsigned	*
C	sys	x$user_summary_by_statement_type	rows_examined	bigint(20) unsigned	*
C	sys	x$user_summary_by_statement_type	rows_affected	bigint(20) unsigned	*
C	sys	x$user_summary_by_statement_type	full_scans	bigint(21) unsigned	*
C	sys	x$waits_by_host_by_latency	host	varchar(255)	*
C	sys	x$waits_by_host_by_latency	event	varchar(128)	*
C	sys	x$waits_by_host_by_latency	total	bigint(20) unsigned	*
C	sys	x$waits_by_host_by_latency	total_latency	bigint(20) unsigned	*
C	sys	x$waits_by_host_by_latency	avg_latency	bigint(20) unsigned	*
C	sys	x$waits_by_host_by_latency	max_latency	bigint(20) unsigned	*
C	sys	x$waits_by_user_by_latency	user	varchar(128)	*
C	sys	x$waits_by_user_by_latency	event	varchar(128)	*
C	sys	x$waits_by_user_by_latency	total	bigint(20) unsigned	*
C	sys	x$waits_by_user_by_latency	total_latency	bigint(20) unsigned	*
C	sys	x$waits_by_user_by_latency	avg_latency	bigint(20) unsigned	*
C	sys	x$waits_by_user_by_latency	max_latency	bigint(20) unsigned	*
C	sys	x$waits_global_by_latency	events	varchar(128)	*
C	sys	x$waits_global_by_latency	total	bigint(20) unsigned	*
C	sys	x$waits_global_by_latency	total_latency	bigint(20) unsigned	*
C	sys	x$waits_global_by_latency	avg_latency	bigint(20) unsigned	*
C	sys	x$waits_global_by_latency	max_latency	bigint(20) unsigned	*
C	sys	x$wait_classes_global_by_avg_latency	event_class	varchar(128)	*
C	sys	x$wait_classes_global_by_avg_latency	total	decimal(42,0)	*
C	sys	x$wait_classes_global_by_avg_latency	total_latency	decimal(42,0)	*
C	sys	x$wait_classes_global_by_avg_latency	min_latency	bigint(20) unsigned	*
C	sys	x$wait_classes_global_by_avg_latency	avg_latency	decimal(46,4)	*
C	sys	x$wait_classes_global_by_avg_latency	max_latency	bigint(20) unsigned	*
C	sys	x$wait_classes_global_by_latency	event_class	varchar(128)	*
C	sys	x$wait_classes_global_by_latency	total	decimal(42,0)	*
C	sys	x$wait_classes_global_by_latency	total_latency	decimal(42,0)	*
C	sys	x$wait_classes_global_by_latency	min_latency	bigint(20) unsigned	*
C	sys	x$wait_classes_global_by_latency	avg_latency	decimal(46,4)	*
C	sys	x$wait_classes_global_by_latency	max_latency	bigint(20) unsigned	*
C	information_schema	collations	comment	varchar(80)	11.4-
C	information_schema	columns	is_system_time_period_start	varchar(3)	11.4-
C	information_schema	columns	is_system_time_period_end	varchar(3)	11.4-
C	information_schema	key_period_usage	constraint_catalog	varchar(512)	11.4-
C	information_schema	key_period_usage	constraint_schema	varchar(64)	11.4-
C	information_schema	key_period_usage	constraint_name	varchar(64)	11.4-
C	information_schema	key_period_usage	table_catalog	varchar(512)	11.4-
C	information_schema	key_period_usage	table_schema	varchar(64)	11.4-
C	information_schema	key_period_usage	table_name	varchar(64)	11.4-
C	information_schema	key_period_usage	period_name	varchar(64)	11.4-
C	information_schema	periods	table_catalog	varchar(512)	11.4-
C	information_schema	periods	table_schema	varchar(64)	11.4-
C	information_schema	periods	table_name	varchar(64)	11.4-
C	information_schema	periods	period	varchar(64)	11.4-
C	information_schema	periods	start_column_name	varchar(64)	11.4-
C	information_schema	periods	end_column_name	varchar(64)	11.4-
C	information_schema	processlist	memory_used	bigint(10)	11.4-
C	information_schema	processlist	max_memory_used	bigint(10)	11.4-
C	information_schema	processlist	examined_rows	bigint(10)	11.4-
C	information_schema	processlist	sent_rows	bigint(10)	11.4-
C	information_schema	processlist	query_id	bigint(10)	11.4-
C	information_schema	processlist	tid	bigint(10)	11.4-
C	information_schema	statistics	seq_in_index	int(2) unsigned	11.4-
C	mysql	db	show_create_routine_priv	enum('N','Y')	11.4-
C	mysql	procs_priv	proc_priv	set('Execute','Alter Routine','Grant','Show Create Routine')	11.4-
C	mysql	servers	socket	char(108)	11.4-
C	performance_schema	global_status	variable_value	varchar(4096)	11.4-
C	performance_schema	session_status	variable_value	varchar(4096)	11.4-
C	performance_schema	status_by_account	variable_value	varchar(4096)	11.4-
C	performance_schema	status_by_host	variable_value	varchar(4096)	11.4-
C	performance_schema	status_by_thread	variable_value	varchar(4096)	11.4-
C	performance_schema	status_by_user	variable_value	varchar(4096)	11.4-
C	sys	metrics	variable_value	varchar(4096)	11.4-
C	sys	privileges_by_table_by_level	table_schema	varchar(64)	11.4-
C	sys	privileges_by_table_by_level	table_name	varchar(64)	11.4-
C	sys	privileges_by_table_by_level	grantee	varchar(385)	11.4-
C	sys	privileges_by_table_by_level	privilege	varchar(64)	11.4-
C	sys	privileges_by_table_by_level	level	varchar(6)	11.4-
C	sys	ps_check_lost_instrumentation	variable_value	varchar(4096)	11.4-
C	sys	schema_redundant_indexes	subpart_exists	int(2)	11.4-
C	sys	session_ssl_status	ssl_version	varchar(4096)	11.4-
C	sys	session_ssl_status	ssl_cipher	varchar(4096)	11.4-
C	sys	session_ssl_status	ssl_sessions_reused	varchar(4096)	11.4-
C	sys	version	mysql_version	varchar(23)	11.4-11.4
C	sys	x$schema_flattened_keys	subpart_exists	bigint(2)	11.4-
C	information_schema	client_statistics	key_read_hits	bigint(21)	11.8-
C	information_schema	client_statistics	key_read_misses	bigint(21)	11.8-
C	information_schema	index_statistics	queries	bigint(21)	11.8-
C	information_schema	processlist	tmp_space_used	bigint(10)	11.8-
C	information_schema	sequences	sequence_catalog	varchar(512)	11.8-
C	information_schema	sequences	sequence_schema	varchar(64)	11.8-
C	information_schema	sequences	sequence_name	varchar(64)	11.8-
C	information_schema	sequences	data_type	varchar(64)	11.8-
C	information_schema	sequences	numeric_precision	int(21)	11.8-
C	information_schema	sequences	numeric_precision_radix	int(21)	11.8-
C	information_schema	sequences	numeric_scale	int(21)	11.8-
C	information_schema	sequences	start_value	decimal(21,0)	11.8-
C	information_schema	sequences	minimum_value	decimal(21,0)	11.8-
C	information_schema	sequences	maximum_value	decimal(21,0)	11.8-
C	information_schema	sequences	increment	bigint(21)	11.8-
C	information_schema	sequences	cycle_option	varchar(3)	11.8-
C	information_schema	slave_status	connection_name	varchar(64)	11.8-
C	information_schema	slave_status	slave_sql_state	varchar(64)	11.8-
C	information_schema	slave_status	slave_io_state	varchar(64)	11.8-
C	information_schema	slave_status	master_host	varchar(255)	11.8-
C	information_schema	slave_status	master_user	varchar(384)	11.8-
C	information_schema	slave_status	master_port	smallint(5) unsigned	11.8-
C	information_schema	slave_status	connect_retry	int(10) unsigned	11.8-
C	information_schema	slave_status	master_log_file	varchar(512)	11.8-
C	information_schema	slave_status	read_master_log_pos	bigint(20) unsigned	11.8-
C	information_schema	slave_status	relay_log_file	varchar(512)	11.8-
C	information_schema	slave_status	relay_log_pos	bigint(20) unsigned	11.8-
C	information_schema	slave_status	relay_master_log_file	varchar(512)	11.8-
C	information_schema	slave_status	slave_io_running	varchar(10)	11.8-
C	information_schema	slave_status	slave_sql_running	varchar(3)	11.8-
C	information_schema	slave_status	replicate_do_db	varchar(21844)	11.8-
C	information_schema	slave_status	replicate_ignore_db	varchar(21844)	11.8-
C	information_schema	slave_status	replicate_do_table	varchar(21844)	11.8-
C	information_schema	slave_status	replicate_ignore_table	varchar(21844)	11.8-
C	information_schema	slave_status	replicate_wild_do_table	varchar(21844)	11.8-
C	information_schema	slave_status	replicate_wild_ignore_table	varchar(21844)	11.8-
C	information_schema	slave_status	last_errno	smallint(4) unsigned	11.8-
C	information_schema	slave_status	last_error	varchar(1024)	11.8-
C	information_schema	slave_status	skip_counter	int(10) unsigned	11.8-
C	information_schema	slave_status	exec_master_log_pos	bigint(20) unsigned	11.8-
C	information_schema	slave_status	relay_log_space	bigint(20) unsigned	11.8-
C	information_schema	slave_status	until_condition	varchar(6)	11.8-
C	information_schema	slave_status	until_log_file	varchar(512)	11.8-
C	information_schema	slave_status	until_log_pos	bigint(20) unsigned	11.8-
C	information_schema	slave_status	master_ssl_allowed	varchar(7)	11.8-
C	information_schema	slave_status	master_ssl_ca_file	varchar(512)	11.8-
C	information_schema	slave_status	master_ssl_ca_path	varchar(512)	11.8-
C	information_schema	slave_status	master_ssl_cert	varchar(512)	11.8-
C	information_schema	slave_status	master_ssl_cipher	varchar(512)	11.8-
C	information_schema	slave_status	master_ssl_key	varchar(512)	11.8-
C	information_schema	slave_status	seconds_behind_master	bigint(20) unsigned	11.8-
C	information_schema	slave_status	master_ssl_verify_server_cert	varchar(3)	11.8-
C	information_schema	slave_status	last_io_errno	smallint(4) unsigned	11.8-
C	information_schema	slave_status	last_io_error	varchar(1024)	11.8-
C	information_schema	slave_status	last_sql_errno	smallint(4) unsigned	11.8-
C	information_schema	slave_status	last_sql_error	varchar(1024)	11.8-
C	information_schema	slave_status	replicate_ignore_server_ids	varchar(21844)	11.8-
C	information_schema	slave_status	master_server_id	int(10) unsigned	11.8-
C	information_schema	slave_status	master_ssl_crl	varchar(512)	11.8-
C	information_schema	slave_status	master_ssl_crlpath	varchar(512)	11.8-
C	information_schema	slave_status	using_gtid	varchar(11)	11.8-
C	information_schema	slave_status	gtid_io_pos	varchar(21844)	11.8-
C	information_schema	slave_status	replicate_do_domain_ids	varchar(21844)	11.8-
C	information_schema	slave_status	replicate_ignore_domain_ids	varchar(21844)	11.8-
C	information_schema	slave_status	parallel_mode	varchar(12)	11.8-
C	information_schema	slave_status	sql_delay	int(10) unsigned	11.8-
C	information_schema	slave_status	sql_remaining_delay	int(10) unsigned	11.8-
C	information_schema	slave_status	slave_sql_running_state	varchar(21844)	11.8-
C	information_schema	slave_status	slave_ddl_groups	bigint(20) unsigned	11.8-
C	information_schema	slave_status	slave_non_transactional_groups	bigint(20) unsigned	11.8-
C	information_schema	slave_status	slave_transactional_groups	bigint(20) unsigned	11.8-
C	information_schema	slave_status	replicate_rewrite_db	varchar(21844)	11.8-
C	information_schema	slave_status	retried_transactions	int(10) unsigned	11.8-
C	information_schema	slave_status	max_relay_log_size	int(10) unsigned	11.8-
C	information_schema	slave_status	executed_log_entries	int(10) unsigned	11.8-
C	information_schema	slave_status	slave_received_heartbeats	int(10) unsigned	11.8-
C	information_schema	slave_status	slave_heartbeat_period	float(9,3)	11.8-
C	information_schema	slave_status	gtid_slave_pos	varchar(21844)	11.8-
C	information_schema	slave_status	master_last_event_time	datetime	11.8-
C	information_schema	slave_status	slave_last_event_time	datetime	11.8-
C	information_schema	slave_status	master_slave_time_diff	int(10) unsigned	11.8-
C	information_schema	table_statistics	rows_inserted	bigint(21)	11.8-
C	information_schema	table_statistics	rows_updated	bigint(21)	11.8-
C	information_schema	table_statistics	rows_deleted	bigint(21)	11.8-
C	information_schema	table_statistics	key_read_hits	bigint(21)	11.8-
C	information_schema	table_statistics	key_read_misses	bigint(21)	11.8-
C	information_schema	table_statistics	pages_accessed	bigint(21)	11.8-
C	information_schema	table_statistics	pages_read_from_disk	bigint(21)	11.8-
C	information_schema	users	user	varchar(385)	11.8-
C	information_schema	users	password_errors	bigint(21)	11.8-
C	information_schema	users	password_expiration_time	datetime	11.8-
C	information_schema	user_statistics	key_read_hits	bigint(21)	11.8-
C	information_schema	user_statistics	key_read_misses	bigint(21)	11.8-
C	mysql	servers	options	longtext	11.8-
C	sys	host_summary	current_memory	varchar(14)	11.8-
C	sys	host_summary	total_memory_allocated	varchar(14)	11.8-
C	sys	innodb_buffer_stats_by_schema	allocated	varchar(14)	11.8-
C	sys	innodb_buffer_stats_by_schema	data	varchar(14)	11.8-
C	sys	innodb_buffer_stats_by_table	allocated	varchar(14)	11.8-
C	sys	innodb_buffer_stats_by_table	data	varchar(14)	11.8-
C	sys	io_global_by_file_by_bytes	total_read	varchar(14)	11.8-
C	sys	io_global_by_file_by_bytes	avg_read	varchar(14)	11.8-
C	sys	io_global_by_file_by_bytes	total_written	varchar(14)	11.8-
C	sys	io_global_by_file_by_bytes	avg_write	varchar(14)	11.8-
C	sys	io_global_by_file_by_bytes	total	varchar(14)	11.8-
C	sys	io_global_by_wait_by_bytes	total_read	varchar(14)	11.8-
C	sys	io_global_by_wait_by_bytes	avg_read	varchar(14)	11.8-
C	sys	io_global_by_wait_by_bytes	total_written	varchar(14)	11.8-
C	sys	io_global_by_wait_by_bytes	avg_written	varchar(14)	11.8-
C	sys	io_global_by_wait_by_bytes	total_requested	varchar(14)	11.8-
C	sys	io_global_by_wait_by_latency	total_read	varchar(14)	11.8-
C	sys	io_global_by_wait_by_latency	avg_read	varchar(14)	11.8-
C	sys	io_global_by_wait_by_latency	total_written	varchar(14)	11.8-
C	sys	io_global_by_wait_by_latency	avg_written	varchar(14)	11.8-
C	sys	latest_file_io	requested	varchar(14)	11.8-
C	sys	memory_by_host_by_current_bytes	current_allocated	varchar(14)	11.8-
C	sys	memory_by_host_by_current_bytes	current_avg_alloc	varchar(14)	11.8-
C	sys	memory_by_host_by_current_bytes	current_max_alloc	varchar(14)	11.8-
C	sys	memory_by_host_by_current_bytes	total_allocated	varchar(14)	11.8-
C	sys	memory_by_thread_by_current_bytes	current_allocated	varchar(14)	11.8-
C	sys	memory_by_thread_by_current_bytes	current_avg_alloc	varchar(14)	11.8-
C	sys	memory_by_thread_by_current_bytes	current_max_alloc	varchar(14)	11.8-
C	sys	memory_by_thread_by_current_bytes	total_allocated	varchar(14)	11.8-
C	sys	memory_by_user_by_current_bytes	current_allocated	varchar(14)	11.8-
C	sys	memory_by_user_by_current_bytes	current_avg_alloc	varchar(14)	11.8-
C	sys	memory_by_user_by_current_bytes	current_max_alloc	varchar(14)	11.8-
C	sys	memory_by_user_by_current_bytes	total_allocated	varchar(14)	11.8-
C	sys	memory_global_by_current_bytes	current_alloc	varchar(14)	11.8-
C	sys	memory_global_by_current_bytes	current_avg_alloc	varchar(14)	11.8-
C	sys	memory_global_by_current_bytes	high_alloc	varchar(14)	11.8-
C	sys	memory_global_by_current_bytes	high_avg_alloc	varchar(14)	11.8-
C	sys	memory_global_total	total_allocated	varchar(14)	11.8-
C	sys	processlist	current_memory	varchar(14)	11.8-
C	sys	schema_table_statistics	io_read	varchar(14)	11.8-
C	sys	schema_table_statistics	io_write	varchar(14)	11.8-
C	sys	schema_table_statistics_with_buffer	io_read	varchar(14)	11.8-
C	sys	schema_table_statistics_with_buffer	io_write	varchar(14)	11.8-
C	sys	schema_table_statistics_with_buffer	innodb_buffer_allocated	varchar(14)	11.8-
C	sys	schema_table_statistics_with_buffer	innodb_buffer_data	varchar(14)	11.8-
C	sys	schema_table_statistics_with_buffer	innodb_buffer_free	varchar(14)	11.8-
C	sys	session	current_memory	varchar(14)	11.8-
C	sys	user_summary	current_memory	varchar(14)	11.8-
C	sys	user_summary	total_memory_allocated	varchar(14)	11.8-
V	allow_suspicious_udfs	boolean	*
V	alter_algorithm	enum	*
V	analyze_max_length	int unsigned	11.4-
V	analyze_sample_percentage	double	*
V	aria_block_size	bigint unsigned	*
V	aria_checkpoint_interval	bigint unsigned	*
V	aria_checkpoint_log_activity	bigint unsigned	*
V	aria_encrypt_tables	boolean	*
V	aria_force_start_after_recovery_failures	bigint unsigned	*
V	aria_group_commit	enum	*
V	aria_group_commit_interval	bigint unsigned	*
V	aria_log_dir_path	varchar	*
V	aria_log_file_size	bigint unsigned	*
V	aria_log_purge_type	enum	*
V	aria_max_sort_file_size	bigint unsigned	*
V	aria_page_checksum	boolean	*
V	aria_pagecache_age_threshold	bigint unsigned	*
V	aria_pagecache_buffer_size	bigint unsigned	*
V	aria_pagecache_division_limit	bigint unsigned	*
V	aria_pagecache_file_hash_size	bigint unsigned	*
V	aria_recover_options	set	*
V	aria_repair_threads	bigint unsigned	*
V	aria_sort_buffer_size	bigint unsigned	*
V	aria_stats_method	enum	*
V	aria_sync_log_dir	enum	*
V	aria_used_for_temp_tables	boolean	*
V	auto_increment_increment	bigint unsigned	*
V	auto_increment_offset	bigint unsigned	*
V	autocommit	boolean	*
V	automatic_sp_privileges	boolean	*
V	back_log	bigint unsigned	*
V	basedir	varchar	*
V	big_tables	boolean	*
V	bind_address	varchar	*
V	binlog_alter_two_phase	boolean	*
V	binlog_annotate_row_events	boolean	*
V	binlog_cache_size	bigint unsigned	*
V	binlog_checksum	enum	*
V	binlog_commit_wait_count	bigint unsigned	*
V	binlog_commit_wait_usec	bigint unsigned	*
V	binlog_direct_non_transactional_updates	boolean	*
V	binlog_do_db	varchar	11.4-
V	binlog_expire_logs_seconds	bigint unsigned	*
V	binlog_file_cache_size	bigint unsigned	*
V	binlog_format	enum	*
V	binlog_gtid_index	boolean	11.4-
V	binlog_gtid_index_page_size	int unsigned	11.4-
V	binlog_gtid_index_span_min	int unsigned	11.4-
V	binlog_ignore_db	varchar	11.4-
V	binlog_large_commit_threshold	bigint unsigned	11.8-
V	binlog_legacy_event_pos	boolean	11.4-
V	binlog_optimize_thread_scheduling	boolean	*
V	binlog_row_event_max_size	bigint unsigned	11.4-
V	binlog_row_image	enum	*
V	binlog_row_metadata	enum	*
V	binlog_space_limit	bigint unsigned	11.4-
V	binlog_stmt_cache_size	bigint unsigned	*
V	block_encryption_mode	enum	11.4-
V	bulk_insert_buffer_size	bigint unsigned	*
V	character_set_client	enum	*
V	character_set_collations	varchar	11.4-
V	character_set_connection	enum	*
V	character_set_database	enum	*
V	character_set_filesystem	enum	*
V	character_set_results	enum	*
V	character_set_server	enum	*
V	character_set_system	enum	*
V	character_sets_dir	varchar	*
V	check_constraint_checks	boolean	*
V	collation_connection	enum	*
V	collation_database	enum	*
V	collation_server	enum	*
V	column_compression_threshold	int unsigned	*
V	column_compression_zlib_level	int unsigned	*
V	column_compression_zlib_strategy	enum	*
V	column_compression_zlib_wrap	boolean	*
V	completion_type	enum	*
V	concurrent_insert	enum	*
V	connect_timeout	bigint unsigned	*
V	core_file	boolean	*
V	datadir	varchar	*
V	date_format	varchar	-11.0
V	datetime_format	varchar	-11.0
V	deadlock_search_depth_long	bigint unsigned	*
V	deadlock_search_depth_short	bigint unsigned	*
V	deadlock_timeout_long	bigint unsigned	*
V	deadlock_timeout_short	bigint unsigned	*
V	debug_no_thread_alarm	boolean	-11.0
V	default_master_connection	varchar	*
V	default_password_lifetime	int unsigned	*
V	default_regex_flags	set	*
V	default_storage_engine	varchar	*
V	default_tmp_storage_engine	varchar	*
V	default_week_format	bigint unsigned	*
V	delay_key_write	enum	*
V	delayed_insert_limit	bigint unsigned	*
V	delayed_insert_timeout	bigint unsigned	*
V	delayed_queue_size	bigint unsigned	*
V	disconnect_on_expired_password	boolean	*
V	div_precision_increment	bigint unsigned	*
V	encrypt_binlog	boolean	*
V	encrypt_tmp_disk_tables	boolean	*
V	encrypt_tmp_files	boolean	*
V	enforce_storage_engine	varchar	*
V	eq_range_index_dive_limit	int unsigned	*
V	error_count	bigint unsigned	*
V	event_scheduler	enum	*
V	expensive_subquery_limit	bigint unsigned	*
V	expire_logs_days	double	*
V	explicit_defaults_for_timestamp	boolean	*
V	external_user	varchar	*
V	extra_max_connections	bigint unsigned	*
V	extra_port	int unsigned	*
V	flush	boolean	*
V	flush_time	bigint unsigned	*
V	foreign_key_checks	boolean	*
V	ft_boolean_syntax	varchar	*
V	ft_max_word_len	bigint unsigned	*
V	ft_min_word_len	bigint unsigned	*
V	ft_query_expansion_limit	bigint unsigned	*
V	ft_stopword_file	varchar	*
V	general_log	boolean	*
V	general_log_file	varchar	*
V	group_concat_max_len	int unsigned	*
V	gtid_binlog_pos	varchar	*
V	gtid_binlog_state	varchar	*
V	gtid_cleanup_batch_size	int unsigned	*
V	gtid_current_pos	varchar	*
V	gtid_domain_id	int unsigned	*
V	gtid_ignore_duplicates	boolean	*
V	gtid_pos_auto_engines	varchar	*
V	gtid_seq_no	bigint unsigned	*
V	gtid_slave_pos	varchar	*
V	gtid_strict_mode	boolean	*
V	have_compress	varchar	*
V	have_crypt	varchar	*
V	have_dynamic_loading	varchar	*
V	have_geometry	varchar	*
V	have_openssl	varchar	*
V	have_profiling	varchar	*
V	have_query_cache	varchar	*
V	have_rtree_keys	varchar	*
V	have_ssl	varchar	*
V	have_symlink	varchar	*
V	histogram_size	bigint unsigned	*
V	histogram_type	enum	*
V	host_cache_size	bigint unsigned	*
V	hostname	varchar	*
V	identity	bigint unsigned	*
V	idle_readonly_transaction_timeout	int unsigned	*
V	idle_transaction_timeout	int unsigned	*
V	idle_write_transaction_timeout	int unsigned	*
V	ignore_builtin_innodb	boolean	*
V	ignore_db_dirs	varchar	*
V	in_predicate_conversion_threshold	int unsigned	*
V	in_transaction	bigint unsigned	*
V	init_connect	varchar	*
V	init_file	varchar	*
V	init_slave	varchar	*
V	innodb_adaptive_flushing	boolean	*
V	innodb_adaptive_flushing_lwm	double	*
V	innodb_adaptive_hash_index	boolean	*
V	innodb_adaptive_hash_index_cells	int unsigned	11.8-
V	innodb_adaptive_hash_index_parts	bigint unsigned	*
V	innodb_alter_copy_bulk	boolean	11.4-
V	innodb_autoextend_increment	int unsigned	*
V	innodb_autoinc_lock_mode	bigint	*
V	innodb_buf_dump_status_frequency	bigint unsigned	*
V	innodb_buffer_pool_chunk_size	bigint unsigned	*
V	innodb_buffer_pool_dump_at_shutdown	boolean	*
V	innodb_buffer_pool_dump_now	boolean	*
V	innodb_buffer_pool_dump_pct	bigint unsigned	*
V	innodb_buffer_pool_filename	varchar	*
V	innodb_buffer_pool_in_core_dump	boolean	11.4-
V	innodb_buffer_pool_load_abort	boolean	*
V	innodb_buffer_pool_load_at_startup	boolean	*
V	innodb_buffer_pool_load_now	boolean	*
V	innodb_buffer_pool_size	bigint unsigned	*
V	innodb_buffer_pool_size_auto_min	bigint unsigned	11.4-
V	innodb_buffer_pool_size_max	bigint unsigned	11.4-
V	innodb_checksum_algorithm	enum	*
V	innodb_cmp_per_index_enabled	boolean	*
V	innodb_compression_algorithm	enum	*
V	innodb_compression_default	boolean	*
V	innodb_compression_failure_threshold_pct	bigint unsigned	*
V	innodb_compression_level	int unsigned	*
V	innodb_compression_pad_pct_max	bigint unsigned	*
V	innodb_data_file_buffering	boolean	*
V	innodb_data_file_path	varchar	*
V	innodb_data_file_write_through	boolean	*
V	innodb_data_home_dir	varchar	*
V	innodb_deadlock_detect	boolean	*
V	innodb_deadlock_report	enum	*
V	innodb_default_encryption_key_id	int unsigned	*
V	innodb_default_row_format	enum	*
V	innodb_defragment	boolean	-11.0
V	innodb_defragment_fill_factor	double	-11.0
V	innodb_defragment_fill_factor_n_recs	int unsigned	-11.0
V	innodb_defragment_frequency	int unsigned	-11.0
V	innodb_defragment_n_pages	int unsigned	-11.0
V	innodb_defragment_stats_accuracy	int unsigned	-11.0
V	innodb_disable_sort_file_cache	boolean	*
V	innodb_doublewrite	enum	*
V	innodb_encrypt_log	boolean	*
V	innodb_encrypt_tables	enum	*
V	innodb_encrypt_temporary_tables	boolean	*
V	innodb_encryption_rotate_key_age	int unsigned	*
V	innodb_encryption_rotation_iops	int unsigned	*
V	innodb_encryption_threads	int unsigned	*
V	innodb_fast_shutdown	int unsigned	*
V	innodb_fatal_semaphore_wait_threshold	bigint unsigned	*
V	innodb_file_per_table	boolean	*
V	innodb_fill_factor	int unsigned	*
V	innodb_flush_log_at_timeout	int unsigned	*
V	innodb_flush_log_at_trx_commit	bigint unsigned	*
V	innodb_flush_method	enum	*
V	innodb_flush_neighbors	bigint unsigned	*
V	innodb_flush_sync	boolean	*
V	innodb_flushing_avg_loops	bigint unsigned	*
V	innodb_force_primary_key	boolean	*
V	innodb_force_recovery	bigint unsigned	*
V	innodb_ft_aux_table	varchar	*
V	innodb_ft_cache_size	bigint unsigned	*
V	innodb_ft_enable_diag_print	boolean	*
V	innodb_ft_enable_stopword	boolean	*
V	innodb_ft_max_token_size	bigint unsigned	*
V	innodb_ft_min_token_size	bigint unsigned	*
V	innodb_ft_num_word_optimize	bigint unsigned	*
V	innodb_ft_result_cache_limit	bigint unsigned	*
V	innodb_ft_server_stopword_table	varchar	*
V	innodb_ft_sort_pll_degree	bigint unsigned	*
V	innodb_ft_total_cache_size	bigint unsigned	*
V	innodb_ft_user_stopword_table	varchar	*
V	innodb_immediate_scrub_data_uncompressed	boolean	*
V	innodb_index_shrink	boolean	11.8-
V	innodb_instant_alter_column_allowed	enum	*
V	innodb_io_capacity	bigint unsigned	*
V	innodb_io_capacity_max	bigint unsigned	*
V	innodb_linux_aio	enum	11.4-
V	innodb_lock_wait_timeout	int unsigned	*
V	innodb_log_buffer_size	int unsigned	*
V	innodb_log_checkpoint_now	boolean	11.4-
V	innodb_log_file_buffering	boolean	*
V	innodb_log_file_mmap	boolean	11.4-
V	innodb_log_file_size	bigint unsigned	*
V	innodb_log_file_write_through	boolean	*
V	innodb_log_group_home_dir	varchar	*
V	innodb_log_spin_wait_delay	int unsigned	*
V	innodb_log_write_ahead_size	int unsigned	11.4-
V	innodb_lru_flush_size	bigint unsigned	*
V	innodb_lru_scan_depth	bigint unsigned	*
V	innodb_max_dirty_pages_pct	double	*
V	innodb_max_dirty_pages_pct_lwm	double	*
V	innodb_max_purge_lag	bigint unsigned	*
V	innodb_max_purge_lag_delay	bigint unsigned	*
V	innodb_max_purge_lag_wait	int unsigned	*
V	innodb_max_undo_log_size	bigint unsigned	*
V	innodb_monitor_disable	varchar	*
V	innodb_monitor_enable	varchar	*
V	innodb_monitor_reset	varchar	*
V	innodb_monitor_reset_all	varchar	*
V	innodb_old_blocks_pct	int unsigned	*
V	innodb_old_blocks_time	int unsigned	*
V	innodb_online_alter_log_max_size	bigint unsigned	*
V	innodb_open_files	bigint unsigned	*
V	innodb_optimize_fulltext_only	boolean	*
V	innodb_page_size	bigint unsigned	*
V	innodb_prefix_index_cluster_optimization	boolean	*
V	innodb_print_all_deadlocks	boolean	*
V	innodb_purge_batch_size	bigint unsigned	*
V	innodb_purge_rseg_truncate_frequency	bigint unsigned	*
V	innodb_purge_threads	int unsigned	*
V	innodb_random_read_ahead	boolean	*
V	innodb_read_ahead_threshold	bigint unsigned	*
V	innodb_read_io_threads	int unsigned	*
V	innodb_read_only	boolean	*
V	innodb_read_only_compressed	boolean	*
V	innodb_rollback_on_timeout	boolean	*
V	innodb_snapshot_isolation	boolean	*
V	innodb_sort_buffer_size	bigint unsigned	*
V	innodb_spin_wait_delay	int unsigned	*
V	innodb_stats_auto_recalc	boolean	*
V	innodb_stats_include_delete_marked	boolean	*
V	innodb_stats_method	enum	*
V	innodb_stats_modified_counter	bigint unsigned	*
V	innodb_stats_on_metadata	boolean	*
V	innodb_stats_persistent	boolean	*
V	innodb_stats_persistent_sample_pages	bigint unsigned	-11.0
V	innodb_stats_persistent_sample_pages	int unsigned	11.4-
V	innodb_stats_traditional	boolean	*
V	innodb_stats_transient_sample_pages	bigint unsigned	-11.0
V	innodb_stats_transient_sample_pages	int unsigned	11.4-
V	innodb_status_output	boolean	*
V	innodb_status_output_locks	boolean	*
V	innodb_strict_mode	boolean	*
V	innodb_sync_spin_loops	bigint unsigned	*
V	innodb_table_locks	boolean	*
V	innodb_temp_data_file_path	varchar	*
V	innodb_tmpdir	varchar	*
V	innodb_truncate_temporary_tablespace_now	boolean	11.4-
V	innodb_undo_directory	varchar	*
V	innodb_undo_log_truncate	boolean	*
V	innodb_undo_tablespaces	int unsigned	*
V	innodb_use_atomic_writes	boolean	*
V	innodb_use_native_aio	boolean	*
V	innodb_write_io_threads	int unsigned	*
V	insert_id	bigint unsigned	*
V	interactive_timeout	bigint unsigned	*
V	join_buffer_size	bigint unsigned	*
V	join_buffer_space_limit	bigint unsigned	*
V	join_cache_level	bigint unsigned	*
V	keep_files_on_create	boolean	*
V	key_buffer_size	bigint unsigned	*
V	key_cache_age_threshold	bigint unsigned	*
V	key_cache_block_size	bigint unsigned	*
V	key_cache_division_limit	bigint unsigned	*
V	key_cache_file_hash_size	bigint unsigned	*
V	key_cache_segments	bigint unsigned	*
V	large_files_support	boolean	*
V	large_page_size	int unsigned	*
V	large_pages	boolean	*
V	last_gtid	varchar	*
V	last_insert_id	bigint unsigned	*
V	lc_messages	enum	*
V	lc_messages_dir	varchar	*
V	lc_time_names	enum	*
V	license	varchar	*
V	local_infile	boolean	*
V	lock_wait_timeout	bigint unsigned	*
V	locked_in_memory	boolean	*
V	log_bin	boolean	*
V	log_bin_basename	varchar	*
V	log_bin_compress	boolean	*
V	log_bin_compress_min_len	int unsigned	*
V	log_bin_index	varchar	*
V	log_bin_trust_function_creators	boolean	*
V	log_disabled_statements	set	*
V	log_error	varchar	*
V	log_output	set	*
V	log_queries_not_using_indexes	boolean	*
V	log_slave_updates	boolean	*
V	log_slow_admin_statements	boolean	*
V	log_slow_always_query_time	double	11.8-
V	log_slow_disabled_statements	set	*
V	log_slow_filter	set	*
V	log_slow_max_warnings	bigint unsigned	*
V	log_slow_min_examined_row_limit	bigint unsigned	*
V	log_slow_query	boolean	*
V	log_slow_query_file	varchar	*
V	log_slow_query_time	double	*
V	log_slow_rate_limit	bigint unsigned	*
V	log_slow_slave_statements	boolean	*
V	log_slow_verbosity	set	*
V	log_tc_size	bigint unsigned	*
V	log_warnings	bigint unsigned	*
V	long_query_time	double	*
V	low_priority_updates	boolean	*
V	lower_case_file_system	boolean	*
V	lower_case_table_names	int unsigned	*
V	master_verify_checksum	boolean	*
V	max_allowed_packet	bigint unsigned	*
V	max_binlog_cache_size	bigint unsigned	*
V	max_binlog_size	bigint unsigned	*
V	max_binlog_stmt_cache_size	bigint unsigned	*
V	max_binlog_total_size	bigint unsigned	11.4-
V	max_connect_errors	bigint unsigned	*
V	max_connections	bigint unsigned	*
V	max_delayed_threads	bigint unsigned	*
V	max_digest_length	int unsigned	*
V	max_error_count	bigint unsigned	*
V	max_heap_table_size	bigint unsigned	*
V	max_insert_delayed_threads	bigint unsigned	*
V	max_join_size	bigint unsigned	*
V	max_length_for_sort_data	bigint unsigned	*
V	max_password_errors	int unsigned	*
V	max_prepared_stmt_count	int unsigned	*
V	max_recursive_iterations	bigint unsigned	*
V	max_relay_log_size	bigint unsigned	*
V	max_rowid_filter_size	bigint unsigned	*
V	max_seeks_for_key	bigint unsigned	*
V	max_session_mem_used	bigint unsigned	*
V	max_sort_length	bigint unsigned	*
V	max_sp_recursion_depth	bigint unsigned	*
V	max_statement_time	double	*
V	max_tmp_session_space_usage	bigint unsigned	11.8-
V	max_tmp_tables	bigint unsigned	-11.0
V	max_tmp_total_space_usage	bigint unsigned	11.8-
V	max_user_connections	int	*
V	max_write_lock_count	bigint unsigned	*
V	metadata_locks_cache_size	bigint unsigned	*
V	metadata_locks_hash_instances	bigint unsigned	*
V	mhnsw_default_distance	enum	11.8-
V	mhnsw_default_m	int unsigned	11.8-
V	mhnsw_ef_search	int unsigned	11.8-
V	mhnsw_max_cache_size	bigint unsigned	11.8-
V	min_examined_row_limit	bigint unsigned	*
V	mrr_buffer_size	bigint unsigned	*
V	myisam_block_size	bigint unsigned	*
V	myisam_data_pointer_size	bigint unsigned	*
V	myisam_max_sort_file_size	bigint unsigned	*
V	myisam_mmap_size	bigint unsigned	*
V	myisam_recover_options	set	*
V	myisam_repair_threads	bigint unsigned	*
V	myisam_sort_buffer_size	bigint unsigned	*
V	myisam_stats_method	enum	*
V	myisam_use_mmap	boolean	*
V	mysql56_temporal_format	boolean	*
V	net_buffer_length	bigint unsigned	*
V	net_read_timeout	bigint unsigned	*
V	net_retry_count	bigint unsigned	*
V	net_write_timeout	bigint unsigned	*
V	new_mode	set	11.4-
V	note_verbosity	set	*
V	old	boolean	*
V	old_alter_table	enum	-11.0
V	old_mode	set	*
V	old_passwords	boolean	*
V	open_files_limit	bigint unsigned	*
V	optimizer_adjust_secondary_key_costs	bigint unsigned	*
V	optimizer_disk_read_cost	double	*
V	optimizer_disk_read_ratio	double	*
V	optimizer_extra_pruning_depth	bigint unsigned	*
V	optimizer_index_block_copy_cost	double	*
V	optimizer_join_limit_pref_ratio	bigint unsigned	11.4-
V	optimizer_key_compare_cost	double	*
V	optimizer_key_copy_cost	double	*
V	optimizer_key_lookup_cost	double	*
V	optimizer_key_next_find_cost	double	*
V	optimizer_max_sel_arg_weight	bigint unsigned	*
V	optimizer_max_sel_args	bigint unsigned	*
V	optimizer_prune_level	bigint unsigned	*
V	optimizer_row_copy_cost	double	*
V	optimizer_row_lookup_cost	double	*
V	optimizer_row_next_find_cost	double	*
V	optimizer_rowid_compare_cost	double	*
V	optimizer_rowid_copy_cost	double	*
V	optimizer_scan_setup_cost	double	*
V	optimizer_search_depth	bigint unsigned	*
V	optimizer_selectivity_sampling_limit	bigint unsigned	*
V	optimizer_switch	flagset	*
V	optimizer_trace	flagset	*
V	optimizer_trace_max_mem_size	bigint unsigned	*
V	optimizer_use_condition_selectivity	bigint unsigned	*
V	optimizer_where_cost	double	*
V	performance_schema	boolean	*
V	performance_schema_accounts_size	bigint	*
V	performance_schema_digests_size	bigint	*
V	performance_schema_events_stages_history_long_size	bigint	*
V	performance_schema_events_stages_history_size	bigint	*
V	performance_schema_events_statements_history_long_size	bigint	*
V	performance_schema_events_statements_history_size	bigint	*
V	performance_schema_events_transactions_history_long_size	bigint	*
V	performance_schema_events_transactions_history_size	bigint	*
V	performance_schema_events_waits_history_long_size	bigint	*
V	performance_schema_events_waits_history_size	bigint	*
V	performance_schema_hosts_size	bigint	*
V	performance_schema_max_cond_classes	bigint unsigned	*
V	performance_schema_max_cond_instances	bigint	*
V	performance_schema_max_digest_length	bigint	*
V	performance_schema_max_file_classes	bigint unsigned	*
V	performance_schema_max_file_handles	bigint unsigned	*
V	performance_schema_max_file_instances	bigint	*
V	performance_schema_max_index_stat	bigint	*
V	performance_schema_max_memory_classes	bigint unsigned	*
V	performance_schema_max_metadata_locks	bigint	*
V	performance_schema_max_mutex_classes	bigint unsigned	*
V	performance_schema_max_mutex_instances	bigint	*
V	performance_schema_max_prepared_statements_instances	bigint	*
V	performance_schema_max_program_instances	bigint	*
V	performance_schema_max_rwlock_classes	bigint unsigned	*
V	performance_schema_max_rwlock_instances	bigint	*
V	performance_schema_max_socket_classes	bigint unsigned	*
V	performance_schema_max_socket_instances	bigint	*
V	performance_schema_max_sql_text_length	bigint	*
V	performance_schema_max_stage_classes	bigint unsigned	*
V	performance_schema_max_statement_classes	bigint unsigned	*
V	performance_schema_max_statement_stack	bigint unsigned	*
V	performance_schema_max_table_handles	bigint	*
V	performance_schema_max_table_instances	bigint	*
V	performance_schema_max_table_lock_stat	bigint	*
V	performance_schema_max_thread_classes	bigint unsigned	*
V	performance_schema_max_thread_instances	bigint	*
V	performance_schema_session_connect_attrs_size	bigint	*
V	performance_schema_setup_actors_size	bigint	*
V	performance_schema_setup_objects_size	bigint	*
V	performance_schema_users_size	bigint	*
V	pid_file	varchar	*
V	plugin_dir	varchar	*
V	plugin_maturity	enum	*
V	port	int unsigned	*
V	preload_buffer_size	bigint unsigned	*
V	profiling	boolean	*
V	profiling_history_size	bigint unsigned	*
V	progress_report_time	bigint unsigned	*
V	protocol_version	int unsigned	*
V	proxy_protocol_networks	varchar	*
V	proxy_user	varchar	*
V	pseudo_slave_mode	boolean	*
V	pseudo_thread_id	bigint unsigned	*
V	query_alloc_block_size	bigint unsigned	*
V	query_cache_limit	bigint unsigned	*
V	query_cache_min_res_unit	bigint unsigned	*
V	query_cache_size	bigint unsigned	*
V	query_cache_strip_comments	boolean	*
V	query_cache_type	enum	*
V	query_cache_wlock_invalidate	boolean	*
V	query_prealloc_size	bigint unsigned	*
V	rand_seed1	bigint unsigned	*
V	rand_seed2	bigint unsigned	*
V	range_alloc_block_size	bigint unsigned	*
V	read_binlog_speed_limit	bigint unsigned	*
V	read_buffer_size	bigint unsigned	*
V	read_only	boolean	*
V	read_rnd_buffer_size	bigint unsigned	*
V	redirect_url	varchar	11.4-
V	relay_log	varchar	*
V	relay_log_basename	varchar	*
V	relay_log_index	varchar	*
V	relay_log_info_file	varchar	*
V	relay_log_purge	boolean	*
V	relay_log_recovery	boolean	*
V	relay_log_space_limit	bigint unsigned	*
V	replicate_annotate_row_events	boolean	*
V	replicate_do_db	varchar	*
V	replicate_do_table	varchar	*
V	replicate_events_marked_for_skip	enum	*
V	replicate_ignore_db	varchar	*
V	replicate_ignore_table	varchar	*
V	replicate_rewrite_db	varchar	*
V	replicate_wild_do_table	varchar	*
V	replicate_wild_ignore_table	varchar	*
V	report_host	varchar	*
V	report_password	varchar	*
V	report_port	int unsigned	*
V	report_user	varchar	*
V	require_secure_transport	boolean	*
V	rowid_merge_buff_size	bigint unsigned	*
V	rpl_semi_sync_master_enabled	boolean	*
V	rpl_semi_sync_master_timeout	bigint unsigned	*
V	rpl_semi_sync_master_trace_level	bigint unsigned	*
V	rpl_semi_sync_master_wait_no_slave	boolean	*
V	rpl_semi_sync_master_wait_point	enum	*
V	rpl_semi_sync_slave_delay_master	boolean	*
V	rpl_semi_sync_slave_enabled	boolean	*
V	rpl_semi_sync_slave_kill_conn_timeout	int unsigned	*
V	rpl_semi_sync_slave_trace_level	bigint unsigned	*
V	secure_auth	boolean	*
V	secure_file_priv	varchar	*
V	secure_timestamp	enum	*
V	server_id	bigint unsigned	*
V	server_uid	varchar	11.4-
V	session_track_schema	boolean	*
V	session_track_state_change	boolean	*
V	session_track_system_variables	varchar	*
V	session_track_transaction_info	enum	*
V	skip_external_locking	boolean	*
V	skip_grant_tables	boolean	*
V	skip_name_resolve	boolean	*
V	skip_networking	boolean	*
V	skip_parallel_replication	boolean	*
V	skip_replication	boolean	*
V	skip_show_database	boolean	*
V	slave_abort_blocking_timeout	double	11.8-
V	slave_compressed_protocol	boolean	*
V	slave_connections_needed_for_purge	int unsigned	11.4-
V	slave_ddl_exec_mode	enum	*
V	slave_domain_parallel_threads	bigint unsigned	*
V	slave_exec_mode	enum	*
V	slave_load_tmpdir	varchar	*
V	slave_max_allowed_packet	bigint unsigned	*
V	slave_max_statement_time	double	*
V	slave_net_timeout	int unsigned	*
V	slave_parallel_max_queued	bigint unsigned	*
V	slave_parallel_mode	enum	*
V	slave_parallel_threads	bigint unsigned	*
V	slave_parallel_workers	bigint unsigned	*
V	slave_run_triggers_for_rbr	enum	*
V	slave_skip_errors	varchar	*
V	slave_sql_verify_checksum	boolean	*
V	slave_transaction_retries	bigint unsigned	*
V	slave_transaction_retry_errors	varchar	*
V	slave_transaction_retry_interval	bigint unsigned	*
V	slave_type_conversions	set	*
V	slow_launch_time	bigint unsigned	*
V	slow_query_log	boolean	*
V	slow_query_log_file	varchar	*
V	socket	varchar	*
V	sort_buffer_size	bigint unsigned	*
V	sql_auto_is_null	boolean	*
V	sql_big_selects	boolean	*
V	sql_buffer_result	boolean	*
V	sql_if_exists	boolean	*
V	sql_log_bin	boolean	*
V	sql_log_off	boolean	*
V	sql_mode	set	*
V	sql_notes	boolean	*
V	sql_quote_show_create	boolean	*
V	sql_safe_updates	boolean	*
V	sql_select_limit	bigint unsigned	*
V	sql_slave_skip_counter	bigint unsigned	*
V	sql_warnings	boolean	*
V	ssl_ca	varchar	*
V	ssl_capath	varchar	*
V	ssl_cert	varchar	*
V	ssl_cipher	varchar	*
V	ssl_crl	varchar	*
V	ssl_crlpath	varchar	*
V	ssl_key	varchar	*
V	standard_compliant_cte	boolean	*
V	storage_engine	varchar	*
V	stored_program_cache	bigint unsigned	*
V	strict_password_validation	boolean	*
V	sync_binlog	int unsigned	*
V	sync_frm	boolean	*
V	sync_master_info	int unsigned	*
V	sync_relay_log	int unsigned	*
V	sync_relay_log_info	int unsigned	*
V	system_time_zone	varchar	*
V	system_versioning_alter_history	enum	*
V	system_versioning_asof	varchar	*
V	system_versioning_insert_history	boolean	*
V	table_definition_cache	bigint unsigned	*
V	table_open_cache	bigint unsigned	*
V	table_open_cache_instances	int unsigned	*
V	tcp_keepalive_interval	int	*
V	tcp_keepalive_probes	int	*
V	tcp_keepalive_time	int	*
V	tcp_nodelay	boolean	*
V	thread_cache_size	bigint unsigned	*
V	thread_handling	enum	*
V	thread_pool_dedicated_listener	boolean	*
V	thread_pool_exact_stats	boolean	*
V	thread_pool_idle_timeout	int unsigned	*
V	thread_pool_max_threads	int unsigned	*
V	thread_pool_oversubscribe	int unsigned	*
V	thread_pool_prio_kickup_timer	int unsigned	*
V	thread_pool_priority	enum	*
V	thread_pool_size	int unsigned	*
V	thread_pool_stall_limit	int unsigned	*
V	thread_stack	bigint unsigned	*
V	time_format	varchar	-11.0
V	time_zone	varchar	*
V	timestamp	double	*
V	tls_version	set	*
V	tmp_disk_table_size	bigint unsigned	*
V	tmp_memory_table_size	bigint unsigned	*
V	tmp_table_size	bigint unsigned	*
V	tmpdir	varchar	*
V	transaction_alloc_block_size	bigint unsigned	*
V	transaction_isolation	enum	11.4-
V	transaction_prealloc_size	bigint unsigned	*
V	transaction_read_only	boolean	11.4-
V	tx_isolation	enum	*
V	tx_read_only	boolean	*
V	unique_checks	boolean	*
V	updatable_views_with_limit	enum	*
V	use_stat_tables	enum	*
V	userstat	boolean	*
V	version	varchar	*
V	version_comment	varchar	*
V	version_compile_machine	varchar	*
V	version_compile_os	varchar	*
V	version_malloc_library	varchar	*
V	version_source_revision	varchar	*
V	version_ssl_library	varchar	*
V	wait_timeout	bigint unsigned	*
V	warning_count	bigint unsigned	*
V	wsrep_allowlist	varchar	*
V	wsrep_auto_increment_control	boolean	*
V	wsrep_causal_reads	boolean	-11.0
V	wsrep_certification_rules	enum	*
V	wsrep_certify_nonpk	boolean	*
V	wsrep_cluster_address	varchar	*
V	wsrep_cluster_name	varchar	*
V	wsrep_convert_lock_to_trx	boolean	*
V	wsrep_data_home_dir	varchar	*
V	wsrep_dbug_option	varchar	*
V	wsrep_debug	enum	*
V	wsrep_desync	boolean	*
V	wsrep_dirty_reads	boolean	*
V	wsrep_drupal_282555_workaround	boolean	*
V	wsrep_forced_binlog_format	enum	*
V	wsrep_gtid_domain_id	int unsigned	*
V	wsrep_gtid_mode	boolean	*
V	wsrep_gtid_seq_no	bigint unsigned	*
V	wsrep_ignore_apply_errors	int unsigned	*
V	wsrep_load_data_splitting	boolean	-11.4
V	wsrep_log_conflicts	boolean	*
V	wsrep_max_ws_rows	bigint unsigned	*
V	wsrep_max_ws_size	bigint unsigned	*
V	wsrep_mode	set	*
V	wsrep_mysql_replication_bundle	bigint unsigned	*
V	wsrep_node_address	varchar	*
V	wsrep_node_incoming_address	varchar	*
V	wsrep_node_name	varchar	*
V	wsrep_notify_cmd	varchar	*
V	wsrep_on	boolean	*
V	wsrep_osu_method	enum	*
V	wsrep_patch_version	varchar	*
V	wsrep_provider	varchar	*
V	wsrep_provider_options	varchar	*
V	wsrep_recover	boolean	*
V	wsrep_reject_queries	enum	*
V	wsrep_restart_slave	boolean	*
V	wsrep_retry_autocommit	bigint unsigned	*
V	wsrep_slave_fk_checks	boolean	*
V	wsrep_slave_threads	bigint unsigned	*
V	wsrep_slave_uk_checks	boolean	*
V	wsrep_sr_store	enum	*
V	wsrep_sst_auth	varchar	*
V	wsrep_sst_donor	varchar	*
V	wsrep_sst_donor_rejects_queries	boolean	*
V	wsrep_sst_method	varchar	*
V	wsrep_sst_receive_address	varchar	*
V	wsrep_start_position	varchar	*
V	wsrep_status_file	varchar	*
V	wsrep_sync_wait	int unsigned	*
V	wsrep_trx_fragment_size	bigint unsigned	*
V	wsrep_trx_fragment_unit	enum	*
