# The built-in catalog of mysql, taken from the servers by scripts/catalog.py. Do not edit.
# Versions sampled: 8.0, 8.4.
F	abs	f	x:		*
F	acos	f	x:		*
F	adddate	f	date:,days:		*
F	addtime	f	expr1:,expr2:		*
F	aes_decrypt	f	arg1:,arg2:,...arg3:		*
F	aes_encrypt	f	arg1:,arg2:,...arg3:		*
F	any_value	f	arg:		*
F	ascii	f	str:		*
F	asin	f	x:		*
F	atan	f	arg1:,arg2:		*
F	atan	f	x:		*
F	atan2	f	y:,x:?		*
F	avg	a	expr:		*
F	benchmark	f	count:,expr:		*
F	bin	f	n:		*
F	bin_to_uuid	f	binary_uuid:,swap_flag:?		*
F	binary	f	arg1:,...arg2:		*
F	bit_and	a	expr:		*
F	bit_count	f	n:		*
F	bit_length	f	str:		*
F	bit_or	a	expr:		*
F	bit_xor	a	expr:		*
F	ceil	f	x:		*
F	ceiling	f	x:		*
F	char	f	arg1:,...arg2:		*
F	char_length	f	str:		*
F	character_length	f	str:		*
F	charset	f	str:		*
F	coalesce	f	arg1:,...arg2:		*
F	coercibility	f	str:		*
F	collation	f	str:		*
F	compress	f	string_to_compress:		*
F	concat	f	str1:,...str2:		*
F	concat_ws	f	separator:,str1:,...str2:		*
F	connection_id	f			*
F	conv	f	n:,from_base:,to_base:		*
F	convert_tz	f	dt:,from_tz:,to_tz:		*
F	cos	f	x:		*
F	cot	f	x:		*
F	count	a	expr:		*
F	crc32	f	expr:		*
F	cume_dist	w			*
F	curdate	f			*
F	current_date	f			*
F	current_role	f			*
F	current_time	f			*
F	current_timestamp	f			*
F	current_user	f			*
F	curtime	f			*
F	database	f			*
F	date	f	expr:		*
F	date_format	f	date:,format:		*
F	datediff	f	expr1:,expr2:		*
F	day	f	date:		*
F	dayname	f	date:		*
F	dayofmonth	f	date:		*
F	dayofweek	f	date:		*
F	dayofyear	f	date:		*
F	degrees	f	x:		*
F	dense_rank	w			*
F	elt	f	n:,str1:,...str2:		*
F	exp	f	x:		*
F	export_set	f	bits:,on:,off:,separator:?,number_of_bits:?		*
F	extractvalue	f	xml_frag:,xpath_expr:		*
F	field	f	str:,str1:,...str2:		*
F	find_in_set	f	str:,strlist:		*
F	first_value	w	expr:		*
F	floor	f	x:		*
F	format	f	x:,d:,locale:?		*
F	format_bytes	f	count:		*
F	format_pico_time	f	time_val:		*
F	found_rows	f			*
F	from_base64	f	str:		*
F	from_days	f	n:		*
F	from_unixtime	f	unix_timestamp:,format:?		*
F	geomcollection	f	...g:		*
F	geometrycollection	f	...g:		*
F	get_lock	f	str:,timeout:		*
F	greatest	f	arg1:,arg2:,...arg3:		*
F	group_concat	a	arg1:,...arg2:		*
F	grouping	f	expr:,...expr:		*
F	gtid_subset	f	set1:,set2:		*
F	gtid_subtract	f	set1:,set2:		*
F	hex	f	str:		*
F	hour	f	time:		*
F	icu_version	f			*
F	if	f	arg1:,arg2:,arg3:		*
F	ifnull	f	expr1:,expr2:		*
F	inet6_aton	f	expr:		*
F	inet6_ntoa	f	expr:		*
F	inet_aton	f	expr:		*
F	inet_ntoa	f	expr:		*
F	insert	f	arg1:,arg2:,arg3:,arg4:		*
F	instr	f	str:,substr:		*
F	interval	f	n:,n1:,...n2:		*
F	is_free_lock	f	str:		*
F	is_ipv4	f	expr:		*
F	is_ipv4_compat	f	expr:		*
F	is_ipv4_mapped	f	expr:		*
F	is_ipv6	f	expr:		*
F	is_used_lock	f	str:		*
F	is_uuid	f	string_uuid:		*
F	isnull	f	expr:		*
F	json_array	f	...val:		*
F	json_array_append	f	json_doc:,path:,val:		*
F	json_array_append	f	json_doc:,path:,val:,path:,val:		*
F	json_array_insert	f	json_doc:,path:,val:		*
F	json_array_insert	f	json_doc:,path:,val:,path:,val:		*
F	json_arrayagg	a	col_or_expr:		*
F	json_contains	f	target:,candidate:,path:?		*
F	json_contains_path	f	json_doc:,one_or_all:,path:,...path:		*
F	json_depth	f	json_doc:		*
F	json_extract	f	json_doc:,path:,...path:		*
F	json_insert	f	json_doc:,path:,val:		*
F	json_insert	f	json_doc:,path:,val:,path:,val:		*
F	json_keys	f	json_doc:,path:?		*
F	json_length	f	json_doc:,path:?		*
F	json_merge	f	json_doc:,json_doc:,...json_doc:		*
F	json_merge_patch	f	arg1:,arg2:,...arg3:		*
F	json_merge_preserve	f	arg1:,arg2:,...arg3:		*
F	json_object	f	...key:		*
F	json_objectagg	a	key:,value:		*
F	json_overlaps	f	json_doc1:,json_doc2:		*
F	json_pretty	f	json_val:		*
F	json_quote	f	string:		*
F	json_remove	f	json_doc:,path:,...path:		*
F	json_replace	f	json_doc:,path:,val:		*
F	json_replace	f	json_doc:,path:,val:,path:,val:		*
F	json_schema_valid	f	schema:,document:		*
F	json_schema_validation_report	f	schema:,document:		*
F	json_search	f	json_doc:,one_or_all:,search_str:,...escape_char:		*
F	json_set	f	json_doc:,path:,val:		*
F	json_set	f	json_doc:,path:,val:,path:,val:		*
F	json_storage_free	f	json_val:		*
F	json_storage_size	f	json_val:		*
F	json_type	f	json_val:		*
F	json_unquote	f	json_val:		*
F	json_valid	f	val:		*
F	lag	w	expr:		*
F	last_day	f	date:		*
F	last_insert_id	f	expr:?		*
F	last_value	w	expr:		*
F	lcase	f	str:		*
F	lead	w	expr:		*
F	least	f	arg1:,arg2:,...arg3:		*
F	left	f	str:,len:		*
F	length	f	str:		*
F	linestring	f	pt:,...pt:		*
F	ln	f	x:		*
F	load_file	f	file_name:		*
F	localtime	f			*
F	localtimestamp	f			*
F	locate	f	substr:,str:,pos:?		*
F	log	f	b:,x:		*
F	log	f	x:		*
F	log10	f	x:		*
F	log2	f	x:		*
F	lower	f	str:		*
F	lpad	f	str:,len:,padstr:		*
F	ltrim	f	str:		*
F	make_set	f	bits:,str1:,...str2:		*
F	makedate	f	year:,dayofyear:		*
F	maketime	f	hour:,minute:,second:		*
F	master_pos_wait	f	log_name:,log_pos:,timeout:?,channel:?		*
F	max	a	expr:		*
F	mbrcontains	f	g1:,g2:		*
F	mbrcoveredby	f	g1:,g2:		*
F	mbrcovers	f	g1:,g2:		*
F	mbrdisjoint	f	g1:,g2:		*
F	mbrequals	f	g1:,g2:		*
F	mbrintersects	f	g1:,g2:		*
F	mbroverlaps	f	g1:,g2:		*
F	mbrtouches	f	g1:,g2:		*
F	mbrwithin	f	g1:,g2:		*
F	md5	f	str:		*
F	microsecond	f	expr:		*
F	mid	f	str:,pos:,len:?		*
F	min	a	expr:		*
F	minute	f	time:		*
F	mod	f	n:,m:		*
F	month	f	date:		*
F	monthname	f	date:		*
F	multilinestring	f	ls:,...ls:		*
F	multipoint	f	pt:,...pt2:		*
F	multipolygon	f	poly:,...poly:		*
F	name_const	f	name:,value:		*
F	now	f			*
F	nth_value	w	expr:,n:		*
F	nullif	f	expr1:,expr2:		*
F	oct	f	n:		*
F	octet_length	f	str:		*
F	ord	f	str:		*
F	percent_rank	w			*
F	period_add	f	p:,n:		*
F	period_diff	f	p1:,p2:		*
F	pi	f			*
F	point	f	x:,y:		*
F	polygon	f	ls:,...ls:		*
F	pow	f	x:,y:		*
F	power	f	x:,y:		*
F	ps_current_thread_id	f			*
F	ps_thread_id	f	connection_id:		*
F	quarter	f	date:		*
F	quote	f	str:		*
F	radians	f	x:		*
F	rand	f	n:?		*
F	random_bytes	f	len:		*
F	rank	w			*
F	regexp_instr	f	expr:,pat:,...pos:		*
F	regexp_like	f	expr:,pat:,match_type:?		*
F	regexp_replace	f	expr:,pat:,repl:,...pos:		*
F	regexp_substr	f	expr:,pat:,pos:?,occurrence:?,match_type:?		*
F	release_all_locks	f			*
F	release_lock	f	str:		*
F	repeat	f	arg1:,arg2:		*
F	replace	f	arg1:,arg2:,arg3:		*
F	reverse	f	str:		*
F	right	f	str:,len:		*
F	roles_graphml	f			*
F	round	f	x:,d:?		*
F	row_count	f			*
F	row_number	w			*
F	rpad	f	str:,len:,padstr:		*
F	rtrim	f	str:		*
F	schema	f			*
F	sec_to_time	f	seconds:		*
F	second	f	time:		*
F	session_user	f			*
F	sha1	f	str:		*
F	sha2	f	str:,hash_length:		*
F	sign	f	x:		*
F	sin	f	x:		*
F	sleep	f	duration:		*
F	soundex	f	str:		*
F	source_pos_wait	f	log_name:,log_pos:,timeout:?,channel:?		*
F	space	f	n:		*
F	sqrt	f	x:		*
F	st_area	f	expr:		*
F	st_asbinary	f	g:,options:?		*
F	st_asgeojson	f	g:,max_dec_digits:?,options:?		*
F	st_astext	f	g:,options:?		*
F	st_buffer	f	g:,d:,strategy1:?,strategy2:?,strategy3:?		*
F	st_buffer_strategy	f	strategy:,points_per_circle:?		*
F	st_centroid	f	expr:		*
F	st_collect	f	g:		*
F	st_contains	f	g1:,g2:		*
F	st_convexhull	f	g:		*
F	st_crosses	f	g1:,g2:		*
F	st_difference	f	g1:,g2:		*
F	st_dimension	f	g:		*
F	st_disjoint	f	g1:,g2:		*
F	st_distance	f	g1:,g2:,unit:?		*
F	st_distance_sphere	f	g1:,g2:,radius:?		*
F	st_endpoint	f	ls:		*
F	st_envelope	f	g:		*
F	st_equals	f	g1:,g2:		*
F	st_exteriorring	f	poly:		*
F	st_frechetdistance	f	g1:,g2:,unit:?		*
F	st_geohash	f	longitude:,latitude:,max_length:?		*
F	st_geomcollfromtext	f	wkt:,srid:?,options:?		*
F	st_geomcollfromwkb	f	wkb:,srid:?,options:?		*
F	st_geometryn	f	gc:,n:		*
F	st_geometrytype	f	g:		*
F	st_geomfromgeojson	f	str:,options:?,srid:?		*
F	st_geomfromtext	f	wkt:,srid:?,options:?		*
F	st_geomfromwkb	f	wkb:,srid:?,options:?		*
F	st_hausdorffdistance	f	g1:,g2:,unit:?		*
F	st_interiorringn	f	poly:,n:		*
F	st_intersection	f	g1:,g2:		*
F	st_intersects	f	g1:,g2:		*
F	st_isclosed	f	ls:		*
F	st_isempty	f	g:		*
F	st_issimple	f	g:		*
F	st_isvalid	f	g:		*
F	st_latfromgeohash	f	geohash_str:		*
F	st_latitude	f	p:,new_latitude_val:?		*
F	st_length	f	ls:,unit:?		*
F	st_linefromtext	f	wkt:,srid:?,options:?		*
F	st_linefromwkb	f	wkb:,srid:?,options:?		*
F	st_lineinterpolatepoint	f	ls:,fractional_distance:		*
F	st_lineinterpolatepoints	f	ls:,fractional_distance:		*
F	st_longfromgeohash	f	geohash_str:		*
F	st_longitude	f	p:,new_longitude_val:?		*
F	st_makeenvelope	f	pt1:,pt2:		*
F	st_mlinefromtext	f	wkt:,srid:?,options:?		*
F	st_mlinefromwkb	f	wkb:,srid:?,options:?		*
F	st_mpointfromtext	f	wkt:,srid:?,options:?		*
F	st_mpointfromwkb	f	wkb:,srid:?,options:?		*
F	st_mpolyfromtext	f	wkt:,srid:?,options:?		*
F	st_mpolyfromwkb	f	wkb:,srid:?,options:?		*
F	st_numgeometries	f	gc:		*
F	st_numinteriorrings	f	poly:		*
F	st_numpoints	f	ls:		*
F	st_overlaps	f	g1:,g2:		*
F	st_pointatdistance	f	ls:,distance:		*
F	st_pointfromgeohash	f	geohash_str:,srid:		*
F	st_pointfromtext	f	wkt:,srid:?,options:?		*
F	st_pointfromwkb	f	wkb:,srid:?,options:?		*
F	st_pointn	f	ls:,n:		*
F	st_polyfromtext	f	wkt:,srid:?,options:?		*
F	st_polyfromwkb	f	wkb:,srid:?,options:?		*
F	st_simplify	f	g:,max_distance:		*
F	st_srid	f	g:,srid:?		*
F	st_startpoint	f	ls:		*
F	st_swapxy	f	g:		*
F	st_symdifference	f	g1:,g2:		*
F	st_touches	f	g1:,g2:		*
F	st_transform	f	g:,target_srid:		*
F	st_union	f	g1:,g2:		*
F	st_validate	f	g:		*
F	st_within	f	g1:,g2:		*
F	st_x	f	p:,new_x_val:?		*
F	st_y	f	p:,new_y_val:?		*
F	statement_digest	f	statement:		*
F	statement_digest_text	f	statement:		*
F	std	a	expr:		*
F	stddev	a	expr:		*
F	stddev_pop	a	expr:		*
F	stddev_samp	a	expr:		*
F	str_to_date	f	str:,format:		*
F	strcmp	f	expr1:,expr2:		*
F	subdate	f	expr:,days:		*
F	substr	f	str:,pos:,len:?		*
F	substring	f	str:,pos:,len:?		*
F	substring_index	f	str:,delim:,count:		*
F	subtime	f	expr1:,expr2:		*
F	sum	a	expr:		*
F	sysdate	f			*
F	system_user	f			*
F	tan	f	x:		*
F	time	f	expr:		*
F	time_format	f	time:,format:		*
F	time_to_sec	f	time:		*
F	timediff	f	expr1:,expr2:		*
F	timestamp	f	arg1:,arg2:?		*
F	to_base64	f	str:		*
F	to_days	f	date:		*
F	to_seconds	f	expr:		*
F	trim	f	expr:		*
F	truncate	f	x:,d:		*
F	ucase	f	str:		*
F	uncompress	f	string_to_uncompress:		*
F	uncompressed_length	f	compressed_string:		*
F	unhex	f	str:		*
F	unix_timestamp	f	date:?		*
F	updatexml	f	xml_target:,xpath_expr:,new_xml:		*
F	upper	f	str:		*
F	user	f			*
F	utc_date	f			*
F	utc_time	f			*
F	utc_timestamp	f			*
F	uuid	f			*
F	uuid_short	f			*
F	uuid_to_bin	f	string_uuid:,swap_flag:?		*
F	validate_password_strength	f	str:		*
F	var_pop	a	expr:		*
F	var_samp	a	expr:		*
F	variance	a	expr:		*
F	version	f			*
F	wait_for_executed_gtid_set	f	gtid_set:,timeout:?		*
F	wait_until_sql_thread_after_gtids	f	gtid_set:,timeout:?,channel:?		-8.0
F	week	f	date:,mode:?		*
F	weekday	f	date:		*
F	weekofyear	f	date:		*
F	weight_string	f	str1:		*
F	year	f	date:		*
F	yearweek	f	date:,mode:?		*
T	bigint	numeric	*
T	binary	binary	*
T	bit	numeric	*
T	blob	binary	*
T	bool	boolean	*
T	boolean	boolean	*
T	char	string	*
T	date	datetime	*
T	datetime	datetime	*
T	dec	numeric	*
T	decimal	numeric	*
T	double	numeric	*
T	double precision	numeric	*
T	enum	string	*
T	fixed	numeric	*
T	float	numeric	*
T	geomcollection	spatial	*
T	geometry	spatial	*
T	geometrycollection	spatial	*
T	int	numeric	*
T	integer	numeric	*
T	json	json	*
T	linestring	spatial	*
T	long	string	*
T	long varbinary	binary	*
T	long varchar	string	*
T	longblob	binary	*
T	longtext	string	*
T	mediumblob	binary	*
T	mediumint	numeric	*
T	mediumtext	string	*
T	multilinestring	spatial	*
T	multipoint	spatial	*
T	multipolygon	spatial	*
T	national char	string	*
T	national varchar	string	*
T	nchar	string	*
T	numeric	numeric	*
T	nvarchar	string	*
T	point	spatial	*
T	polygon	spatial	*
T	real	numeric	*
T	serial	numeric	*
T	set	string	*
T	smallint	numeric	*
T	text	string	*
T	time	datetime	*
T	timestamp	datetime	*
T	tinyblob	binary	*
T	tinyint	numeric	*
T	tinytext	string	*
T	varbinary	binary	*
T	varchar	string	*
T	year	datetime	*
R	information_schema	administrable_role_authorizations	view	*
R	information_schema	applicable_roles	view	*
R	information_schema	character_sets	view	*
R	information_schema	check_constraints	view	*
R	information_schema	collations	view	*
R	information_schema	collation_character_set_applicability	view	*
R	information_schema	columns	view	*
R	information_schema	columns_extensions	view	*
R	information_schema	column_privileges	view	*
R	information_schema	column_statistics	view	*
R	information_schema	enabled_roles	view	*
R	information_schema	engines	view	*
R	information_schema	events	view	*
R	information_schema	files	view	*
R	information_schema	innodb_buffer_page	view	*
R	information_schema	innodb_buffer_page_lru	view	*
R	information_schema	innodb_buffer_pool_stats	view	*
R	information_schema	innodb_cached_indexes	view	*
R	information_schema	innodb_cmp	view	*
R	information_schema	innodb_cmpmem	view	*
R	information_schema	innodb_cmpmem_reset	view	*
R	information_schema	innodb_cmp_per_index	view	*
R	information_schema	innodb_cmp_per_index_reset	view	*
R	information_schema	innodb_cmp_reset	view	*
R	information_schema	innodb_columns	view	*
R	information_schema	innodb_datafiles	view	*
R	information_schema	innodb_fields	view	*
R	information_schema	innodb_foreign	view	*
R	information_schema	innodb_foreign_cols	view	*
R	information_schema	innodb_ft_being_deleted	view	*
R	information_schema	innodb_ft_config	view	*
R	information_schema	innodb_ft_default_stopword	view	*
R	information_schema	innodb_ft_deleted	view	*
R	information_schema	innodb_ft_index_cache	view	*
R	information_schema	innodb_ft_index_table	view	*
R	information_schema	innodb_indexes	view	*
R	information_schema	innodb_metrics	view	*
R	information_schema	innodb_session_temp_tablespaces	view	*
R	information_schema	innodb_tables	view	*
R	information_schema	innodb_tablespaces	view	*
R	information_schema	innodb_tablespaces_brief	view	*
R	information_schema	innodb_tablestats	view	*
R	information_schema	innodb_temp_table_info	view	*
R	information_schema	innodb_trx	view	*
R	information_schema	innodb_virtual	view	*
R	information_schema	keywords	view	*
R	information_schema	key_column_usage	view	*
R	information_schema	optimizer_trace	view	*
R	information_schema	parameters	view	*
R	information_schema	partitions	view	*
R	information_schema	plugins	view	*
R	information_schema	processlist	view	*
R	information_schema	profiling	view	*
R	information_schema	referential_constraints	view	*
R	information_schema	resource_groups	view	*
R	information_schema	role_column_grants	view	*
R	information_schema	role_routine_grants	view	*
R	information_schema	role_table_grants	view	*
R	information_schema	routines	view	*
R	information_schema	schemata	view	*
R	information_schema	schemata_extensions	view	*
R	information_schema	schema_privileges	view	*
R	information_schema	statistics	view	*
R	information_schema	st_geometry_columns	view	*
R	information_schema	st_spatial_reference_systems	view	*
R	information_schema	st_units_of_measure	view	*
R	information_schema	tables	view	*
R	information_schema	tablespaces	view	-8.0
R	information_schema	tablespaces_extensions	view	*
R	information_schema	tables_extensions	view	*
R	information_schema	table_constraints	view	*
R	information_schema	table_constraints_extensions	view	*
R	information_schema	table_privileges	view	*
R	information_schema	triggers	view	*
R	information_schema	user_attributes	view	*
R	information_schema	user_privileges	view	*
R	information_schema	views	view	*
R	information_schema	view_routine_usage	view	*
R	information_schema	view_table_usage	view	*
R	mysql	columns_priv	table	*
R	mysql	component	table	*
R	mysql	db	table	*
R	mysql	default_roles	table	*
R	mysql	engine_cost	table	*
R	mysql	func	table	*
R	mysql	general_log	table	*
R	mysql	global_grants	table	*
R	mysql	gtid_executed	table	*
R	mysql	help_category	table	*
R	mysql	help_keyword	table	*
R	mysql	help_relation	table	*
R	mysql	help_topic	table	*
R	mysql	innodb_index_stats	table	*
R	mysql	innodb_table_stats	table	*
R	mysql	ndb_binlog_index	table	*
R	mysql	password_history	table	*
R	mysql	plugin	table	*
R	mysql	procs_priv	table	*
R	mysql	proxies_priv	table	*
R	mysql	replication_asynchronous_connection_failover	table	*
R	mysql	replication_asynchronous_connection_failover_managed	table	*
R	mysql	replication_group_configuration_version	table	*
R	mysql	replication_group_member_actions	table	*
R	mysql	role_edges	table	*
R	mysql	server_cost	table	*
R	mysql	servers	table	*
R	mysql	slave_master_info	table	*
R	mysql	slave_relay_log_info	table	*
R	mysql	slave_worker_info	table	*
R	mysql	slow_log	table	*
R	mysql	tables_priv	table	*
R	mysql	time_zone	table	*
R	mysql	time_zone_leap_second	table	*
R	mysql	time_zone_name	table	*
R	mysql	time_zone_transition	table	*
R	mysql	time_zone_transition_type	table	*
R	mysql	user	table	*
R	performance_schema	accounts	table	*
R	performance_schema	binary_log_transaction_compression_stats	table	*
R	performance_schema	cond_instances	table	*
R	performance_schema	data_lock_waits	table	*
R	performance_schema	data_locks	table	*
R	performance_schema	error_log	table	*
R	performance_schema	events_errors_summary_by_account_by_error	table	*
R	performance_schema	events_errors_summary_by_host_by_error	table	*
R	performance_schema	events_errors_summary_by_thread_by_error	table	*
R	performance_schema	events_errors_summary_by_user_by_error	table	*
R	performance_schema	events_errors_summary_global_by_error	table	*
R	performance_schema	events_stages_current	table	*
R	performance_schema	events_stages_history	table	*
R	performance_schema	events_stages_history_long	table	*
R	performance_schema	events_stages_summary_by_account_by_event_name	table	*
R	performance_schema	events_stages_summary_by_host_by_event_name	table	*
R	performance_schema	events_stages_summary_by_thread_by_event_name	table	*
R	performance_schema	events_stages_summary_by_user_by_event_name	table	*
R	performance_schema	events_stages_summary_global_by_event_name	table	*
R	performance_schema	events_statements_current	table	*
R	performance_schema	events_statements_histogram_by_digest	table	*
R	performance_schema	events_statements_histogram_global	table	*
R	performance_schema	events_statements_history	table	*
R	performance_schema	events_statements_history_long	table	*
R	performance_schema	events_statements_summary_by_account_by_event_name	table	*
R	performance_schema	events_statements_summary_by_digest	table	*
R	performance_schema	events_statements_summary_by_host_by_event_name	table	*
R	performance_schema	events_statements_summary_by_program	table	*
R	performance_schema	events_statements_summary_by_thread_by_event_name	table	*
R	performance_schema	events_statements_summary_by_user_by_event_name	table	*
R	performance_schema	events_statements_summary_global_by_event_name	table	*
R	performance_schema	events_transactions_current	table	*
R	performance_schema	events_transactions_history	table	*
R	performance_schema	events_transactions_history_long	table	*
R	performance_schema	events_transactions_summary_by_account_by_event_name	table	*
R	performance_schema	events_transactions_summary_by_host_by_event_name	table	*
R	performance_schema	events_transactions_summary_by_thread_by_event_name	table	*
R	performance_schema	events_transactions_summary_by_user_by_event_name	table	*
R	performance_schema	events_transactions_summary_global_by_event_name	table	*
R	performance_schema	events_waits_current	table	*
R	performance_schema	events_waits_history	table	*
R	performance_schema	events_waits_history_long	table	*
R	performance_schema	events_waits_summary_by_account_by_event_name	table	*
R	performance_schema	events_waits_summary_by_host_by_event_name	table	*
R	performance_schema	events_waits_summary_by_instance	table	*
R	performance_schema	events_waits_summary_by_thread_by_event_name	table	*
R	performance_schema	events_waits_summary_by_user_by_event_name	table	*
R	performance_schema	events_waits_summary_global_by_event_name	table	*
R	performance_schema	file_instances	table	*
R	performance_schema	file_summary_by_event_name	table	*
R	performance_schema	file_summary_by_instance	table	*
R	performance_schema	global_status	table	*
R	performance_schema	global_variables	table	*
R	performance_schema	host_cache	table	*
R	performance_schema	hosts	table	*
R	performance_schema	innodb_redo_log_files	table	*
R	performance_schema	keyring_component_status	table	*
R	performance_schema	keyring_keys	table	*
R	performance_schema	log_status	table	*
R	performance_schema	memory_summary_by_account_by_event_name	table	*
R	performance_schema	memory_summary_by_host_by_event_name	table	*
R	performance_schema	memory_summary_by_thread_by_event_name	table	*
R	performance_schema	memory_summary_by_user_by_event_name	table	*
R	performance_schema	memory_summary_global_by_event_name	table	*
R	performance_schema	metadata_locks	table	*
R	performance_schema	mutex_instances	table	*
R	performance_schema	objects_summary_global_by_type	table	*
R	performance_schema	performance_timers	table	*
R	performance_schema	persisted_variables	table	*
R	performance_schema	prepared_statements_instances	table	*
R	performance_schema	processlist	table	*
R	performance_schema	replication_applier_configuration	table	*
R	performance_schema	replication_applier_filters	table	*
R	performance_schema	replication_applier_global_filters	table	*
R	performance_schema	replication_applier_status	table	*
R	performance_schema	replication_applier_status_by_coordinator	table	*
R	performance_schema	replication_applier_status_by_worker	table	*
R	performance_schema	replication_asynchronous_connection_failover	table	*
R	performance_schema	replication_asynchronous_connection_failover_managed	table	*
R	performance_schema	replication_connection_configuration	table	*
R	performance_schema	replication_connection_status	table	*
R	performance_schema	replication_group_member_stats	table	*
R	performance_schema	replication_group_members	table	*
R	performance_schema	rwlock_instances	table	*
R	performance_schema	session_account_connect_attrs	table	*
R	performance_schema	session_connect_attrs	table	*
R	performance_schema	session_status	table	*
R	performance_schema	session_variables	table	*
R	performance_schema	setup_actors	table	*
R	performance_schema	setup_consumers	table	*
R	performance_schema	setup_instruments	table	*
R	performance_schema	setup_objects	table	*
R	performance_schema	setup_threads	table	*
R	performance_schema	socket_instances	table	*
R	performance_schema	socket_summary_by_event_name	table	*
R	performance_schema	socket_summary_by_instance	table	*
R	performance_schema	status_by_account	table	*
R	performance_schema	status_by_host	table	*
R	performance_schema	status_by_thread	table	*
R	performance_schema	status_by_user	table	*
R	performance_schema	table_handles	table	*
R	performance_schema	table_io_waits_summary_by_index_usage	table	*
R	performance_schema	table_io_waits_summary_by_table	table	*
R	performance_schema	table_lock_waits_summary_by_table	table	*
R	performance_schema	threads	table	*
R	performance_schema	tls_channel_status	table	*
R	performance_schema	user_defined_functions	table	*
R	performance_schema	user_variables_by_thread	table	*
R	performance_schema	users	table	*
R	performance_schema	variables_by_thread	table	*
R	performance_schema	variables_info	table	*
R	sys	host_summary	view	*
R	sys	host_summary_by_file_io	view	*
R	sys	host_summary_by_file_io_type	view	*
R	sys	host_summary_by_stages	view	*
R	sys	host_summary_by_statement_latency	view	*
R	sys	host_summary_by_statement_type	view	*
R	sys	innodb_buffer_stats_by_schema	view	*
R	sys	innodb_buffer_stats_by_table	view	*
R	sys	innodb_lock_waits	view	*
R	sys	io_by_thread_by_latency	view	*
R	sys	io_global_by_file_by_bytes	view	*
R	sys	io_global_by_file_by_latency	view	*
R	sys	io_global_by_wait_by_bytes	view	*
R	sys	io_global_by_wait_by_latency	view	*
R	sys	latest_file_io	view	*
R	sys	memory_by_host_by_current_bytes	view	*
R	sys	memory_by_thread_by_current_bytes	view	*
R	sys	memory_by_user_by_current_bytes	view	*
R	sys	memory_global_by_current_bytes	view	*
R	sys	memory_global_total	view	*
R	sys	metrics	view	*
R	sys	processlist	view	*
R	sys	ps_check_lost_instrumentation	view	*
R	sys	schema_auto_increment_columns	view	*
R	sys	schema_index_statistics	view	*
R	sys	schema_object_overview	view	*
R	sys	schema_redundant_indexes	view	*
R	sys	schema_table_lock_waits	view	*
R	sys	schema_table_statistics	view	*
R	sys	schema_table_statistics_with_buffer	view	*
R	sys	schema_tables_with_full_table_scans	view	*
R	sys	schema_unused_indexes	view	*
R	sys	session	view	*
R	sys	session_ssl_status	view	*
R	sys	statement_analysis	view	*
R	sys	statements_with_errors_or_warnings	view	*
R	sys	statements_with_full_table_scans	view	*
R	sys	statements_with_runtimes_in_95th_percentile	view	*
R	sys	statements_with_sorting	view	*
R	sys	statements_with_temp_tables	view	*
R	sys	sys_config	table	*
R	sys	user_summary	view	*
R	sys	user_summary_by_file_io	view	*
R	sys	user_summary_by_file_io_type	view	*
R	sys	user_summary_by_stages	view	*
R	sys	user_summary_by_statement_latency	view	*
R	sys	user_summary_by_statement_type	view	*
R	sys	version	view	*
R	sys	wait_classes_global_by_avg_latency	view	*
R	sys	wait_classes_global_by_latency	view	*
R	sys	waits_by_host_by_latency	view	*
R	sys	waits_by_user_by_latency	view	*
R	sys	waits_global_by_latency	view	*
R	sys	x$host_summary	view	*
R	sys	x$host_summary_by_file_io	view	*
R	sys	x$host_summary_by_file_io_type	view	*
R	sys	x$host_summary_by_stages	view	*
R	sys	x$host_summary_by_statement_latency	view	*
R	sys	x$host_summary_by_statement_type	view	*
R	sys	x$innodb_buffer_stats_by_schema	view	*
R	sys	x$innodb_buffer_stats_by_table	view	*
R	sys	x$innodb_lock_waits	view	*
R	sys	x$io_by_thread_by_latency	view	*
R	sys	x$io_global_by_file_by_bytes	view	*
R	sys	x$io_global_by_file_by_latency	view	*
R	sys	x$io_global_by_wait_by_bytes	view	*
R	sys	x$io_global_by_wait_by_latency	view	*
R	sys	x$latest_file_io	view	*
R	sys	x$memory_by_host_by_current_bytes	view	*
R	sys	x$memory_by_thread_by_current_bytes	view	*
R	sys	x$memory_by_user_by_current_bytes	view	*
R	sys	x$memory_global_by_current_bytes	view	*
R	sys	x$memory_global_total	view	*
R	sys	x$processlist	view	*
R	sys	x$ps_digest_95th_percentile_by_avg_us	view	*
R	sys	x$ps_digest_avg_latency_distribution	view	*
R	sys	x$ps_schema_table_statistics_io	view	*
R	sys	x$schema_flattened_keys	view	*
R	sys	x$schema_index_statistics	view	*
R	sys	x$schema_table_lock_waits	view	*
R	sys	x$schema_table_statistics	view	*
R	sys	x$schema_table_statistics_with_buffer	view	*
R	sys	x$schema_tables_with_full_table_scans	view	*
R	sys	x$session	view	*
R	sys	x$statement_analysis	view	*
R	sys	x$statements_with_errors_or_warnings	view	*
R	sys	x$statements_with_full_table_scans	view	*
R	sys	x$statements_with_runtimes_in_95th_percentile	view	*
R	sys	x$statements_with_sorting	view	*
R	sys	x$statements_with_temp_tables	view	*
R	sys	x$user_summary	view	*
R	sys	x$user_summary_by_file_io	view	*
R	sys	x$user_summary_by_file_io_type	view	*
R	sys	x$user_summary_by_stages	view	*
R	sys	x$user_summary_by_statement_latency	view	*
R	sys	x$user_summary_by_statement_type	view	*
R	sys	x$wait_classes_global_by_avg_latency	view	*
R	sys	x$wait_classes_global_by_latency	view	*
R	sys	x$waits_by_host_by_latency	view	*
R	sys	x$waits_by_user_by_latency	view	*
R	sys	x$waits_global_by_latency	view	*
R	performance_schema	setup_loggers	table	8.4-
R	performance_schema	setup_meters	table	8.4-
R	performance_schema	setup_metrics	table	8.4-
C	information_schema	administrable_role_authorizations	user	varchar(97)	*
C	information_schema	administrable_role_authorizations	host	varchar(256)	*
C	information_schema	administrable_role_authorizations	grantee	varchar(97)	*
C	information_schema	administrable_role_authorizations	grantee_host	varchar(256)	*
C	information_schema	administrable_role_authorizations	role_name	varchar(255)	*
C	information_schema	administrable_role_authorizations	role_host	varchar(256)	*
C	information_schema	administrable_role_authorizations	is_grantable	varchar(3)	*
C	information_schema	administrable_role_authorizations	is_default	varchar(3)	*
C	information_schema	administrable_role_authorizations	is_mandatory	varchar(3)	*
C	information_schema	applicable_roles	user	varchar(97)	*
C	information_schema	applicable_roles	host	varchar(256)	*
C	information_schema	applicable_roles	grantee	varchar(97)	*
C	information_schema	applicable_roles	grantee_host	varchar(256)	*
C	information_schema	applicable_roles	role_name	varchar(255)	*
C	information_schema	applicable_roles	role_host	varchar(256)	*
C	information_schema	applicable_roles	is_grantable	varchar(3)	*
C	information_schema	applicable_roles	is_default	varchar(3)	*
C	information_schema	applicable_roles	is_mandatory	varchar(3)	*
C	information_schema	character_sets	character_set_name	varchar(64)	*
C	information_schema	character_sets	default_collate_name	varchar(64)	*
C	information_schema	character_sets	description	varchar(2048)	*
C	information_schema	character_sets	maxlen	int unsigned	*
C	information_schema	check_constraints	constraint_catalog	varchar(64)	*
C	information_schema	check_constraints	constraint_schema	varchar(64)	*
C	information_schema	check_constraints	constraint_name	varchar(64)	*
C	information_schema	check_constraints	check_clause	longtext	*
C	information_schema	collations	collation_name	varchar(64)	*
C	information_schema	collations	character_set_name	varchar(64)	*
C	information_schema	collations	id	bigint unsigned	*
C	information_schema	collations	is_default	varchar(3)	*
C	information_schema	collations	is_compiled	varchar(3)	*
C	information_schema	collations	sortlen	int unsigned	*
C	information_schema	collations	pad_attribute	enum('PAD SPACE','NO PAD')	*
C	information_schema	collation_character_set_applicability	collation_name	varchar(64)	*
C	information_schema	collation_character_set_applicability	character_set_name	varchar(64)	*
C	information_schema	columns	table_catalog	varchar(64)	*
C	information_schema	columns	table_schema	varchar(64)	*
C	information_schema	columns	table_name	varchar(64)	*
C	information_schema	columns	column_name	varchar(64)	*
C	information_schema	columns	ordinal_position	int unsigned	*
C	information_schema	columns	column_default	text	*
C	information_schema	columns	is_nullable	varchar(3)	*
C	information_schema	columns	data_type	longtext	*
C	information_schema	columns	character_maximum_length	bigint	*
C	information_schema	columns	character_octet_length	bigint	*
C	information_schema	columns	numeric_precision	bigint unsigned	*
C	information_schema	columns	numeric_scale	bigint unsigned	*
C	information_schema	columns	datetime_precision	int unsigned	*
C	information_schema	columns	character_set_name	varchar(64)	*
C	information_schema	columns	collation_name	varchar(64)	*
C	information_schema	columns	column_type	mediumtext	*
C	information_schema	columns	column_key	enum('','PRI','UNI','MUL')	*
C	information_schema	columns	extra	varchar(256)	*
C	information_schema	columns	privileges	varchar(154)	*
C	information_schema	columns	column_comment	text	*
C	information_schema	columns	generation_expression	longtext	*
C	information_schema	columns	srs_id	int unsigned	*
C	information_schema	columns_extensions	table_catalog	varchar(64)	*
C	information_schema	columns_extensions	table_schema	varchar(64)	*
C	information_schema	columns_extensions	table_name	varchar(64)	*
C	information_schema	columns_extensions	column_name	varchar(64)	*
C	information_schema	columns_extensions	engine_attribute	json	*
C	information_schema	columns_extensions	secondary_engine_attribute	json	*
C	information_schema	column_privileges	grantee	varchar(292)	*
C	information_schema	column_privileges	table_catalog	varchar(512)	*
C	information_schema	column_privileges	table_schema	varchar(64)	*
C	information_schema	column_privileges	table_name	varchar(64)	*
C	information_schema	column_privileges	column_name	varchar(64)	*
C	information_schema	column_privileges	privilege_type	varchar(64)	*
C	information_schema	column_privileges	is_grantable	varchar(3)	*
C	information_schema	column_statistics	schema_name	varchar(64)	*
C	information_schema	column_statistics	table_name	varchar(64)	*
C	information_schema	column_statistics	column_name	varchar(64)	*
C	information_schema	column_statistics	histogram	json	*
C	information_schema	enabled_roles	role_name	varchar(255)	*
C	information_schema	enabled_roles	role_host	varchar(255)	*
C	information_schema	enabled_roles	is_default	varchar(3)	*
C	information_schema	enabled_roles	is_mandatory	varchar(3)	*
C	information_schema	engines	engine	varchar(64)	*
C	information_schema	engines	support	varchar(8)	*
C	information_schema	engines	comment	varchar(80)	*
C	information_schema	engines	transactions	varchar(3)	*
C	information_schema	engines	xa	varchar(3)	*
C	information_schema	engines	savepoints	varchar(3)	*
C	information_schema	events	event_catalog	varchar(64)	*
C	information_schema	events	event_schema	varchar(64)	*
C	information_schema	events	event_name	varchar(64)	*
C	information_schema	events	definer	varchar(288)	*
C	information_schema	events	time_zone	varchar(64)	*
C	information_schema	events	event_body	varchar(3)	*
C	information_schema	events	event_definition	longtext	*
C	information_schema	events	event_type	varchar(9)	*
C	information_schema	events	execute_at	datetime	*
C	information_schema	events	interval_value	varchar(256)	*
C	information_schema	events	interval_field	enum('YEAR','QUARTER','MONTH','DAY','HOUR','MINUTE','WEEK','SECOND','MICROSECOND','YEAR_MONTH','DAY_HOUR','DAY_MINUTE','DAY_SECOND','HOUR_MINUTE','HOUR_SECOND','MINUTE_SECOND','DAY_MICROSECOND','HOUR_MICROSECOND','MINUTE_MICROSECOND','SECOND_MICROSECOND')	*
C	information_schema	events	sql_mode	set('REAL_AS_FLOAT','PIPES_AS_CONCAT','ANSI_QUOTES','IGNORE_SPACE','NOT_USED','ONLY_FULL_GROUP_BY','NO_UNSIGNED_SUBTRACTION','NO_DIR_IN_CREATE','NOT_USED_9','NOT_USED_10','NOT_USED_11','NOT_USED_12','NOT_USED_13','NOT_USED_14','NOT_USED_15','NOT_USED_16','NOT_USED_17','NOT_USED_18','ANSI','NO_AUTO_VALUE_ON_ZERO','NO_BACKSLASH_ESCAPES','STRICT_TRANS_TABLES','STRICT_ALL_TABLES','NO_ZERO_IN_DATE','NO_ZERO_DATE','ALLOW_INVALID_DATES','ERROR_FOR_DIVISION_BY_ZERO','TRADITIONAL','NOT_USED_29','HIGH_NOT_PRECEDENCE','NO_ENGINE_SUBSTITUTION','PAD_CHAR_TO_FULL_LENGTH','TIME_TRUNCATE_FRACTIONAL')	*
C	information_schema	events	starts	datetime	*
C	information_schema	events	ends	datetime	*
C	information_schema	events	status	enum('ENABLED','DISABLED','SLAVESIDE_DISABLED')	-8.0
C	information_schema	events	on_completion	varchar(12)	*
C	information_schema	events	created	timestamp	*
C	information_schema	events	last_altered	timestamp	*
C	information_schema	events	last_executed	datetime	*
C	information_schema	events	event_comment	varchar(2048)	*
C	information_schema	events	originator	int unsigned	*
C	information_schema	events	character_set_client	varchar(64)	*
C	information_schema	events	collation_connection	varchar(64)	*
C	information_schema	events	database_collation	varchar(64)	*
C	information_schema	files	file_id	bigint	*
C	information_schema	files	file_name	text	*
C	information_schema	files	file_type	varchar(256)	*
C	information_schema	files	tablespace_name	varchar(268)	*
C	information_schema	files	table_catalog	char(0)	-8.0
C	information_schema	files	table_schema	binary(0)	-8.0
C	information_schema	files	table_name	binary(0)	-8.0
C	information_schema	files	logfile_group_name	varchar(256)	*
C	information_schema	files	logfile_group_number	bigint	*
C	information_schema	files	engine	varchar(64)	*
C	information_schema	files	fulltext_keys	binary(0)	-8.0
C	information_schema	files	deleted_rows	binary(0)	-8.0
C	information_schema	files	update_count	binary(0)	-8.0
C	information_schema	files	free_extents	bigint	*
C	information_schema	files	total_extents	bigint	*
C	information_schema	files	extent_size	bigint	*
C	information_schema	files	initial_size	bigint	*
C	information_schema	files	maximum_size	bigint	*
C	information_schema	files	autoextend_size	bigint	*
C	information_schema	files	creation_time	binary(0)	-8.0
C	information_schema	files	last_update_time	binary(0)	-8.0
C	information_schema	files	last_access_time	binary(0)	-8.0
C	information_schema	files	recover_time	binary(0)	-8.0
C	information_schema	files	transaction_counter	binary(0)	-8.0
C	information_schema	files	version	bigint	*
C	information_schema	files	row_format	varchar(256)	*
C	information_schema	files	table_rows	binary(0)	-8.0
C	information_schema	files	avg_row_length	binary(0)	-8.0
C	information_schema	files	data_length	binary(0)	-8.0
C	information_schema	files	max_data_length	binary(0)	-8.0
C	information_schema	files	index_length	binary(0)	-8.0
C	information_schema	files	data_free	bigint	*
C	information_schema	files	create_time	binary(0)	-8.0
C	information_schema	files	update_time	binary(0)	-8.0
C	information_schema	files	check_time	binary(0)	-8.0
C	information_schema	files	checksum	binary(0)	-8.0
C	information_schema	files	status	varchar(256)	*
C	information_schema	files	extra	varchar(256)	*
C	information_schema	innodb_buffer_page	pool_id	bigint unsigned	*
C	information_schema	innodb_buffer_page	block_id	bigint unsigned	*
C	information_schema	innodb_buffer_page	space	bigint unsigned	*
C	information_schema	innodb_buffer_page	page_number	bigint unsigned	*
C	information_schema	innodb_buffer_page	page_type	varchar(64)	*
C	information_schema	innodb_buffer_page	flush_type	bigint unsigned	*
C	information_schema	innodb_buffer_page	fix_count	bigint unsigned	*
C	information_schema	innodb_buffer_page	is_hashed	varchar(3)	*
C	information_schema	innodb_buffer_page	newest_modification	bigint unsigned	*
C	information_schema	innodb_buffer_page	oldest_modification	bigint unsigned	*
C	information_schema	innodb_buffer_page	access_time	bigint unsigned	*
C	information_schema	innodb_buffer_page	table_name	varchar(1024)	*
C	information_schema	innodb_buffer_page	index_name	varchar(1024)	*
C	information_schema	innodb_buffer_page	number_records	bigint unsigned	*
C	information_schema	innodb_buffer_page	data_size	bigint unsigned	*
C	information_schema	innodb_buffer_page	compressed_size	bigint unsigned	*
C	information_schema	innodb_buffer_page	page_state	varchar(64)	*
C	information_schema	innodb_buffer_page	io_fix	varchar(64)	*
C	information_schema	innodb_buffer_page	is_old	varchar(3)	*
C	information_schema	innodb_buffer_page	free_page_clock	bigint unsigned	*
C	information_schema	innodb_buffer_page	is_stale	varchar(3)	*
C	information_schema	innodb_buffer_page_lru	pool_id	bigint unsigned	*
C	information_schema	innodb_buffer_page_lru	lru_position	bigint unsigned	*
C	information_schema	innodb_buffer_page_lru	space	bigint unsigned	*
C	information_schema	innodb_buffer_page_lru	page_number	bigint unsigned	*
C	information_schema	innodb_buffer_page_lru	page_type	varchar(64)	*
C	information_schema	innodb_buffer_page_lru	flush_type	bigint unsigned	*
C	information_schema	innodb_buffer_page_lru	fix_count	bigint unsigned	*
C	information_schema	innodb_buffer_page_lru	is_hashed	varchar(3)	*
C	information_schema	innodb_buffer_page_lru	newest_modification	bigint unsigned	*
C	information_schema	innodb_buffer_page_lru	oldest_modification	bigint unsigned	*
C	information_schema	innodb_buffer_page_lru	access_time	bigint unsigned	*
C	information_schema	innodb_buffer_page_lru	table_name	varchar(1024)	*
C	information_schema	innodb_buffer_page_lru	index_name	varchar(1024)	*
C	information_schema	innodb_buffer_page_lru	number_records	bigint unsigned	*
C	information_schema	innodb_buffer_page_lru	data_size	bigint unsigned	*
C	information_schema	innodb_buffer_page_lru	compressed_size	bigint unsigned	*
C	information_schema	innodb_buffer_page_lru	compressed	varchar(3)	*
C	information_schema	innodb_buffer_page_lru	io_fix	varchar(64)	*
C	information_schema	innodb_buffer_page_lru	is_old	varchar(3)	*
C	information_schema	innodb_buffer_page_lru	free_page_clock	bigint unsigned	*
C	information_schema	innodb_buffer_pool_stats	pool_id	bigint unsigned	*
C	information_schema	innodb_buffer_pool_stats	pool_size	bigint unsigned	*
C	information_schema	innodb_buffer_pool_stats	free_buffers	bigint unsigned	*
C	information_schema	innodb_buffer_pool_stats	database_pages	bigint unsigned	*
C	information_schema	innodb_buffer_pool_stats	old_database_pages	bigint unsigned	*
C	information_schema	innodb_buffer_pool_stats	modified_database_pages	bigint unsigned	*
C	information_schema	innodb_buffer_pool_stats	pending_decompress	bigint unsigned	*
C	information_schema	innodb_buffer_pool_stats	pending_reads	bigint unsigned	*
C	information_schema	innodb_buffer_pool_stats	pending_flush_lru	bigint unsigned	*
C	information_schema	innodb_buffer_pool_stats	pending_flush_list	bigint unsigned	*
C	information_schema	innodb_buffer_pool_stats	pages_made_young	bigint unsigned	*
C	information_schema	innodb_buffer_pool_stats	pages_not_made_young	bigint unsigned	*
C	information_schema	innodb_buffer_pool_stats	pages_made_young_rate	float(12,0)	*
C	information_schema	innodb_buffer_pool_stats	pages_made_not_young_rate	float(12,0)	*
C	information_schema	innodb_buffer_pool_stats	number_pages_read	bigint unsigned	*
C	information_schema	innodb_buffer_pool_stats	number_pages_created	bigint unsigned	*
C	information_schema	innodb_buffer_pool_stats	number_pages_written	bigint unsigned	*
C	information_schema	innodb_buffer_pool_stats	pages_read_rate	float(12,0)	*
C	information_schema	innodb_buffer_pool_stats	pages_create_rate	float(12,0)	*
C	information_schema	innodb_buffer_pool_stats	pages_written_rate	float(12,0)	*
C	information_schema	innodb_buffer_pool_stats	number_pages_get	bigint unsigned	*
C	information_schema	innodb_buffer_pool_stats	hit_rate	bigint unsigned	*
C	information_schema	innodb_buffer_pool_stats	young_make_per_thousand_gets	bigint unsigned	*
C	information_schema	innodb_buffer_pool_stats	not_young_make_per_thousand_gets	bigint unsigned	*
C	information_schema	innodb_buffer_pool_stats	number_pages_read_ahead	bigint unsigned	*
C	information_schema	innodb_buffer_pool_stats	number_read_ahead_evicted	bigint unsigned	*
C	information_schema	innodb_buffer_pool_stats	read_ahead_rate	float(12,0)	*
C	information_schema	innodb_buffer_pool_stats	read_ahead_evicted_rate	float(12,0)	*
C	information_schema	innodb_buffer_pool_stats	lru_io_total	bigint unsigned	*
C	information_schema	innodb_buffer_pool_stats	lru_io_current	bigint unsigned	*
C	information_schema	innodb_buffer_pool_stats	uncompress_total	bigint unsigned	*
C	information_schema	innodb_buffer_pool_stats	uncompress_current	bigint unsigned	*
C	information_schema	innodb_cached_indexes	space_id	int unsigned	*
C	information_schema	innodb_cached_indexes	index_id	bigint unsigned	*
C	information_schema	innodb_cached_indexes	n_cached_pages	bigint unsigned	*
C	information_schema	innodb_cmp	page_size	int	*
C	information_schema	innodb_cmp	compress_ops	int	*
C	information_schema	innodb_cmp	compress_ops_ok	int	*
C	information_schema	innodb_cmp	compress_time	int	*
C	information_schema	innodb_cmp	uncompress_ops	int	*
C	information_schema	innodb_cmp	uncompress_time	int	*
C	information_schema	innodb_cmpmem	page_size	int	*
C	information_schema	innodb_cmpmem	buffer_pool_instance	int	*
C	information_schema	innodb_cmpmem	pages_used	int	*
C	information_schema	innodb_cmpmem	pages_free	int	*
C	information_schema	innodb_cmpmem	relocation_ops	bigint	*
C	information_schema	innodb_cmpmem	relocation_time	int	*
C	information_schema	innodb_cmpmem_reset	page_size	int	*
C	information_schema	innodb_cmpmem_reset	buffer_pool_instance	int	*
C	information_schema	innodb_cmpmem_reset	pages_used	int	*
C	information_schema	innodb_cmpmem_reset	pages_free	int	*
C	information_schema	innodb_cmpmem_reset	relocation_ops	bigint	*
C	information_schema	innodb_cmpmem_reset	relocation_time	int	*
C	information_schema	innodb_cmp_per_index	database_name	varchar(192)	*
C	information_schema	innodb_cmp_per_index	table_name	varchar(192)	*
C	information_schema	innodb_cmp_per_index	index_name	varchar(192)	*
C	information_schema	innodb_cmp_per_index	compress_ops	int	*
C	information_schema	innodb_cmp_per_index	compress_ops_ok	int	*
C	information_schema	innodb_cmp_per_index	compress_time	int	*
C	information_schema	innodb_cmp_per_index	uncompress_ops	int	*
C	information_schema	innodb_cmp_per_index	uncompress_time	int	*
C	information_schema	innodb_cmp_per_index_reset	database_name	varchar(192)	*
C	information_schema	innodb_cmp_per_index_reset	table_name	varchar(192)	*
C	information_schema	innodb_cmp_per_index_reset	index_name	varchar(192)	*
C	information_schema	innodb_cmp_per_index_reset	compress_ops	int	*
C	information_schema	innodb_cmp_per_index_reset	compress_ops_ok	int	*
C	information_schema	innodb_cmp_per_index_reset	compress_time	int	*
C	information_schema	innodb_cmp_per_index_reset	uncompress_ops	int	*
C	information_schema	innodb_cmp_per_index_reset	uncompress_time	int	*
C	information_schema	innodb_cmp_reset	page_size	int	*
C	information_schema	innodb_cmp_reset	compress_ops	int	*
C	information_schema	innodb_cmp_reset	compress_ops_ok	int	*
C	information_schema	innodb_cmp_reset	compress_time	int	*
C	information_schema	innodb_cmp_reset	uncompress_ops	int	*
C	information_schema	innodb_cmp_reset	uncompress_time	int	*
C	information_schema	innodb_columns	table_id	bigint unsigned	*
C	information_schema	innodb_columns	name	varchar(193)	*
C	information_schema	innodb_columns	pos	bigint unsigned	*
C	information_schema	innodb_columns	mtype	int	*
C	information_schema	innodb_columns	prtype	int	*
C	information_schema	innodb_columns	len	int	*
C	information_schema	innodb_columns	has_default	int	*
C	information_schema	innodb_columns	default_value	text	*
C	information_schema	innodb_datafiles	space	varbinary(256)	*
C	information_schema	innodb_datafiles	path	varchar(512)	*
C	information_schema	innodb_fields	index_id	varbinary(256)	*
C	information_schema	innodb_fields	name	varchar(64)	*
C	information_schema	innodb_fields	pos	bigint unsigned	*
C	information_schema	innodb_foreign	id	varchar(129)	*
C	information_schema	innodb_foreign	for_name	varchar(129)	*
C	information_schema	innodb_foreign	ref_name	varchar(129)	*
C	information_schema	innodb_foreign	n_cols	bigint	*
C	information_schema	innodb_foreign	type	bigint unsigned	*
C	information_schema	innodb_foreign_cols	id	varchar(129)	*
C	information_schema	innodb_foreign_cols	for_col_name	varchar(64)	*
C	information_schema	innodb_foreign_cols	ref_col_name	varchar(64)	*
C	information_schema	innodb_foreign_cols	pos	int unsigned	*
C	information_schema	innodb_ft_being_deleted	doc_id	bigint unsigned	*
C	information_schema	innodb_ft_config	key	varchar(193)	*
C	information_schema	innodb_ft_config	value	varchar(193)	*
C	information_schema	innodb_ft_default_stopword	value	varchar(18)	*
C	information_schema	innodb_ft_deleted	doc_id	bigint unsigned	*
C	information_schema	innodb_ft_index_cache	word	varchar(337)	*
C	information_schema	innodb_ft_index_cache	first_doc_id	bigint unsigned	*
C	information_schema	innodb_ft_index_cache	last_doc_id	bigint unsigned	*
C	information_schema	innodb_ft_index_cache	doc_count	bigint unsigned	*
C	information_schema	innodb_ft_index_cache	doc_id	bigint unsigned	*
C	information_schema	innodb_ft_index_cache	position	bigint unsigned	*
C	information_schema	innodb_ft_index_table	word	varchar(337)	*
C	information_schema	innodb_ft_index_table	first_doc_id	bigint unsigned	*
C	information_schema	innodb_ft_index_table	last_doc_id	bigint unsigned	*
C	information_schema	innodb_ft_index_table	doc_count	bigint unsigned	*
C	information_schema	innodb_ft_index_table	doc_id	bigint unsigned	*
C	information_schema	innodb_ft_index_table	position	bigint unsigned	*
C	information_schema	innodb_indexes	index_id	bigint unsigned	*
C	information_schema	innodb_indexes	name	varchar(193)	*
C	information_schema	innodb_indexes	table_id	bigint unsigned	*
C	information_schema	innodb_indexes	type	int	*
C	information_schema	innodb_indexes	n_fields	int	*
C	information_schema	innodb_indexes	page_no	int	*
C	information_schema	innodb_indexes	space	int	*
C	information_schema	innodb_indexes	merge_threshold	int	*
C	information_schema	innodb_metrics	name	varchar(193)	*
C	information_schema	innodb_metrics	subsystem	varchar(193)	*
C	information_schema	innodb_metrics	count	bigint	*
C	information_schema	innodb_metrics	max_count	bigint	*
C	information_schema	innodb_metrics	min_count	bigint	*
C	information_schema	innodb_metrics	avg_count	float(12,0)	*
C	information_schema	innodb_metrics	count_reset	bigint	*
C	information_schema	innodb_metrics	max_count_reset	bigint	*
C	information_schema	innodb_metrics	min_count_reset	bigint	*
C	information_schema	innodb_metrics	avg_count_reset	float(12,0)	*
C	information_schema	innodb_metrics	time_enabled	datetime	*
C	information_schema	innodb_metrics	time_disabled	datetime	*
C	information_schema	innodb_metrics	time_elapsed	bigint	*
C	information_schema	innodb_metrics	time_reset	datetime	*
C	information_schema	innodb_metrics	status	varchar(193)	*
C	information_schema	innodb_metrics	type	varchar(193)	*
C	information_schema	innodb_metrics	comment	varchar(193)	*
C	information_schema	innodb_session_temp_tablespaces	id	int unsigned	*
C	information_schema	innodb_session_temp_tablespaces	space	int unsigned	*
C	information_schema	innodb_session_temp_tablespaces	path	varchar(4001)	*
C	information_schema	innodb_session_temp_tablespaces	size	bigint unsigned	*
C	information_schema	innodb_session_temp_tablespaces	state	varchar(192)	*
C	information_schema	innodb_session_temp_tablespaces	purpose	varchar(192)	*
C	information_schema	innodb_tables	table_id	bigint unsigned	*
C	information_schema	innodb_tables	name	varchar(655)	*
C	information_schema	innodb_tables	flag	int	*
C	information_schema	innodb_tables	n_cols	int	*
C	information_schema	innodb_tables	space	bigint	*
C	information_schema	innodb_tables	row_format	varchar(12)	*
C	information_schema	innodb_tables	zip_page_size	int unsigned	*
C	information_schema	innodb_tables	space_type	varchar(10)	*
C	information_schema	innodb_tables	instant_cols	int	*
C	information_schema	innodb_tables	total_row_versions	int	*
C	information_schema	innodb_tablespaces	space	int unsigned	*
C	information_schema	innodb_tablespaces	name	varchar(655)	*
C	information_schema	innodb_tablespaces	flag	int unsigned	*
C	information_schema	innodb_tablespaces	row_format	varchar(22)	*
C	information_schema	innodb_tablespaces	page_size	int unsigned	*
C	information_schema	innodb_tablespaces	zip_page_size	int unsigned	*
C	information_schema	innodb_tablespaces	space_type	varchar(10)	*
C	information_schema	innodb_tablespaces	fs_block_size	int unsigned	*
C	information_schema	innodb_tablespaces	file_size	bigint unsigned	*
C	information_schema	innodb_tablespaces	allocated_size	bigint unsigned	*
C	information_schema	innodb_tablespaces	autoextend_size	bigint unsigned	*
C	information_schema	innodb_tablespaces	server_version	varchar(10)	*
C	information_schema	innodb_tablespaces	space_version	int unsigned	*
C	information_schema	innodb_tablespaces	encryption	varchar(1)	*
C	information_schema	innodb_tablespaces	state	varchar(10)	*
C	information_schema	innodb_tablespaces_brief	space	varbinary(256)	*
C	information_schema	innodb_tablespaces_brief	name	varchar(268)	*
C	information_schema	innodb_tablespaces_brief	path	varchar(512)	*
C	information_schema	innodb_tablespaces_brief	flag	varbinary(256)	*
C	information_schema	innodb_tablespaces_brief	space_type	varchar(7)	*
C	information_schema	innodb_tablestats	table_id	bigint unsigned	*
C	information_schema	innodb_tablestats	name	varchar(193)	*
C	information_schema	innodb_tablestats	stats_initialized	varchar(193)	*
C	information_schema	innodb_tablestats	num_rows	bigint unsigned	*
C	information_schema	innodb_tablestats	clust_index_size	bigint unsigned	*
C	information_schema	innodb_tablestats	other_index_size	bigint unsigned	*
C	information_schema	innodb_tablestats	modified_counter	bigint unsigned	*
C	information_schema	innodb_tablestats	autoinc	bigint unsigned	*
C	information_schema	innodb_tablestats	ref_count	int	*
C	information_schema	innodb_temp_table_info	table_id	bigint unsigned	*
C	information_schema	innodb_temp_table_info	name	varchar(64)	*
C	information_schema	innodb_temp_table_info	n_cols	int unsigned	*
C	information_schema	innodb_temp_table_info	space	int unsigned	*
C	information_schema	innodb_trx	trx_id	bigint unsigned	*
C	information_schema	innodb_trx	trx_state	varchar(13)	*
C	information_schema	innodb_trx	trx_started	datetime	*
C	information_schema	innodb_trx	trx_requested_lock_id	varchar(126)	*
C	information_schema	innodb_trx	trx_wait_started	datetime	*
C	information_schema	innodb_trx	trx_weight	bigint unsigned	*
C	information_schema	innodb_trx	trx_mysql_thread_id	bigint unsigned	*
C	information_schema	innodb_trx	trx_query	varchar(1024)	*
C	information_schema	innodb_trx	trx_operation_state	varchar(64)	*
C	information_schema	innodb_trx	trx_tables_in_use	bigint unsigned	*
C	information_schema	innodb_trx	trx_tables_locked	bigint unsigned	*
C	information_schema	innodb_trx	trx_lock_structs	bigint unsigned	*
C	information_schema	innodb_trx	trx_lock_memory_bytes	bigint unsigned	*
C	information_schema	innodb_trx	trx_rows_locked	bigint unsigned	*
C	information_schema	innodb_trx	trx_rows_modified	bigint unsigned	*
C	information_schema	innodb_trx	trx_concurrency_tickets	bigint unsigned	*
C	information_schema	innodb_trx	trx_isolation_level	varchar(16)	*
C	information_schema	innodb_trx	trx_unique_checks	int	*
C	information_schema	innodb_trx	trx_foreign_key_checks	int	*
C	information_schema	innodb_trx	trx_last_foreign_key_error	varchar(256)	*
C	information_schema	innodb_trx	trx_adaptive_hash_latched	int	*
C	information_schema	innodb_trx	trx_adaptive_hash_timeout	bigint unsigned	*
C	information_schema	innodb_trx	trx_is_read_only	int	*
C	information_schema	innodb_trx	trx_autocommit_non_locking	int	*
C	information_schema	innodb_trx	trx_schedule_weight	bigint unsigned	*
C	information_schema	innodb_virtual	table_id	bigint unsigned	*
C	information_schema	innodb_virtual	pos	int unsigned	*
C	information_schema	innodb_virtual	base_pos	int unsigned	*
C	information_schema	keywords	word	varchar(128)	*
C	information_schema	keywords	reserved	int	*
C	information_schema	key_column_usage	constraint_catalog	varchar(64)	*
C	information_schema	key_column_usage	constraint_schema	varchar(64)	*
C	information_schema	key_column_usage	constraint_name	varchar(64)	*
C	information_schema	key_column_usage	table_catalog	varchar(64)	*
C	information_schema	key_column_usage	table_schema	varchar(64)	*
C	information_schema	key_column_usage	table_name	varchar(64)	*
C	information_schema	key_column_usage	column_name	varchar(64)	*
C	information_schema	key_column_usage	ordinal_position	int unsigned	*
C	information_schema	key_column_usage	position_in_unique_constraint	int unsigned	*
C	information_schema	key_column_usage	referenced_table_schema	varchar(64)	*
C	information_schema	key_column_usage	referenced_table_name	varchar(64)	*
C	information_schema	key_column_usage	referenced_column_name	varchar(64)	*
C	information_schema	optimizer_trace	query	varchar(65535)	*
C	information_schema	optimizer_trace	trace	varchar(65535)	*
C	information_schema	optimizer_trace	missing_bytes_beyond_max_mem_size	int	*
C	information_schema	optimizer_trace	insufficient_privileges	tinyint(1)	*
C	information_schema	parameters	specific_catalog	varchar(64)	*
C	information_schema	parameters	specific_schema	varchar(64)	*
C	information_schema	parameters	specific_name	varchar(64)	*
C	information_schema	parameters	ordinal_position	bigint unsigned	*
C	information_schema	parameters	parameter_mode	varchar(5)	*
C	information_schema	parameters	parameter_name	varchar(64)	*
C	information_schema	parameters	data_type	longtext	*
C	information_schema	parameters	character_maximum_length	bigint	*
C	information_schema	parameters	character_octet_length	bigint	*
C	information_schema	parameters	numeric_precision	int unsigned	*
C	information_schema	parameters	numeric_scale	bigint	*
C	information_schema	parameters	datetime_precision	int unsigned	*
C	information_schema	parameters	character_set_name	varchar(64)	*
C	information_schema	parameters	collation_name	varchar(64)	*
C	information_schema	parameters	dtd_identifier	mediumtext	*
C	information_schema	parameters	routine_type	enum('FUNCTION','PROCEDURE')	*
C	information_schema	partitions	table_catalog	varchar(64)	*
C	information_schema	partitions	table_schema	varchar(64)	*
C	information_schema	partitions	table_name	varchar(64)	*
C	information_schema	partitions	partition_name	varchar(64)	*
C	information_schema	partitions	subpartition_name	varchar(64)	*
C	information_schema	partitions	partition_ordinal_position	int unsigned	*
C	information_schema	partitions	subpartition_ordinal_position	int unsigned	*
C	information_schema	partitions	partition_method	varchar(13)	*
C	information_schema	partitions	subpartition_method	varchar(13)	*
C	information_schema	partitions	partition_expression	varchar(2048)	*
C	information_schema	partitions	subpartition_expression	varchar(2048)	*
C	information_schema	partitions	partition_description	text	*
C	information_schema	partitions	table_rows	bigint unsigned	*
C	information_schema	partitions	avg_row_length	bigint unsigned	*
C	information_schema	partitions	data_length	bigint unsigned	*
C	information_schema	partitions	max_data_length	bigint unsigned	*
C	information_schema	partitions	index_length	bigint unsigned	*
C	information_schema	partitions	data_free	bigint unsigned	*
C	information_schema	partitions	create_time	timestamp	*
C	information_schema	partitions	update_time	datetime	*
C	information_schema	partitions	check_time	datetime	*
C	information_schema	partitions	checksum	bigint	*
C	information_schema	partitions	partition_comment	text	*
C	information_schema	partitions	nodegroup	varchar(256)	*
C	information_schema	partitions	tablespace_name	varchar(268)	*
C	information_schema	plugins	plugin_name	varchar(64)	*
C	information_schema	plugins	plugin_version	varchar(20)	*
C	information_schema	plugins	plugin_status	varchar(10)	*
C	information_schema	plugins	plugin_type	varchar(80)	*
C	information_schema	plugins	plugin_type_version	varchar(20)	*
C	information_schema	plugins	plugin_library	varchar(64)	*
C	information_schema	plugins	plugin_library_version	varchar(20)	*
C	information_schema	plugins	plugin_author	varchar(64)	*
C	information_schema	plugins	plugin_description	varchar(65535)	*
C	information_schema	plugins	plugin_license	varchar(80)	*
C	information_schema	plugins	load_option	varchar(64)	*
C	information_schema	processlist	id	bigint unsigned	*
C	information_schema	processlist	user	varchar(32)	*
C	information_schema	processlist	host	varchar(261)	*
C	information_schema	processlist	db	varchar(64)	*
C	information_schema	processlist	command	varchar(16)	*
C	information_schema	processlist	time	int	*
C	information_schema	processlist	state	varchar(64)	*
C	information_schema	processlist	info	varchar(65535)	*
C	information_schema	profiling	query_id	int	*
C	information_schema	profiling	seq	int	*
C	information_schema	profiling	state	varchar(30)	*
C	information_schema	profiling	duration	decimal(905,0)	*
C	information_schema	profiling	cpu_user	decimal(905,0)	*
C	information_schema	profiling	cpu_system	decimal(905,0)	*
C	information_schema	profiling	context_voluntary	int	*
C	information_schema	profiling	context_involuntary	int	*
C	information_schema	profiling	block_ops_in	int	*
C	information_schema	profiling	block_ops_out	int	*
C	information_schema	profiling	messages_sent	int	*
C	information_schema	profiling	messages_received	int	*
C	information_schema	profiling	page_faults_major	int	*
C	information_schema	profiling	page_faults_minor	int	*
C	information_schema	profiling	swaps	int	*
C	information_schema	profiling	source_function	varchar(30)	*
C	information_schema	profiling	source_file	varchar(20)	*
C	information_schema	profiling	source_line	int	*
C	information_schema	referential_constraints	constraint_catalog	varchar(64)	*
C	information_schema	referential_constraints	constraint_schema	varchar(64)	*
C	information_schema	referential_constraints	constraint_name	varchar(64)	*
C	information_schema	referential_constraints	unique_constraint_catalog	varchar(64)	*
C	information_schema	referential_constraints	unique_constraint_schema	varchar(64)	*
C	information_schema	referential_constraints	unique_constraint_name	varchar(64)	*
C	information_schema	referential_constraints	match_option	enum('NONE','PARTIAL','FULL')	*
C	information_schema	referential_constraints	update_rule	enum('NO ACTION','RESTRICT','CASCADE','SET NULL','SET DEFAULT')	*
C	information_schema	referential_constraints	delete_rule	enum('NO ACTION','RESTRICT','CASCADE','SET NULL','SET DEFAULT')	*
C	information_schema	referential_constraints	table_name	varchar(64)	*
C	information_schema	referential_constraints	referenced_table_name	varchar(64)	*
C	information_schema	resource_groups	resource_group_name	varchar(64)	*
C	information_schema	resource_groups	resource_group_type	enum('SYSTEM','USER')	*
C	information_schema	resource_groups	resource_group_enabled	tinyint(1)	*
C	information_schema	resource_groups	vcpu_ids	blob	*
C	information_schema	resource_groups	thread_priority	int	*
C	information_schema	role_column_grants	grantor	varchar(97)	*
C	information_schema	role_column_grants	grantor_host	varchar(256)	*
C	information_schema	role_column_grants	grantee	char(32)	*
C	information_schema	role_column_grants	grantee_host	char(255)	*
C	information_schema	role_column_grants	table_catalog	varchar(3)	*
C	information_schema	role_column_grants	table_schema	char(64)	*
C	information_schema	role_column_grants	table_name	char(64)	*
C	information_schema	role_column_grants	column_name	char(64)	*
C	information_schema	role_column_grants	privilege_type	set('Select','Insert','Update','References')	*
C	information_schema	role_column_grants	is_grantable	varchar(3)	*
C	information_schema	role_routine_grants	grantor	varchar(97)	*
C	information_schema	role_routine_grants	grantor_host	varchar(256)	*
C	information_schema	role_routine_grants	grantee	char(32)	*
C	information_schema	role_routine_grants	grantee_host	char(255)	*
C	information_schema	role_routine_grants	specific_catalog	varchar(3)	*
C	information_schema	role_routine_grants	specific_schema	char(64)	*
C	information_schema	role_routine_grants	specific_name	char(64)	*
C	information_schema	role_routine_grants	routine_catalog	varchar(3)	*
C	information_schema	role_routine_grants	routine_schema	char(64)	*
C	information_schema	role_routine_grants	routine_name	char(64)	*
C	information_schema	role_routine_grants	privilege_type	set('Execute','Alter Routine','Grant')	*
C	information_schema	role_routine_grants	is_grantable	varchar(3)	*
C	information_schema	role_table_grants	grantor	varchar(97)	*
C	information_schema	role_table_grants	grantor_host	varchar(256)	*
C	information_schema	role_table_grants	grantee	char(32)	*
C	information_schema	role_table_grants	grantee_host	char(255)	*
C	information_schema	role_table_grants	table_catalog	varchar(3)	*
C	information_schema	role_table_grants	table_schema	char(64)	*
C	information_schema	role_table_grants	table_name	char(64)	*
C	information_schema	role_table_grants	privilege_type	set('Select','Insert','Update','Delete','Create','Drop','Grant','References','Index','Alter','Create View','Show view','Trigger')	*
C	information_schema	role_table_grants	is_grantable	varchar(3)	*
C	information_schema	routines	specific_name	varchar(64)	*
C	information_schema	routines	routine_catalog	varchar(64)	*
C	information_schema	routines	routine_schema	varchar(64)	*
C	information_schema	routines	routine_name	varchar(64)	*
C	information_schema	routines	routine_type	enum('FUNCTION','PROCEDURE')	*
C	information_schema	routines	data_type	longtext	*
C	information_schema	routines	character_maximum_length	bigint	*
C	information_schema	routines	character_octet_length	bigint	*
C	information_schema	routines	numeric_precision	int unsigned	*
C	information_schema	routines	numeric_scale	int unsigned	*
C	information_schema	routines	datetime_precision	int unsigned	*
C	information_schema	routines	character_set_name	varchar(64)	*
C	information_schema	routines	collation_name	varchar(64)	*
C	information_schema	routines	dtd_identifier	longtext	*
C	information_schema	routines	routine_body	varchar(3)	-8.0
C	information_schema	routines	routine_definition	longtext	*
C	information_schema	routines	external_name	binary(0)	-8.0
C	information_schema	routines	external_language	varchar(64)	*
C	information_schema	routines	parameter_style	varchar(3)	*
C	information_schema	routines	is_deterministic	varchar(3)	*
C	information_schema	routines	sql_data_access	enum('CONTAINS SQL','NO SQL','READS SQL DATA','MODIFIES SQL DATA')	*
C	information_schema	routines	sql_path	binary(0)	-8.0
C	information_schema	routines	security_type	enum('DEFAULT','INVOKER','DEFINER')	*
C	information_schema	routines	created	timestamp	*
C	information_schema	routines	last_altered	timestamp	*
C	information_schema	routines	sql_mode	set('REAL_AS_FLOAT','PIPES_AS_CONCAT','ANSI_QUOTES','IGNORE_SPACE','NOT_USED','ONLY_FULL_GROUP_BY','NO_UNSIGNED_SUBTRACTION','NO_DIR_IN_CREATE','NOT_USED_9','NOT_USED_10','NOT_USED_11','NOT_USED_12','NOT_USED_13','NOT_USED_14','NOT_USED_15','NOT_USED_16','NOT_USED_17','NOT_USED_18','ANSI','NO_AUTO_VALUE_ON_ZERO','NO_BACKSLASH_ESCAPES','STRICT_TRANS_TABLES','STRICT_ALL_TABLES','NO_ZERO_IN_DATE','NO_ZERO_DATE','ALLOW_INVALID_DATES','ERROR_FOR_DIVISION_BY_ZERO','TRADITIONAL','NOT_USED_29','HIGH_NOT_PRECEDENCE','NO_ENGINE_SUBSTITUTION','PAD_CHAR_TO_FULL_LENGTH','TIME_TRUNCATE_FRACTIONAL')	*
C	information_schema	routines	routine_comment	text	*
C	information_schema	routines	definer	varchar(288)	*
C	information_schema	routines	character_set_client	varchar(64)	*
C	information_schema	routines	collation_connection	varchar(64)	*
C	information_schema	routines	database_collation	varchar(64)	*
C	information_schema	schemata	catalog_name	varchar(64)	*
C	information_schema	schemata	schema_name	varchar(64)	*
C	information_schema	schemata	default_character_set_name	varchar(64)	*
C	information_schema	schemata	default_collation_name	varchar(64)	*
C	information_schema	schemata	sql_path	binary(0)	-8.0
C	information_schema	schemata	default_encryption	enum('NO','YES')	*
C	information_schema	schemata_extensions	catalog_name	varchar(64)	*
C	information_schema	schemata_extensions	schema_name	varchar(64)	*
C	information_schema	schemata_extensions	options	varchar(256)	*
C	information_schema	schema_privileges	grantee	varchar(292)	*
C	information_schema	schema_privileges	table_catalog	varchar(512)	*
C	information_schema	schema_privileges	table_schema	varchar(64)	*
C	information_schema	schema_privileges	privilege_type	varchar(64)	*
C	information_schema	schema_privileges	is_grantable	varchar(3)	*
C	information_schema	statistics	table_catalog	varchar(64)	*
C	information_schema	statistics	table_schema	varchar(64)	*
C	information_schema	statistics	table_name	varchar(64)	*
C	information_schema	statistics	non_unique	int	*
C	information_schema	statistics	index_schema	varchar(64)	*
C	information_schema	statistics	index_name	varchar(64)	*
C	information_schema	statistics	seq_in_index	int unsigned	*
C	information_schema	statistics	column_name	varchar(64)	*
C	information_schema	statistics	collation	varchar(1)	*
C	information_schema	statistics	cardinality	bigint	*
C	information_schema	statistics	sub_part	bigint	*
C	information_schema	statistics	packed	binary(0)	-8.0
C	information_schema	statistics	nullable	varchar(3)	*
C	information_schema	statistics	index_type	varchar(11)	*
C	information_schema	statistics	comment	varchar(8)	*
C	information_schema	statistics	index_comment	varchar(2048)	*
C	information_schema	statistics	is_visible	varchar(3)	*
C	information_schema	statistics	expression	longtext	*
C	information_schema	st_geometry_columns	table_catalog	varchar(64)	*
C	information_schema	st_geometry_columns	table_schema	varchar(64)	*
C	information_schema	st_geometry_columns	table_name	varchar(64)	*
C	information_schema	st_geometry_columns	column_name	varchar(64)	*
C	information_schema	st_geometry_columns	srs_name	varchar(80)	*
C	information_schema	st_geometry_columns	srs_id	int unsigned	*
C	information_schema	st_geometry_columns	geometry_type_name	longtext	*
C	information_schema	st_spatial_reference_systems	srs_name	varchar(80)	*
C	information_schema	st_spatial_reference_systems	srs_id	int unsigned	*
C	information_schema	st_spatial_reference_systems	organization	varchar(256)	*
C	information_schema	st_spatial_reference_systems	organization_coordsys_id	int unsigned	*
C	information_schema	st_spatial_reference_systems	definition	varchar(4096)	*
C	information_schema	st_spatial_reference_systems	description	varchar(2048)	*
C	information_schema	st_units_of_measure	unit_name	varchar(255)	*
C	information_schema	st_units_of_measure	unit_type	varchar(7)	*
C	information_schema	st_units_of_measure	conversion_factor	double	*
C	information_schema	st_units_of_measure	description	varchar(255)	*
C	information_schema	tables	table_catalog	varchar(64)	*
C	information_schema	tables	table_schema	varchar(64)	*
C	information_schema	tables	table_name	varchar(64)	*
C	information_schema	tables	table_type	enum('BASE TABLE','VIEW','SYSTEM VIEW')	*
C	information_schema	tables	engine	varchar(64)	*
C	information_schema	tables	version	int	*
C	information_schema	tables	row_format	enum('Fixed','Dynamic','Compressed','Redundant','Compact','Paged')	*
C	information_schema	tables	table_rows	bigint unsigned	*
C	information_schema	tables	avg_row_length	bigint unsigned	*
C	information_schema	tables	data_length	bigint unsigned	*
C	information_schema	tables	max_data_length	bigint unsigned	*
C	information_schema	tables	index_length	bigint unsigned	*
C	information_schema	tables	data_free	bigint unsigned	*
C	information_schema	tables	auto_increment	bigint unsigned	*
C	information_schema	tables	create_time	timestamp	*
C	information_schema	tables	update_time	datetime	*
C	information_schema	tables	check_time	datetime	*
C	information_schema	tables	table_collation	varchar(64)	*
C	information_schema	tables	checksum	bigint	*
C	information_schema	tables	create_options	varchar(256)	*
C	information_schema	tables	table_comment	text	*
C	information_schema	tablespaces	tablespace_name	varchar(64)	-8.0
C	information_schema	tablespaces	engine	varchar(64)	-8.0
C	information_schema	tablespaces	tablespace_type	varchar(64)	-8.0
C	information_schema	tablespaces	logfile_group_name	varchar(64)	-8.0
C	information_schema	tablespaces	extent_size	bigint unsigned	-8.0
C	information_schema	tablespaces	autoextend_size	bigint unsigned	-8.0
C	information_schema	tablespaces	maximum_size	bigint unsigned	-8.0
C	information_schema	tablespaces	nodegroup_id	bigint unsigned	-8.0
C	information_schema	tablespaces	tablespace_comment	varchar(2048)	-8.0
C	information_schema	tablespaces_extensions	tablespace_name	varchar(268)	*
C	information_schema	tablespaces_extensions	engine_attribute	json	*
C	information_schema	tables_extensions	table_catalog	varchar(64)	*
C	information_schema	tables_extensions	table_schema	varchar(64)	*
C	information_schema	tables_extensions	table_name	varchar(64)	*
C	information_schema	tables_extensions	engine_attribute	json	*
C	information_schema	tables_extensions	secondary_engine_attribute	json	*
C	information_schema	table_constraints	constraint_catalog	varchar(64)	*
C	information_schema	table_constraints	constraint_schema	varchar(64)	*
C	information_schema	table_constraints	constraint_name	varchar(64)	*
C	information_schema	table_constraints	table_schema	varchar(64)	*
C	information_schema	table_constraints	table_name	varchar(64)	*
C	information_schema	table_constraints	constraint_type	varchar(11)	*
C	information_schema	table_constraints	enforced	varchar(3)	*
C	information_schema	table_constraints_extensions	constraint_catalog	varchar(64)	*
C	information_schema	table_constraints_extensions	constraint_schema	varchar(64)	*
C	information_schema	table_constraints_extensions	constraint_name	varchar(64)	*
C	information_schema	table_constraints_extensions	table_name	varchar(64)	*
C	information_schema	table_constraints_extensions	engine_attribute	json	*
C	information_schema	table_constraints_extensions	secondary_engine_attribute	json	*
C	information_schema	table_privileges	grantee	varchar(292)	*
C	information_schema	table_privileges	table_catalog	varchar(512)	*
C	information_schema	table_privileges	table_schema	varchar(64)	*
C	information_schema	table_privileges	table_name	varchar(64)	*
C	information_schema	table_privileges	privilege_type	varchar(64)	*
C	information_schema	table_privileges	is_grantable	varchar(3)	*
C	information_schema	triggers	trigger_catalog	varchar(64)	*
C	information_schema	triggers	trigger_schema	varchar(64)	*
C	information_schema	triggers	trigger_name	varchar(64)	*
C	information_schema	triggers	event_manipulation	enum('INSERT','UPDATE','DELETE')	*
C	information_schema	triggers	event_object_catalog	varchar(64)	*
C	information_schema	triggers	event_object_schema	varchar(64)	*
C	information_schema	triggers	event_object_table	varchar(64)	*
C	information_schema	triggers	action_order	int unsigned	*
C	information_schema	triggers	action_condition	binary(0)	-8.0
C	information_schema	triggers	action_statement	longtext	*
C	information_schema	triggers	action_orientation	varchar(3)	*
C	information_schema	triggers	action_timing	enum('BEFORE','AFTER')	*
C	information_schema	triggers	action_reference_old_table	binary(0)	-8.0
C	information_schema	triggers	action_reference_new_table	binary(0)	-8.0
C	information_schema	triggers	action_reference_old_row	varchar(3)	*
C	information_schema	triggers	action_reference_new_row	varchar(3)	*
C	information_schema	triggers	created	timestamp(2)	*
C	information_schema	triggers	sql_mode	set('REAL_AS_FLOAT','PIPES_AS_CONCAT','ANSI_QUOTES','IGNORE_SPACE','NOT_USED','ONLY_FULL_GROUP_BY','NO_UNSIGNED_SUBTRACTION','NO_DIR_IN_CREATE','NOT_USED_9','NOT_USED_10','NOT_USED_11','NOT_USED_12','NOT_USED_13','NOT_USED_14','NOT_USED_15','NOT_USED_16','NOT_USED_17','NOT_USED_18','ANSI','NO_AUTO_VALUE_ON_ZERO','NO_BACKSLASH_ESCAPES','STRICT_TRANS_TABLES','STRICT_ALL_TABLES','NO_ZERO_IN_DATE','NO_ZERO_DATE','ALLOW_INVALID_DATES','ERROR_FOR_DIVISION_BY_ZERO','TRADITIONAL','NOT_USED_29','HIGH_NOT_PRECEDENCE','NO_ENGINE_SUBSTITUTION','PAD_CHAR_TO_FULL_LENGTH','TIME_TRUNCATE_FRACTIONAL')	*
C	information_schema	triggers	definer	varchar(288)	*
C	information_schema	triggers	character_set_client	varchar(64)	*
C	information_schema	triggers	collation_connection	varchar(64)	*
C	information_schema	triggers	database_collation	varchar(64)	*
C	information_schema	user_attributes	user	char(32)	*
C	information_schema	user_attributes	host	char(255)	*
C	information_schema	user_attributes	attribute	longtext	*
C	information_schema	user_privileges	grantee	varchar(292)	*
C	information_schema	user_privileges	table_catalog	varchar(512)	*
C	information_schema	user_privileges	privilege_type	varchar(64)	*
C	information_schema	user_privileges	is_grantable	varchar(3)	*
C	information_schema	views	table_catalog	varchar(64)	*
C	information_schema	views	table_schema	varchar(64)	*
C	information_schema	views	table_name	varchar(64)	*
C	information_schema	views	view_definition	longtext	*
C	information_schema	views	check_option	enum('NONE','LOCAL','CASCADED')	*
C	information_schema	views	is_updatable	enum('NO','YES')	*
C	information_schema	views	definer	varchar(288)	*
C	information_schema	views	security_type	varchar(7)	*
C	information_schema	views	character_set_client	varchar(64)	*
C	information_schema	views	collation_connection	varchar(64)	*
C	information_schema	view_routine_usage	table_catalog	varchar(64)	*
C	information_schema	view_routine_usage	table_schema	varchar(64)	*
C	information_schema	view_routine_usage	table_name	varchar(64)	*
C	information_schema	view_routine_usage	specific_catalog	varchar(64)	*
C	information_schema	view_routine_usage	specific_schema	varchar(64)	*
C	information_schema	view_routine_usage	specific_name	varchar(64)	*
C	information_schema	view_table_usage	view_catalog	varchar(64)	*
C	information_schema	view_table_usage	view_schema	varchar(64)	*
C	information_schema	view_table_usage	view_name	varchar(64)	*
C	information_schema	view_table_usage	table_catalog	varchar(64)	*
C	information_schema	view_table_usage	table_schema	varchar(64)	*
C	information_schema	view_table_usage	table_name	varchar(64)	*
C	mysql	columns_priv	host	char(255)	*
C	mysql	columns_priv	db	char(64)	*
C	mysql	columns_priv	user	char(32)	*
C	mysql	columns_priv	table_name	char(64)	*
C	mysql	columns_priv	column_name	char(64)	*
C	mysql	columns_priv	timestamp	timestamp	*
C	mysql	columns_priv	column_priv	set('Select','Insert','Update','References')	*
C	mysql	component	component_id	int unsigned	*
C	mysql	component	component_group_id	int unsigned	*
C	mysql	component	component_urn	text	*
C	mysql	db	host	char(255)	*
C	mysql	db	db	char(64)	*
C	mysql	db	user	char(32)	*
C	mysql	db	select_priv	enum('N','Y')	*
C	mysql	db	insert_priv	enum('N','Y')	*
C	mysql	db	update_priv	enum('N','Y')	*
C	mysql	db	delete_priv	enum('N','Y')	*
C	mysql	db	create_priv	enum('N','Y')	*
C	mysql	db	drop_priv	enum('N','Y')	*
C	mysql	db	grant_priv	enum('N','Y')	*
C	mysql	db	references_priv	enum('N','Y')	*
C	mysql	db	index_priv	enum('N','Y')	*
C	mysql	db	alter_priv	enum('N','Y')	*
C	mysql	db	create_tmp_table_priv	enum('N','Y')	*
C	mysql	db	lock_tables_priv	enum('N','Y')	*
C	mysql	db	create_view_priv	enum('N','Y')	*
C	mysql	db	show_view_priv	enum('N','Y')	*
C	mysql	db	create_routine_priv	enum('N','Y')	*
C	mysql	db	alter_routine_priv	enum('N','Y')	*
C	mysql	db	execute_priv	enum('N','Y')	*
C	mysql	db	event_priv	enum('N','Y')	*
C	mysql	db	trigger_priv	enum('N','Y')	*
C	mysql	default_roles	host	char(255)	*
C	mysql	default_roles	user	char(32)	*
C	mysql	default_roles	default_role_host	char(255)	*
C	mysql	default_roles	default_role_user	char(32)	*
C	mysql	engine_cost	engine_name	varchar(64)	*
C	mysql	engine_cost	device_type	int	*
C	mysql	engine_cost	cost_name	varchar(64)	*
C	mysql	engine_cost	cost_value	float	*
C	mysql	engine_cost	last_update	timestamp	*
C	mysql	engine_cost	comment	varchar(1024)	*
C	mysql	engine_cost	default_value	float	*
C	mysql	func	name	char(64)	*
C	mysql	func	ret	tinyint	*
C	mysql	func	dl	char(128)	*
C	mysql	func	type	enum('function','aggregate')	*
C	mysql	general_log	event_time	timestamp(6)	*
C	mysql	general_log	user_host	mediumtext	*
C	mysql	general_log	thread_id	bigint unsigned	*
C	mysql	general_log	server_id	int unsigned	*
C	mysql	general_log	command_type	varchar(64)	*
C	mysql	general_log	argument	mediumblob	*
C	mysql	global_grants	user	char(32)	*
C	mysql	global_grants	host	char(255)	*
C	mysql	global_grants	priv	char(32)	*
C	mysql	global_grants	with_grant_option	enum('N','Y')	*
C	mysql	gtid_executed	source_uuid	char(36)	*
C	mysql	gtid_executed	interval_start	bigint	*
C	mysql	gtid_executed	interval_end	bigint	*
C	mysql	help_category	help_category_id	smallint unsigned	*
C	mysql	help_category	name	char(64)	*
C	mysql	help_category	parent_category_id	smallint unsigned	*
C	mysql	help_category	url	text	*
C	mysql	help_keyword	help_keyword_id	int unsigned	*
C	mysql	help_keyword	name	char(64)	*
C	mysql	help_relation	help_topic_id	int unsigned	*
C	mysql	help_relation	help_keyword_id	int unsigned	*
C	mysql	help_topic	help_topic_id	int unsigned	*
C	mysql	help_topic	name	char(64)	*
C	mysql	help_topic	help_category_id	smallint unsigned	*
C	mysql	help_topic	description	text	*
C	mysql	help_topic	example	text	*
C	mysql	help_topic	url	text	*
C	mysql	innodb_index_stats	database_name	varchar(64)	*
C	mysql	innodb_index_stats	table_name	varchar(199)	*
C	mysql	innodb_index_stats	index_name	varchar(64)	*
C	mysql	innodb_index_stats	last_update	timestamp	*
C	mysql	innodb_index_stats	stat_name	varchar(64)	*
C	mysql	innodb_index_stats	stat_value	bigint unsigned	*
C	mysql	innodb_index_stats	sample_size	bigint unsigned	*
C	mysql	innodb_index_stats	stat_description	varchar(1024)	*
C	mysql	innodb_table_stats	database_name	varchar(64)	*
C	mysql	innodb_table_stats	table_name	varchar(199)	*
C	mysql	innodb_table_stats	last_update	timestamp	*
C	mysql	innodb_table_stats	n_rows	bigint unsigned	*
C	mysql	innodb_table_stats	clustered_index_size	bigint unsigned	*
C	mysql	innodb_table_stats	sum_of_other_index_sizes	bigint unsigned	*
C	mysql	ndb_binlog_index	position	bigint unsigned	*
C	mysql	ndb_binlog_index	file	varchar(255)	*
C	mysql	ndb_binlog_index	epoch	bigint unsigned	*
C	mysql	ndb_binlog_index	inserts	int unsigned	*
C	mysql	ndb_binlog_index	updates	int unsigned	*
C	mysql	ndb_binlog_index	deletes	int unsigned	*
C	mysql	ndb_binlog_index	schemaops	int unsigned	*
C	mysql	ndb_binlog_index	orig_server_id	int unsigned	*
C	mysql	ndb_binlog_index	orig_epoch	bigint unsigned	*
C	mysql	ndb_binlog_index	gci	int unsigned	*
C	mysql	ndb_binlog_index	next_position	bigint unsigned	*
C	mysql	ndb_binlog_index	next_file	varchar(255)	*
C	mysql	password_history	host	char(255)	*
C	mysql	password_history	user	char(32)	*
C	mysql	password_history	password_timestamp	timestamp(6)	*
C	mysql	password_history	password	text	*
C	mysql	plugin	name	varchar(64)	*
C	mysql	plugin	dl	varchar(128)	*
C	mysql	procs_priv	host	char(255)	*
C	mysql	procs_priv	db	char(64)	*
C	mysql	procs_priv	user	char(32)	*
C	mysql	procs_priv	routine_name	char(64)	*
C	mysql	procs_priv	routine_type	enum('FUNCTION','PROCEDURE')	*
C	mysql	procs_priv	grantor	varchar(288)	*
C	mysql	procs_priv	proc_priv	set('Execute','Alter Routine','Grant')	*
C	mysql	procs_priv	timestamp	timestamp	*
C	mysql	proxies_priv	host	char(255)	*
C	mysql	proxies_priv	user	char(32)	*
C	mysql	proxies_priv	proxied_host	char(255)	*
C	mysql	proxies_priv	proxied_user	char(32)	*
C	mysql	proxies_priv	with_grant	tinyint(1)	*
C	mysql	proxies_priv	grantor	varchar(288)	*
C	mysql	proxies_priv	timestamp	timestamp	*
C	mysql	replication_asynchronous_connection_failover	channel_name	char(64)	*
C	mysql	replication_asynchronous_connection_failover	host	char(255)	*
C	mysql	replication_asynchronous_connection_failover	port	int unsigned	*
C	mysql	replication_asynchronous_connection_failover	network_namespace	char(64)	*
C	mysql	replication_asynchronous_connection_failover	weight	tinyint unsigned	*
C	mysql	replication_asynchronous_connection_failover	managed_name	char(64)	*
C	mysql	replication_asynchronous_connection_failover_managed	channel_name	char(64)	*
C	mysql	replication_asynchronous_connection_failover_managed	managed_name	char(64)	*
C	mysql	replication_asynchronous_connection_failover_managed	managed_type	char(64)	*
C	mysql	replication_asynchronous_connection_failover_managed	configuration	json	*
C	mysql	replication_group_configuration_version	name	char(255)	*
C	mysql	replication_group_configuration_version	version	bigint unsigned	*
C	mysql	replication_group_member_actions	name	char(255)	*
C	mysql	replication_group_member_actions	event	char(64)	*
C	mysql	replication_group_member_actions	enabled	tinyint(1)	*
C	mysql	replication_group_member_actions	type	char(64)	*
C	mysql	replication_group_member_actions	priority	tinyint unsigned	*
C	mysql	replication_group_member_actions	error_handling	char(64)	*
C	mysql	role_edges	from_host	char(255)	*
C	mysql	role_edges	from_user	char(32)	*
C	mysql	role_edges	to_host	char(255)	*
C	mysql	role_edges	to_user	char(32)	*
C	mysql	role_edges	with_admin_option	enum('N','Y')	*
C	mysql	server_cost	cost_name	varchar(64)	*
C	mysql	server_cost	cost_value	float	*
C	mysql	server_cost	last_update	timestamp	*
C	mysql	server_cost	comment	varchar(1024)	*
C	mysql	server_cost	default_value	float	*
C	mysql	servers	server_name	char(64)	*
C	mysql	servers	host	char(255)	*
C	mysql	servers	db	char(64)	*
C	mysql	servers	username	char(64)	*
C	mysql	servers	password	char(64)	*
C	mysql	servers	port	int	*
C	mysql	servers	socket	char(64)	*
C	mysql	servers	wrapper	char(64)	*
C	mysql	servers	owner	char(64)	*
C	mysql	slave_master_info	number_of_lines	int unsigned	*
C	mysql	slave_master_info	master_log_name	text	*
C	mysql	slave_master_info	master_log_pos	bigint unsigned	*
C	mysql	slave_master_info	host	varchar(255)	*
C	mysql	slave_master_info	user_name	text	*
C	mysql	slave_master_info	user_password	text	*
C	mysql	slave_master_info	port	int unsigned	*
C	mysql	slave_master_info	connect_retry	int unsigned	*
C	mysql	slave_master_info	enabled_ssl	tinyint(1)	*
C	mysql	slave_master_info	ssl_ca	text	*
C	mysql	slave_master_info	ssl_capath	text	*
C	mysql	slave_master_info	ssl_cert	text	*
C	mysql	slave_master_info	ssl_cipher	text	*
C	mysql	slave_master_info	ssl_key	text	*
C	mysql	slave_master_info	ssl_verify_server_cert	tinyint(1)	*
C	mysql	slave_master_info	heartbeat	float	*
C	mysql	slave_master_info	bind	text	*
C	mysql	slave_master_info	ignored_server_ids	text	*
C	mysql	slave_master_info	uuid	text	*
C	mysql	slave_master_info	retry_count	bigint unsigned	*
C	mysql	slave_master_info	ssl_crl	text	*
C	mysql	slave_master_info	ssl_crlpath	text	*
C	mysql	slave_master_info	enabled_auto_position	tinyint(1)	*
C	mysql	slave_master_info	channel_name	varchar(64)	*
C	mysql	slave_master_info	tls_version	text	*
C	mysql	slave_master_info	public_key_path	text	*
C	mysql	slave_master_info	get_public_key	tinyint(1)	*
C	mysql	slave_master_info	network_namespace	text	*
C	mysql	slave_master_info	master_compression_algorithm	varchar(64)	*
C	mysql	slave_master_info	master_zstd_compression_level	int unsigned	*
C	mysql	slave_master_info	tls_ciphersuites	text	*
C	mysql	slave_master_info	source_connection_auto_failover	tinyint(1)	*
C	mysql	slave_master_info	gtid_only	tinyint(1)	*
C	mysql	slave_relay_log_info	number_of_lines	int unsigned	*
C	mysql	slave_relay_log_info	relay_log_name	text	*
C	mysql	slave_relay_log_info	relay_log_pos	bigint unsigned	*
C	mysql	slave_relay_log_info	master_log_name	text	*
C	mysql	slave_relay_log_info	master_log_pos	bigint unsigned	*
C	mysql	slave_relay_log_info	sql_delay	int	*
C	mysql	slave_relay_log_info	number_of_workers	int unsigned	*
C	mysql	slave_relay_log_info	id	int unsigned	*
C	mysql	slave_relay_log_info	channel_name	varchar(64)	*
C	mysql	slave_relay_log_info	privilege_checks_username	varchar(32)	*
C	mysql	slave_relay_log_info	privilege_checks_hostname	varchar(255)	*
C	mysql	slave_relay_log_info	require_row_format	tinyint(1)	*
C	mysql	slave_relay_log_info	require_table_primary_key_check	enum('STREAM','ON','OFF','GENERATE')	*
C	mysql	slave_relay_log_info	assign_gtids_to_anonymous_transactions_type	enum('OFF','LOCAL','UUID')	*
C	mysql	slave_relay_log_info	assign_gtids_to_anonymous_transactions_value	text	*
C	mysql	slave_worker_info	id	int unsigned	*
C	mysql	slave_worker_info	relay_log_name	text	*
C	mysql	slave_worker_info	relay_log_pos	bigint unsigned	*
C	mysql	slave_worker_info	master_log_name	text	*
C	mysql	slave_worker_info	master_log_pos	bigint unsigned	*
C	mysql	slave_worker_info	checkpoint_relay_log_name	text	*
C	mysql	slave_worker_info	checkpoint_relay_log_pos	bigint unsigned	*
C	mysql	slave_worker_info	checkpoint_master_log_name	text	*
C	mysql	slave_worker_info	checkpoint_master_log_pos	bigint unsigned	*
C	mysql	slave_worker_info	checkpoint_seqno	int unsigned	*
C	mysql	slave_worker_info	checkpoint_group_size	int unsigned	*
C	mysql	slave_worker_info	checkpoint_group_bitmap	blob	*
C	mysql	slave_worker_info	channel_name	varchar(64)	*
C	mysql	slow_log	start_time	timestamp(6)	*
C	mysql	slow_log	user_host	mediumtext	*
C	mysql	slow_log	query_time	time(6)	*
C	mysql	slow_log	lock_time	time(6)	*
C	mysql	slow_log	rows_sent	int	*
C	mysql	slow_log	rows_examined	int	*
C	mysql	slow_log	db	varchar(512)	*
C	mysql	slow_log	last_insert_id	int	*
C	mysql	slow_log	insert_id	int	*
C	mysql	slow_log	server_id	int unsigned	*
C	mysql	slow_log	sql_text	mediumblob	*
C	mysql	slow_log	thread_id	bigint unsigned	*
C	mysql	tables_priv	host	char(255)	*
C	mysql	tables_priv	db	char(64)	*
C	mysql	tables_priv	user	char(32)	*
C	mysql	tables_priv	table_name	char(64)	*
C	mysql	tables_priv	grantor	varchar(288)	*
C	mysql	tables_priv	timestamp	timestamp	*
C	mysql	tables_priv	table_priv	set('Select','Insert','Update','Delete','Create','Drop','Grant','References','Index','Alter','Create View','Show view','Trigger')	*
C	mysql	tables_priv	column_priv	set('Select','Insert','Update','References')	*
C	mysql	time_zone	time_zone_id	int unsigned	*
C	mysql	time_zone	use_leap_seconds	enum('Y','N')	*
C	mysql	time_zone_leap_second	transition_time	bigint	*
C	mysql	time_zone_leap_second	correction	int	*
C	mysql	time_zone_name	name	char(64)	*
C	mysql	time_zone_name	time_zone_id	int unsigned	*
C	mysql	time_zone_transition	time_zone_id	int unsigned	*
C	mysql	time_zone_transition	transition_time	bigint	*
C	mysql	time_zone_transition	transition_type_id	int unsigned	*
C	mysql	time_zone_transition_type	time_zone_id	int unsigned	*
C	mysql	time_zone_transition_type	transition_type_id	int unsigned	*
C	mysql	time_zone_transition_type	offset	int	*
C	mysql	time_zone_transition_type	is_dst	tinyint unsigned	*
C	mysql	time_zone_transition_type	abbreviation	char(8)	*
C	mysql	user	host	char(255)	*
C	mysql	user	user	char(32)	*
C	mysql	user	select_priv	enum('N','Y')	*
C	mysql	user	insert_priv	enum('N','Y')	*
C	mysql	user	update_priv	enum('N','Y')	*
C	mysql	user	delete_priv	enum('N','Y')	*
C	mysql	user	create_priv	enum('N','Y')	*
C	mysql	user	drop_priv	enum('N','Y')	*
C	mysql	user	reload_priv	enum('N','Y')	*
C	mysql	user	shutdown_priv	enum('N','Y')	*
C	mysql	user	process_priv	enum('N','Y')	*
C	mysql	user	file_priv	enum('N','Y')	*
C	mysql	user	grant_priv	enum('N','Y')	*
C	mysql	user	references_priv	enum('N','Y')	*
C	mysql	user	index_priv	enum('N','Y')	*
C	mysql	user	alter_priv	enum('N','Y')	*
C	mysql	user	show_db_priv	enum('N','Y')	*
C	mysql	user	super_priv	enum('N','Y')	*
C	mysql	user	create_tmp_table_priv	enum('N','Y')	*
C	mysql	user	lock_tables_priv	enum('N','Y')	*
C	mysql	user	execute_priv	enum('N','Y')	*
C	mysql	user	repl_slave_priv	enum('N','Y')	*
C	mysql	user	repl_client_priv	enum('N','Y')	*
C	mysql	user	create_view_priv	enum('N','Y')	*
C	mysql	user	show_view_priv	enum('N','Y')	*
C	mysql	user	create_routine_priv	enum('N','Y')	*
C	mysql	user	alter_routine_priv	enum('N','Y')	*
C	mysql	user	create_user_priv	enum('N','Y')	*
C	mysql	user	event_priv	enum('N','Y')	*
C	mysql	user	trigger_priv	enum('N','Y')	*
C	mysql	user	create_tablespace_priv	enum('N','Y')	*
C	mysql	user	ssl_type	enum('','ANY','X509','SPECIFIED')	*
C	mysql	user	ssl_cipher	blob	*
C	mysql	user	x509_issuer	blob	*
C	mysql	user	x509_subject	blob	*
C	mysql	user	max_questions	int unsigned	*
C	mysql	user	max_updates	int unsigned	*
C	mysql	user	max_connections	int unsigned	*
C	mysql	user	max_user_connections	int unsigned	*
C	mysql	user	plugin	char(64)	*
C	mysql	user	authentication_string	text	*
C	mysql	user	password_expired	enum('N','Y')	*
C	mysql	user	password_last_changed	timestamp	*
C	mysql	user	password_lifetime	smallint unsigned	*
C	mysql	user	account_locked	enum('N','Y')	*
C	mysql	user	create_role_priv	enum('N','Y')	*
C	mysql	user	drop_role_priv	enum('N','Y')	*
C	mysql	user	password_reuse_history	smallint unsigned	*
C	mysql	user	password_reuse_time	smallint unsigned	*
C	mysql	user	password_require_current	enum('N','Y')	*
C	mysql	user	user_attributes	json	*
C	performance_schema	accounts	user	char(32)	*
C	performance_schema	accounts	host	char(255)	*
C	performance_schema	accounts	current_connections	bigint	*
C	performance_schema	accounts	total_connections	bigint	*
C	performance_schema	accounts	max_session_controlled_memory	bigint unsigned	*
C	performance_schema	accounts	max_session_total_memory	bigint unsigned	*
C	performance_schema	binary_log_transaction_compression_stats	log_type	enum('BINARY','RELAY')	*
C	performance_schema	binary_log_transaction_compression_stats	compression_type	varchar(64)	*
C	performance_schema	binary_log_transaction_compression_stats	transaction_counter	bigint unsigned	*
C	performance_schema	binary_log_transaction_compression_stats	compressed_bytes_counter	bigint unsigned	*
C	performance_schema	binary_log_transaction_compression_stats	uncompressed_bytes_counter	bigint unsigned	*
C	performance_schema	binary_log_transaction_compression_stats	compression_percentage	smallint	*
C	performance_schema	binary_log_transaction_compression_stats	first_transaction_id	text	*
C	performance_schema	binary_log_transaction_compression_stats	first_transaction_compressed_bytes	bigint unsigned	*
C	performance_schema	binary_log_transaction_compression_stats	first_transaction_uncompressed_bytes	bigint unsigned	*
C	performance_schema	binary_log_transaction_compression_stats	first_transaction_timestamp	timestamp(6)	*
C	performance_schema	binary_log_transaction_compression_stats	last_transaction_id	text	*
C	performance_schema	binary_log_transaction_compression_stats	last_transaction_compressed_bytes	bigint unsigned	*
C	performance_schema	binary_log_transaction_compression_stats	last_transaction_uncompressed_bytes	bigint unsigned	*
C	performance_schema	binary_log_transaction_compression_stats	last_transaction_timestamp	timestamp(6)	*
C	performance_schema	cond_instances	name	varchar(128)	*
C	performance_schema	cond_instances	object_instance_begin	bigint unsigned	*
C	performance_schema	data_lock_waits	engine	varchar(32)	*
C	performance_schema	data_lock_waits	requesting_engine_lock_id	varchar(128)	*
C	performance_schema	data_lock_waits	requesting_engine_transaction_id	bigint unsigned	*
C	performance_schema	data_lock_waits	requesting_thread_id	bigint unsigned	*
C	performance_schema	data_lock_waits	requesting_event_id	bigint unsigned	*
C	performance_schema	data_lock_waits	requesting_object_instance_begin	bigint unsigned	*
C	performance_schema	data_lock_waits	blocking_engine_lock_id	varchar(128)	*
C	performance_schema	data_lock_waits	blocking_engine_transaction_id	bigint unsigned	*
C	performance_schema	data_lock_waits	blocking_thread_id	bigint unsigned	*
C	performance_schema	data_lock_waits	blocking_event_id	bigint unsigned	*
C	performance_schema	data_lock_waits	blocking_object_instance_begin	bigint unsigned	*
C	performance_schema	data_locks	engine	varchar(32)	*
C	performance_schema	data_locks	engine_lock_id	varchar(128)	*
C	performance_schema	data_locks	engine_transaction_id	bigint unsigned	*
C	performance_schema	data_locks	thread_id	bigint unsigned	*
C	performance_schema	data_locks	event_id	bigint unsigned	*
C	performance_schema	data_locks	object_schema	varchar(64)	*
C	performance_schema	data_locks	object_name	varchar(64)	*
C	performance_schema	data_locks	partition_name	varchar(64)	*
C	performance_schema	data_locks	subpartition_name	varchar(64)	*
C	performance_schema	data_locks	index_name	varchar(64)	*
C	performance_schema	data_locks	object_instance_begin	bigint unsigned	*
C	performance_schema	data_locks	lock_type	varchar(32)	*
C	performance_schema	data_locks	lock_mode	varchar(32)	*
C	performance_schema	data_locks	lock_status	varchar(32)	*
C	performance_schema	data_locks	lock_data	varchar(8192)	*
C	performance_schema	error_log	logged	timestamp(6)	*
C	performance_schema	error_log	thread_id	bigint unsigned	*
C	performance_schema	error_log	prio	enum('System','Error','Warning','Note')	*
C	performance_schema	error_log	error_code	varchar(10)	*
C	performance_schema	error_log	subsystem	varchar(7)	*
C	performance_schema	error_log	data	text	*
C	performance_schema	events_errors_summary_by_account_by_error	user	char(32)	*
C	performance_schema	events_errors_summary_by_account_by_error	host	char(255)	*
C	performance_schema	events_errors_summary_by_account_by_error	error_number	int	*
C	performance_schema	events_errors_summary_by_account_by_error	error_name	varchar(64)	*
C	performance_schema	events_errors_summary_by_account_by_error	sql_state	varchar(5)	*
C	performance_schema	events_errors_summary_by_account_by_error	sum_error_raised	bigint unsigned	*
C	performance_schema	events_errors_summary_by_account_by_error	sum_error_handled	bigint unsigned	*
C	performance_schema	events_errors_summary_by_account_by_error	first_seen	timestamp	*
C	performance_schema	events_errors_summary_by_account_by_error	last_seen	timestamp	*
C	performance_schema	events_errors_summary_by_host_by_error	host	char(255)	*
C	performance_schema	events_errors_summary_by_host_by_error	error_number	int	*
C	performance_schema	events_errors_summary_by_host_by_error	error_name	varchar(64)	*
C	performance_schema	events_errors_summary_by_host_by_error	sql_state	varchar(5)	*
C	performance_schema	events_errors_summary_by_host_by_error	sum_error_raised	bigint unsigned	*
C	performance_schema	events_errors_summary_by_host_by_error	sum_error_handled	bigint unsigned	*
C	performance_schema	events_errors_summary_by_host_by_error	first_seen	timestamp	*
C	performance_schema	events_errors_summary_by_host_by_error	last_seen	timestamp	*
C	performance_schema	events_errors_summary_by_thread_by_error	thread_id	bigint unsigned	*
C	performance_schema	events_errors_summary_by_thread_by_error	error_number	int	*
C	performance_schema	events_errors_summary_by_thread_by_error	error_name	varchar(64)	*
C	performance_schema	events_errors_summary_by_thread_by_error	sql_state	varchar(5)	*
C	performance_schema	events_errors_summary_by_thread_by_error	sum_error_raised	bigint unsigned	*
C	performance_schema	events_errors_summary_by_thread_by_error	sum_error_handled	bigint unsigned	*
C	performance_schema	events_errors_summary_by_thread_by_error	first_seen	timestamp	*
C	performance_schema	events_errors_summary_by_thread_by_error	last_seen	timestamp	*
C	performance_schema	events_errors_summary_by_user_by_error	user	char(32)	*
C	performance_schema	events_errors_summary_by_user_by_error	error_number	int	*
C	performance_schema	events_errors_summary_by_user_by_error	error_name	varchar(64)	*
C	performance_schema	events_errors_summary_by_user_by_error	sql_state	varchar(5)	*
C	performance_schema	events_errors_summary_by_user_by_error	sum_error_raised	bigint unsigned	*
C	performance_schema	events_errors_summary_by_user_by_error	sum_error_handled	bigint unsigned	*
C	performance_schema	events_errors_summary_by_user_by_error	first_seen	timestamp	*
C	performance_schema	events_errors_summary_by_user_by_error	last_seen	timestamp	*
C	performance_schema	events_errors_summary_global_by_error	error_number	int	*
C	performance_schema	events_errors_summary_global_by_error	error_name	varchar(64)	*
C	performance_schema	events_errors_summary_global_by_error	sql_state	varchar(5)	*
C	performance_schema	events_errors_summary_global_by_error	sum_error_raised	bigint unsigned	*
C	performance_schema	events_errors_summary_global_by_error	sum_error_handled	bigint unsigned	*
C	performance_schema	events_errors_summary_global_by_error	first_seen	timestamp	*
C	performance_schema	events_errors_summary_global_by_error	last_seen	timestamp	*
C	performance_schema	events_stages_current	thread_id	bigint unsigned	*
C	performance_schema	events_stages_current	event_id	bigint unsigned	*
C	performance_schema	events_stages_current	end_event_id	bigint unsigned	*
C	performance_schema	events_stages_current	event_name	varchar(128)	*
C	performance_schema	events_stages_current	source	varchar(64)	*
C	performance_schema	events_stages_current	timer_start	bigint unsigned	*
C	performance_schema	events_stages_current	timer_end	bigint unsigned	*
C	performance_schema	events_stages_current	timer_wait	bigint unsigned	*
C	performance_schema	events_stages_current	work_completed	bigint unsigned	*
C	performance_schema	events_stages_current	work_estimated	bigint unsigned	*
C	performance_schema	events_stages_current	nesting_event_id	bigint unsigned	*
C	performance_schema	events_stages_current	nesting_event_type	enum('TRANSACTION','STATEMENT','STAGE','WAIT')	*
C	performance_schema	events_stages_history	thread_id	bigint unsigned	*
C	performance_schema	events_stages_history	event_id	bigint unsigned	*
C	performance_schema	events_stages_history	end_event_id	bigint unsigned	*
C	performance_schema	events_stages_history	event_name	varchar(128)	*
C	performance_schema	events_stages_history	source	varchar(64)	*
C	performance_schema	events_stages_history	timer_start	bigint unsigned	*
C	performance_schema	events_stages_history	timer_end	bigint unsigned	*
C	performance_schema	events_stages_history	timer_wait	bigint unsigned	*
C	performance_schema	events_stages_history	work_completed	bigint unsigned	*
C	performance_schema	events_stages_history	work_estimated	bigint unsigned	*
C	performance_schema	events_stages_history	nesting_event_id	bigint unsigned	*
C	performance_schema	events_stages_history	nesting_event_type	enum('TRANSACTION','STATEMENT','STAGE','WAIT')	*
C	performance_schema	events_stages_history_long	thread_id	bigint unsigned	*
C	performance_schema	events_stages_history_long	event_id	bigint unsigned	*
C	performance_schema	events_stages_history_long	end_event_id	bigint unsigned	*
C	performance_schema	events_stages_history_long	event_name	varchar(128)	*
C	performance_schema	events_stages_history_long	source	varchar(64)	*
C	performance_schema	events_stages_history_long	timer_start	bigint unsigned	*
C	performance_schema	events_stages_history_long	timer_end	bigint unsigned	*
C	performance_schema	events_stages_history_long	timer_wait	bigint unsigned	*
C	performance_schema	events_stages_history_long	work_completed	bigint unsigned	*
C	performance_schema	events_stages_history_long	work_estimated	bigint unsigned	*
C	performance_schema	events_stages_history_long	nesting_event_id	bigint unsigned	*
C	performance_schema	events_stages_history_long	nesting_event_type	enum('TRANSACTION','STATEMENT','STAGE','WAIT')	*
C	performance_schema	events_stages_summary_by_account_by_event_name	user	char(32)	*
C	performance_schema	events_stages_summary_by_account_by_event_name	host	char(255)	*
C	performance_schema	events_stages_summary_by_account_by_event_name	event_name	varchar(128)	*
C	performance_schema	events_stages_summary_by_account_by_event_name	count_star	bigint unsigned	*
C	performance_schema	events_stages_summary_by_account_by_event_name	sum_timer_wait	bigint unsigned	*
C	performance_schema	events_stages_summary_by_account_by_event_name	min_timer_wait	bigint unsigned	*
C	performance_schema	events_stages_summary_by_account_by_event_name	avg_timer_wait	bigint unsigned	*
C	performance_schema	events_stages_summary_by_account_by_event_name	max_timer_wait	bigint unsigned	*
C	performance_schema	events_stages_summary_by_host_by_event_name	host	char(255)	*
C	performance_schema	events_stages_summary_by_host_by_event_name	event_name	varchar(128)	*
C	performance_schema	events_stages_summary_by_host_by_event_name	count_star	bigint unsigned	*
C	performance_schema	events_stages_summary_by_host_by_event_name	sum_timer_wait	bigint unsigned	*
C	performance_schema	events_stages_summary_by_host_by_event_name	min_timer_wait	bigint unsigned	*
C	performance_schema	events_stages_summary_by_host_by_event_name	avg_timer_wait	bigint unsigned	*
C	performance_schema	events_stages_summary_by_host_by_event_name	max_timer_wait	bigint unsigned	*
C	performance_schema	events_stages_summary_by_thread_by_event_name	thread_id	bigint unsigned	*
C	performance_schema	events_stages_summary_by_thread_by_event_name	event_name	varchar(128)	*
C	performance_schema	events_stages_summary_by_thread_by_event_name	count_star	bigint unsigned	*
C	performance_schema	events_stages_summary_by_thread_by_event_name	sum_timer_wait	bigint unsigned	*
C	performance_schema	events_stages_summary_by_thread_by_event_name	min_timer_wait	bigint unsigned	*
C	performance_schema	events_stages_summary_by_thread_by_event_name	avg_timer_wait	bigint unsigned	*
C	performance_schema	events_stages_summary_by_thread_by_event_name	max_timer_wait	bigint unsigned	*
C	performance_schema	events_stages_summary_by_user_by_event_name	user	char(32)	*
C	performance_schema	events_stages_summary_by_user_by_event_name	event_name	varchar(128)	*
C	performance_schema	events_stages_summary_by_user_by_event_name	count_star	bigint unsigned	*
C	performance_schema	events_stages_summary_by_user_by_event_name	sum_timer_wait	bigint unsigned	*
C	performance_schema	events_stages_summary_by_user_by_event_name	min_timer_wait	bigint unsigned	*
C	performance_schema	events_stages_summary_by_user_by_event_name	avg_timer_wait	bigint unsigned	*
C	performance_schema	events_stages_summary_by_user_by_event_name	max_timer_wait	bigint unsigned	*
C	performance_schema	events_stages_summary_global_by_event_name	event_name	varchar(128)	*
C	performance_schema	events_stages_summary_global_by_event_name	count_star	bigint unsigned	*
C	performance_schema	events_stages_summary_global_by_event_name	sum_timer_wait	bigint unsigned	*
C	performance_schema	events_stages_summary_global_by_event_name	min_timer_wait	bigint unsigned	*
C	performance_schema	events_stages_summary_global_by_event_name	avg_timer_wait	bigint unsigned	*
C	performance_schema	events_stages_summary_global_by_event_name	max_timer_wait	bigint unsigned	*
C	performance_schema	events_statements_current	thread_id	bigint unsigned	*
C	performance_schema	events_statements_current	event_id	bigint unsigned	*
C	performance_schema	events_statements_current	end_event_id	bigint unsigned	*
C	performance_schema	events_statements_current	event_name	varchar(128)	*
C	performance_schema	events_statements_current	source	varchar(64)	*
C	performance_schema	events_statements_current	timer_start	bigint unsigned	*
C	performance_schema	events_statements_current	timer_end	bigint unsigned	*
C	performance_schema	events_statements_current	timer_wait	bigint unsigned	*
C	performance_schema	events_statements_current	lock_time	bigint unsigned	*
C	performance_schema	events_statements_current	sql_text	longtext	*
C	performance_schema	events_statements_current	digest	varchar(64)	*
C	performance_schema	events_statements_current	digest_text	longtext	*
C	performance_schema	events_statements_current	current_schema	varchar(64)	*
C	performance_schema	events_statements_current	object_type	varchar(64)	*
C	performance_schema	events_statements_current	object_schema	varchar(64)	*
C	performance_schema	events_statements_current	object_name	varchar(64)	*
C	performance_schema	events_statements_current	object_instance_begin	bigint unsigned	*
C	performance_schema	events_statements_current	mysql_errno	int	*
C	performance_schema	events_statements_current	returned_sqlstate	varchar(5)	*
C	performance_schema	events_statements_current	message_text	varchar(128)	*
C	performance_schema	events_statements_current	errors	bigint unsigned	*
C	performance_schema	events_statements_current	warnings	bigint unsigned	*
C	performance_schema	events_statements_current	rows_affected	bigint unsigned	*
C	performance_schema	events_statements_current	rows_sent	bigint unsigned	*
C	performance_schema	events_statements_current	rows_examined	bigint unsigned	*
C	performance_schema	events_statements_current	created_tmp_disk_tables	bigint unsigned	*
C	performance_schema	events_statements_current	created_tmp_tables	bigint unsigned	*
C	performance_schema	events_statements_current	select_full_join	bigint unsigned	*
C	performance_schema	events_statements_current	select_full_range_join	bigint unsigned	*
C	performance_schema	events_statements_current	select_range	bigint unsigned	*
C	performance_schema	events_statements_current	select_range_check	bigint unsigned	*
C	performance_schema	events_statements_current	select_scan	bigint unsigned	*
C	performance_schema	events_statements_current	sort_merge_passes	bigint unsigned	*
C	performance_schema	events_statements_current	sort_range	bigint unsigned	*
C	performance_schema	events_statements_current	sort_rows	bigint unsigned	*
C	performance_schema	events_statements_current	sort_scan	bigint unsigned	*
C	performance_schema	events_statements_current	no_index_used	bigint unsigned	*
C	performance_schema	events_statements_current	no_good_index_used	bigint unsigned	*
C	performance_schema	events_statements_current	nesting_event_id	bigint unsigned	*
C	performance_schema	events_statements_current	nesting_event_type	enum('TRANSACTION','STATEMENT','STAGE','WAIT')	*
C	performance_schema	events_statements_current	nesting_event_level	int	*
C	performance_schema	events_statements_current	statement_id	bigint unsigned	*
C	performance_schema	events_statements_current	cpu_time	bigint unsigned	*
C	performance_schema	events_statements_current	max_controlled_memory	bigint unsigned	*
C	performance_schema	events_statements_current	max_total_memory	bigint unsigned	*
C	performance_schema	events_statements_current	execution_engine	enum('PRIMARY','SECONDARY')	*
C	performance_schema	events_statements_histogram_by_digest	schema_name	varchar(64)	*
C	performance_schema	events_statements_histogram_by_digest	digest	varchar(64)	*
C	performance_schema	events_statements_histogram_by_digest	bucket_number	int unsigned	*
C	performance_schema	events_statements_histogram_by_digest	bucket_timer_low	bigint unsigned	*
C	performance_schema	events_statements_histogram_by_digest	bucket_timer_high	bigint unsigned	*
C	performance_schema	events_statements_histogram_by_digest	count_bucket	bigint unsigned	*
C	performance_schema	events_statements_histogram_by_digest	count_bucket_and_lower	bigint unsigned	*
C	performance_schema	events_statements_histogram_by_digest	bucket_quantile	double(7,6)	*
C	performance_schema	events_statements_histogram_global	bucket_number	int unsigned	*
C	performance_schema	events_statements_histogram_global	bucket_timer_low	bigint unsigned	*
C	performance_schema	events_statements_histogram_global	bucket_timer_high	bigint unsigned	*
C	performance_schema	events_statements_histogram_global	count_bucket	bigint unsigned	*
C	performance_schema	events_statements_histogram_global	count_bucket_and_lower	bigint unsigned	*
C	performance_schema	events_statements_histogram_global	bucket_quantile	double(7,6)	*
C	performance_schema	events_statements_history	thread_id	bigint unsigned	*
C	performance_schema	events_statements_history	event_id	bigint unsigned	*
C	performance_schema	events_statements_history	end_event_id	bigint unsigned	*
C	performance_schema	events_statements_history	event_name	varchar(128)	*
C	performance_schema	events_statements_history	source	varchar(64)	*
C	performance_schema	events_statements_history	timer_start	bigint unsigned	*
C	performance_schema	events_statements_history	timer_end	bigint unsigned	*
C	performance_schema	events_statements_history	timer_wait	bigint unsigned	*
C	performance_schema	events_statements_history	lock_time	bigint unsigned	*
C	performance_schema	events_statements_history	sql_text	longtext	*
C	performance_schema	events_statements_history	digest	varchar(64)	*
C	performance_schema	events_statements_history	digest_text	longtext	*
C	performance_schema	events_statements_history	current_schema	varchar(64)	*
C	performance_schema	events_statements_history	object_type	varchar(64)	*
C	performance_schema	events_statements_history	object_schema	varchar(64)	*
C	performance_schema	events_statements_history	object_name	varchar(64)	*
C	performance_schema	events_statements_history	object_instance_begin	bigint unsigned	*
C	performance_schema	events_statements_history	mysql_errno	int	*
C	performance_schema	events_statements_history	returned_sqlstate	varchar(5)	*
C	performance_schema	events_statements_history	message_text	varchar(128)	*
C	performance_schema	events_statements_history	errors	bigint unsigned	*
C	performance_schema	events_statements_history	warnings	bigint unsigned	*
C	performance_schema	events_statements_history	rows_affected	bigint unsigned	*
C	performance_schema	events_statements_history	rows_sent	bigint unsigned	*
C	performance_schema	events_statements_history	rows_examined	bigint unsigned	*
C	performance_schema	events_statements_history	created_tmp_disk_tables	bigint unsigned	*
C	performance_schema	events_statements_history	created_tmp_tables	bigint unsigned	*
C	performance_schema	events_statements_history	select_full_join	bigint unsigned	*
C	performance_schema	events_statements_history	select_full_range_join	bigint unsigned	*
C	performance_schema	events_statements_history	select_range	bigint unsigned	*
C	performance_schema	events_statements_history	select_range_check	bigint unsigned	*
C	performance_schema	events_statements_history	select_scan	bigint unsigned	*
C	performance_schema	events_statements_history	sort_merge_passes	bigint unsigned	*
C	performance_schema	events_statements_history	sort_range	bigint unsigned	*
C	performance_schema	events_statements_history	sort_rows	bigint unsigned	*
C	performance_schema	events_statements_history	sort_scan	bigint unsigned	*
C	performance_schema	events_statements_history	no_index_used	bigint unsigned	*
C	performance_schema	events_statements_history	no_good_index_used	bigint unsigned	*
C	performance_schema	events_statements_history	nesting_event_id	bigint unsigned	*
C	performance_schema	events_statements_history	nesting_event_type	enum('TRANSACTION','STATEMENT','STAGE','WAIT')	*
C	performance_schema	events_statements_history	nesting_event_level	int	*
C	performance_schema	events_statements_history	statement_id	bigint unsigned	*
C	performance_schema	events_statements_history	cpu_time	bigint unsigned	*
C	performance_schema	events_statements_history	max_controlled_memory	bigint unsigned	*
C	performance_schema	events_statements_history	max_total_memory	bigint unsigned	*
C	performance_schema	events_statements_history	execution_engine	enum('PRIMARY','SECONDARY')	*
C	performance_schema	events_statements_history_long	thread_id	bigint unsigned	*
C	performance_schema	events_statements_history_long	event_id	bigint unsigned	*
C	performance_schema	events_statements_history_long	end_event_id	bigint unsigned	*
C	performance_schema	events_statements_history_long	event_name	varchar(128)	*
C	performance_schema	events_statements_history_long	source	varchar(64)	*
C	performance_schema	events_statements_history_long	timer_start	bigint unsigned	*
C	performance_schema	events_statements_history_long	timer_end	bigint unsigned	*
C	performance_schema	events_statements_history_long	timer_wait	bigint unsigned	*
C	performance_schema	events_statements_history_long	lock_time	bigint unsigned	*
C	performance_schema	events_statements_history_long	sql_text	longtext	*
C	performance_schema	events_statements_history_long	digest	varchar(64)	*
C	performance_schema	events_statements_history_long	digest_text	longtext	*
C	performance_schema	events_statements_history_long	current_schema	varchar(64)	*
C	performance_schema	events_statements_history_long	object_type	varchar(64)	*
C	performance_schema	events_statements_history_long	object_schema	varchar(64)	*
C	performance_schema	events_statements_history_long	object_name	varchar(64)	*
C	performance_schema	events_statements_history_long	object_instance_begin	bigint unsigned	*
C	performance_schema	events_statements_history_long	mysql_errno	int	*
C	performance_schema	events_statements_history_long	returned_sqlstate	varchar(5)	*
C	performance_schema	events_statements_history_long	message_text	varchar(128)	*
C	performance_schema	events_statements_history_long	errors	bigint unsigned	*
C	performance_schema	events_statements_history_long	warnings	bigint unsigned	*
C	performance_schema	events_statements_history_long	rows_affected	bigint unsigned	*
C	performance_schema	events_statements_history_long	rows_sent	bigint unsigned	*
C	performance_schema	events_statements_history_long	rows_examined	bigint unsigned	*
C	performance_schema	events_statements_history_long	created_tmp_disk_tables	bigint unsigned	*
C	performance_schema	events_statements_history_long	created_tmp_tables	bigint unsigned	*
C	performance_schema	events_statements_history_long	select_full_join	bigint unsigned	*
C	performance_schema	events_statements_history_long	select_full_range_join	bigint unsigned	*
C	performance_schema	events_statements_history_long	select_range	bigint unsigned	*
C	performance_schema	events_statements_history_long	select_range_check	bigint unsigned	*
C	performance_schema	events_statements_history_long	select_scan	bigint unsigned	*
C	performance_schema	events_statements_history_long	sort_merge_passes	bigint unsigned	*
C	performance_schema	events_statements_history_long	sort_range	bigint unsigned	*
C	performance_schema	events_statements_history_long	sort_rows	bigint unsigned	*
C	performance_schema	events_statements_history_long	sort_scan	bigint unsigned	*
C	performance_schema	events_statements_history_long	no_index_used	bigint unsigned	*
C	performance_schema	events_statements_history_long	no_good_index_used	bigint unsigned	*
C	performance_schema	events_statements_history_long	nesting_event_id	bigint unsigned	*
C	performance_schema	events_statements_history_long	nesting_event_type	enum('TRANSACTION','STATEMENT','STAGE','WAIT')	*
C	performance_schema	events_statements_history_long	nesting_event_level	int	*
C	performance_schema	events_statements_history_long	statement_id	bigint unsigned	*
C	performance_schema	events_statements_history_long	cpu_time	bigint unsigned	*
C	performance_schema	events_statements_history_long	max_controlled_memory	bigint unsigned	*
C	performance_schema	events_statements_history_long	max_total_memory	bigint unsigned	*
C	performance_schema	events_statements_history_long	execution_engine	enum('PRIMARY','SECONDARY')	*
C	performance_schema	events_statements_summary_by_account_by_event_name	user	char(32)	*
C	performance_schema	events_statements_summary_by_account_by_event_name	host	char(255)	*
C	performance_schema	events_statements_summary_by_account_by_event_name	event_name	varchar(128)	*
C	performance_schema	events_statements_summary_by_account_by_event_name	count_star	bigint unsigned	*
C	performance_schema	events_statements_summary_by_account_by_event_name	sum_timer_wait	bigint unsigned	*
C	performance_schema	events_statements_summary_by_account_by_event_name	min_timer_wait	bigint unsigned	*
C	performance_schema	events_statements_summary_by_account_by_event_name	avg_timer_wait	bigint unsigned	*
C	performance_schema	events_statements_summary_by_account_by_event_name	max_timer_wait	bigint unsigned	*
C	performance_schema	events_statements_summary_by_account_by_event_name	sum_lock_time	bigint unsigned	*
C	performance_schema	events_statements_summary_by_account_by_event_name	sum_errors	bigint unsigned	*
C	performance_schema	events_statements_summary_by_account_by_event_name	sum_warnings	bigint unsigned	*
C	performance_schema	events_statements_summary_by_account_by_event_name	sum_rows_affected	bigint unsigned	*
C	performance_schema	events_statements_summary_by_account_by_event_name	sum_rows_sent	bigint unsigned	*
C	performance_schema	events_statements_summary_by_account_by_event_name	sum_rows_examined	bigint unsigned	*
C	performance_schema	events_statements_summary_by_account_by_event_name	sum_created_tmp_disk_tables	bigint unsigned	*
C	performance_schema	events_statements_summary_by_account_by_event_name	sum_created_tmp_tables	bigint unsigned	*
C	performance_schema	events_statements_summary_by_account_by_event_name	sum_select_full_join	bigint unsigned	*
C	performance_schema	events_statements_summary_by_account_by_event_name	sum_select_full_range_join	bigint unsigned	*
C	performance_schema	events_statements_summary_by_account_by_event_name	sum_select_range	bigint unsigned	*
C	performance_schema	events_statements_summary_by_account_by_event_name	sum_select_range_check	bigint unsigned	*
C	performance_schema	events_statements_summary_by_account_by_event_name	sum_select_scan	bigint unsigned	*
C	performance_schema	events_statements_summary_by_account_by_event_name	sum_sort_merge_passes	bigint unsigned	*
C	performance_schema	events_statements_summary_by_account_by_event_name	sum_sort_range	bigint unsigned	*
C	performance_schema	events_statements_summary_by_account_by_event_name	sum_sort_rows	bigint unsigned	*
C	performance_schema	events_statements_summary_by_account_by_event_name	sum_sort_scan	bigint unsigned	*
C	performance_schema	events_statements_summary_by_account_by_event_name	sum_no_index_used	bigint unsigned	*
C	performance_schema	events_statements_summary_by_account_by_event_name	sum_no_good_index_used	bigint unsigned	*
C	performance_schema	events_statements_summary_by_account_by_event_name	sum_cpu_time	bigint unsigned	*
C	performance_schema	events_statements_summary_by_account_by_event_name	max_controlled_memory	bigint unsigned	*
C	performance_schema	events_statements_summary_by_account_by_event_name	max_total_memory	bigint unsigned	*
C	performance_schema	events_statements_summary_by_account_by_event_name	count_secondary	bigint unsigned	*
C	performance_schema	events_statements_summary_by_digest	schema_name	varchar(64)	*
C	performance_schema	events_statements_summary_by_digest	digest	varchar(64)	*
C	performance_schema	events_statements_summary_by_digest	digest_text	longtext	*
C	performance_schema	events_statements_summary_by_digest	count_star	bigint unsigned	*
C	performance_schema	events_statements_summary_by_digest	sum_timer_wait	bigint unsigned	*
C	performance_schema	events_statements_summary_by_digest	min_timer_wait	bigint unsigned	*
C	performance_schema	events_statements_summary_by_digest	avg_timer_wait	bigint unsigned	*
C	performance_schema	events_statements_summary_by_digest	max_timer_wait	bigint unsigned	*
C	performance_schema	events_statements_summary_by_digest	sum_lock_time	bigint unsigned	*
C	performance_schema	events_statements_summary_by_digest	sum_errors	bigint unsigned	*
C	performance_schema	events_statements_summary_by_digest	sum_warnings	bigint unsigned	*
C	performance_schema	events_statements_summary_by_digest	sum_rows_affected	bigint unsigned	*
C	performance_schema	events_statements_summary_by_digest	sum_rows_sent	bigint unsigned	*
C	performance_schema	events_statements_summary_by_digest	sum_rows_examined	bigint unsigned	*
C	performance_schema	events_statements_summary_by_digest	sum_created_tmp_disk_tables	bigint unsigned	*
C	performance_schema	events_statements_summary_by_digest	sum_created_tmp_tables	bigint unsigned	*
C	performance_schema	events_statements_summary_by_digest	sum_select_full_join	bigint unsigned	*
C	performance_schema	events_statements_summary_by_digest	sum_select_full_range_join	bigint unsigned	*
C	performance_schema	events_statements_summary_by_digest	sum_select_range	bigint unsigned	*
C	performance_schema	events_statements_summary_by_digest	sum_select_range_check	bigint unsigned	*
C	performance_schema	events_statements_summary_by_digest	sum_select_scan	bigint unsigned	*
C	performance_schema	events_statements_summary_by_digest	sum_sort_merge_passes	bigint unsigned	*
C	performance_schema	events_statements_summary_by_digest	sum_sort_range	bigint unsigned	*
C	performance_schema	events_statements_summary_by_digest	sum_sort_rows	bigint unsigned	*
C	performance_schema	events_statements_summary_by_digest	sum_sort_scan	bigint unsigned	*
C	performance_schema	events_statements_summary_by_digest	sum_no_index_used	bigint unsigned	*
C	performance_schema	events_statements_summary_by_digest	sum_no_good_index_used	bigint unsigned	*
C	performance_schema	events_statements_summary_by_digest	sum_cpu_time	bigint unsigned	*
C	performance_schema	events_statements_summary_by_digest	max_controlled_memory	bigint unsigned	*
C	performance_schema	events_statements_summary_by_digest	max_total_memory	bigint unsigned	*
C	performance_schema	events_statements_summary_by_digest	count_secondary	bigint unsigned	*
C	performance_schema	events_statements_summary_by_digest	first_seen	timestamp(6)	*
C	performance_schema	events_statements_summary_by_digest	last_seen	timestamp(6)	*
C	performance_schema	events_statements_summary_by_digest	quantile_95	bigint unsigned	*
C	performance_schema	events_statements_summary_by_digest	quantile_99	bigint unsigned	*
C	performance_schema	events_statements_summary_by_digest	quantile_999	bigint unsigned	*
C	performance_schema	events_statements_summary_by_digest	query_sample_text	longtext	*
C	performance_schema	events_statements_summary_by_digest	query_sample_seen	timestamp(6)	*
C	performance_schema	events_statements_summary_by_digest	query_sample_timer_wait	bigint unsigned	*
C	performance_schema	events_statements_summary_by_host_by_event_name	host	char(255)	*
C	performance_schema	events_statements_summary_by_host_by_event_name	event_name	varchar(128)	*
C	performance_schema	events_statements_summary_by_host_by_event_name	count_star	bigint unsigned	*
C	performance_schema	events_statements_summary_by_host_by_event_name	sum_timer_wait	bigint unsigned	*
C	performance_schema	events_statements_summary_by_host_by_event_name	min_timer_wait	bigint unsigned	*
C	performance_schema	events_statements_summary_by_host_by_event_name	avg_timer_wait	bigint unsigned	*
C	performance_schema	events_statements_summary_by_host_by_event_name	max_timer_wait	bigint unsigned	*
C	performance_schema	events_statements_summary_by_host_by_event_name	sum_lock_time	bigint unsigned	*
C	performance_schema	events_statements_summary_by_host_by_event_name	sum_errors	bigint unsigned	*
C	performance_schema	events_statements_summary_by_host_by_event_name	sum_warnings	bigint unsigned	*
C	performance_schema	events_statements_summary_by_host_by_event_name	sum_rows_affected	bigint unsigned	*
C	performance_schema	events_statements_summary_by_host_by_event_name	sum_rows_sent	bigint unsigned	*
C	performance_schema	events_statements_summary_by_host_by_event_name	sum_rows_examined	bigint unsigned	*
C	performance_schema	events_statements_summary_by_host_by_event_name	sum_created_tmp_disk_tables	bigint unsigned	*
C	performance_schema	events_statements_summary_by_host_by_event_name	sum_created_tmp_tables	bigint unsigned	*
C	performance_schema	events_statements_summary_by_host_by_event_name	sum_select_full_join	bigint unsigned	*
C	performance_schema	events_statements_summary_by_host_by_event_name	sum_select_full_range_join	bigint unsigned	*
C	performance_schema	events_statements_summary_by_host_by_event_name	sum_select_range	bigint unsigned	*
C	performance_schema	events_statements_summary_by_host_by_event_name	sum_select_range_check	bigint unsigned	*
C	performance_schema	events_statements_summary_by_host_by_event_name	sum_select_scan	bigint unsigned	*
C	performance_schema	events_statements_summary_by_host_by_event_name	sum_sort_merge_passes	bigint unsigned	*
C	performance_schema	events_statements_summary_by_host_by_event_name	sum_sort_range	bigint unsigned	*
C	performance_schema	events_statements_summary_by_host_by_event_name	sum_sort_rows	bigint unsigned	*
C	performance_schema	events_statements_summary_by_host_by_event_name	sum_sort_scan	bigint unsigned	*
C	performance_schema	events_statements_summary_by_host_by_event_name	sum_no_index_used	bigint unsigned	*
C	performance_schema	events_statements_summary_by_host_by_event_name	sum_no_good_index_used	bigint unsigned	*
C	performance_schema	events_statements_summary_by_host_by_event_name	sum_cpu_time	bigint unsigned	*
C	performance_schema	events_statements_summary_by_host_by_event_name	max_controlled_memory	bigint unsigned	*
C	performance_schema	events_statements_summary_by_host_by_event_name	max_total_memory	bigint unsigned	*
C	performance_schema	events_statements_summary_by_host_by_event_name	count_secondary	bigint unsigned	*
C	performance_schema	events_statements_summary_by_program	object_type	enum('EVENT','FUNCTION','PROCEDURE','TABLE','TRIGGER')	*
C	performance_schema	events_statements_summary_by_program	object_schema	varchar(64)	*
C	performance_schema	events_statements_summary_by_program	object_name	varchar(64)	*
C	performance_schema	events_statements_summary_by_program	count_star	bigint unsigned	*
C	performance_schema	events_statements_summary_by_program	sum_timer_wait	bigint unsigned	*
C	performance_schema	events_statements_summary_by_program	min_timer_wait	bigint unsigned	*
C	performance_schema	events_statements_summary_by_program	avg_timer_wait	bigint unsigned	*
C	performance_schema	events_statements_summary_by_program	max_timer_wait	bigint unsigned	*
C	performance_schema	events_statements_summary_by_program	count_statements	bigint unsigned	*
C	performance_schema	events_statements_summary_by_program	sum_statements_wait	bigint unsigned	*
C	performance_schema	events_statements_summary_by_program	min_statements_wait	bigint unsigned	*
C	performance_schema	events_statements_summary_by_program	avg_statements_wait	bigint unsigned	*
C	performance_schema	events_statements_summary_by_program	max_statements_wait	bigint unsigned	*
C	performance_schema	events_statements_summary_by_program	sum_lock_time	bigint unsigned	*
C	performance_schema	events_statements_summary_by_program	sum_errors	bigint unsigned	*
C	performance_schema	events_statements_summary_by_program	sum_warnings	bigint unsigned	*
C	performance_schema	events_statements_summary_by_program	sum_rows_affected	bigint unsigned	*
C	performance_schema	events_statements_summary_by_program	sum_rows_sent	bigint unsigned	*
C	performance_schema	events_statements_summary_by_program	sum_rows_examined	bigint unsigned	*
C	performance_schema	events_statements_summary_by_program	sum_created_tmp_disk_tables	bigint unsigned	*
C	performance_schema	events_statements_summary_by_program	sum_created_tmp_tables	bigint unsigned	*
C	performance_schema	events_statements_summary_by_program	sum_select_full_join	bigint unsigned	*
C	performance_schema	events_statements_summary_by_program	sum_select_full_range_join	bigint unsigned	*
C	performance_schema	events_statements_summary_by_program	sum_select_range	bigint unsigned	*
C	performance_schema	events_statements_summary_by_program	sum_select_range_check	bigint unsigned	*
C	performance_schema	events_statements_summary_by_program	sum_select_scan	bigint unsigned	*
C	performance_schema	events_statements_summary_by_program	sum_sort_merge_passes	bigint unsigned	*
C	performance_schema	events_statements_summary_by_program	sum_sort_range	bigint unsigned	*
C	performance_schema	events_statements_summary_by_program	sum_sort_rows	bigint unsigned	*
C	performance_schema	events_statements_summary_by_program	sum_sort_scan	bigint unsigned	*
C	performance_schema	events_statements_summary_by_program	sum_no_index_used	bigint unsigned	*
C	performance_schema	events_statements_summary_by_program	sum_no_good_index_used	bigint unsigned	*
C	performance_schema	events_statements_summary_by_program	sum_cpu_time	bigint unsigned	*
C	performance_schema	events_statements_summary_by_program	max_controlled_memory	bigint unsigned	*
C	performance_schema	events_statements_summary_by_program	max_total_memory	bigint unsigned	*
C	performance_schema	events_statements_summary_by_program	count_secondary	bigint unsigned	*
C	performance_schema	events_statements_summary_by_thread_by_event_name	thread_id	bigint unsigned	*
C	performance_schema	events_statements_summary_by_thread_by_event_name	event_name	varchar(128)	*
C	performance_schema	events_statements_summary_by_thread_by_event_name	count_star	bigint unsigned	*
C	performance_schema	events_statements_summary_by_thread_by_event_name	sum_timer_wait	bigint unsigned	*
C	performance_schema	events_statements_summary_by_thread_by_event_name	min_timer_wait	bigint unsigned	*
C	performance_schema	events_statements_summary_by_thread_by_event_name	avg_timer_wait	bigint unsigned	*
C	performance_schema	events_statements_summary_by_thread_by_event_name	max_timer_wait	bigint unsigned	*
C	performance_schema	events_statements_summary_by_thread_by_event_name	sum_lock_time	bigint unsigned	*
C	performance_schema	events_statements_summary_by_thread_by_event_name	sum_errors	bigint unsigned	*
C	performance_schema	events_statements_summary_by_thread_by_event_name	sum_warnings	bigint unsigned	*
C	performance_schema	events_statements_summary_by_thread_by_event_name	sum_rows_affected	bigint unsigned	*
C	performance_schema	events_statements_summary_by_thread_by_event_name	sum_rows_sent	bigint unsigned	*
C	performance_schema	events_statements_summary_by_thread_by_event_name	sum_rows_examined	bigint unsigned	*
C	performance_schema	events_statements_summary_by_thread_by_event_name	sum_created_tmp_disk_tables	bigint unsigned	*
C	performance_schema	events_statements_summary_by_thread_by_event_name	sum_created_tmp_tables	bigint unsigned	*
C	performance_schema	events_statements_summary_by_thread_by_event_name	sum_select_full_join	bigint unsigned	*
C	performance_schema	events_statements_summary_by_thread_by_event_name	sum_select_full_range_join	bigint unsigned	*
C	performance_schema	events_statements_summary_by_thread_by_event_name	sum_select_range	bigint unsigned	*
C	performance_schema	events_statements_summary_by_thread_by_event_name	sum_select_range_check	bigint unsigned	*
C	performance_schema	events_statements_summary_by_thread_by_event_name	sum_select_scan	bigint unsigned	*
C	performance_schema	events_statements_summary_by_thread_by_event_name	sum_sort_merge_passes	bigint unsigned	*
C	performance_schema	events_statements_summary_by_thread_by_event_name	sum_sort_range	bigint unsigned	*
C	performance_schema	events_statements_summary_by_thread_by_event_name	sum_sort_rows	bigint unsigned	*
C	performance_schema	events_statements_summary_by_thread_by_event_name	sum_sort_scan	bigint unsigned	*
C	performance_schema	events_statements_summary_by_thread_by_event_name	sum_no_index_used	bigint unsigned	*
C	performance_schema	events_statements_summary_by_thread_by_event_name	sum_no_good_index_used	bigint unsigned	*
C	performance_schema	events_statements_summary_by_thread_by_event_name	sum_cpu_time	bigint unsigned	*
C	performance_schema	events_statements_summary_by_thread_by_event_name	max_controlled_memory	bigint unsigned	*
C	performance_schema	events_statements_summary_by_thread_by_event_name	max_total_memory	bigint unsigned	*
C	performance_schema	events_statements_summary_by_thread_by_event_name	count_secondary	bigint unsigned	*
C	performance_schema	events_statements_summary_by_user_by_event_name	user	char(32)	*
C	performance_schema	events_statements_summary_by_user_by_event_name	event_name	varchar(128)	*
C	performance_schema	events_statements_summary_by_user_by_event_name	count_star	bigint unsigned	*
C	performance_schema	events_statements_summary_by_user_by_event_name	sum_timer_wait	bigint unsigned	*
C	performance_schema	events_statements_summary_by_user_by_event_name	min_timer_wait	bigint unsigned	*
C	performance_schema	events_statements_summary_by_user_by_event_name	avg_timer_wait	bigint unsigned	*
C	performance_schema	events_statements_summary_by_user_by_event_name	max_timer_wait	bigint unsigned	*
C	performance_schema	events_statements_summary_by_user_by_event_name	sum_lock_time	bigint unsigned	*
C	performance_schema	events_statements_summary_by_user_by_event_name	sum_errors	bigint unsigned	*
C	performance_schema	events_statements_summary_by_user_by_event_name	sum_warnings	bigint unsigned	*
C	performance_schema	events_statements_summary_by_user_by_event_name	sum_rows_affected	bigint unsigned	*
C	performance_schema	events_statements_summary_by_user_by_event_name	sum_rows_sent	bigint unsigned	*
C	performance_schema	events_statements_summary_by_user_by_event_name	sum_rows_examined	bigint unsigned	*
C	performance_schema	events_statements_summary_by_user_by_event_name	sum_created_tmp_disk_tables	bigint unsigned	*
C	performance_schema	events_statements_summary_by_user_by_event_name	sum_created_tmp_tables	bigint unsigned	*
C	performance_schema	events_statements_summary_by_user_by_event_name	sum_select_full_join	bigint unsigned	*
C	performance_schema	events_statements_summary_by_user_by_event_name	sum_select_full_range_join	bigint unsigned	*
C	performance_schema	events_statements_summary_by_user_by_event_name	sum_select_range	bigint unsigned	*
C	performance_schema	events_statements_summary_by_user_by_event_name	sum_select_range_check	bigint unsigned	*
C	performance_schema	events_statements_summary_by_user_by_event_name	sum_select_scan	bigint unsigned	*
C	performance_schema	events_statements_summary_by_user_by_event_name	sum_sort_merge_passes	bigint unsigned	*
C	performance_schema	events_statements_summary_by_user_by_event_name	sum_sort_range	bigint unsigned	*
C	performance_schema	events_statements_summary_by_user_by_event_name	sum_sort_rows	bigint unsigned	*
C	performance_schema	events_statements_summary_by_user_by_event_name	sum_sort_scan	bigint unsigned	*
C	performance_schema	events_statements_summary_by_user_by_event_name	sum_no_index_used	bigint unsigned	*
C	performance_schema	events_statements_summary_by_user_by_event_name	sum_no_good_index_used	bigint unsigned	*
C	performance_schema	events_statements_summary_by_user_by_event_name	sum_cpu_time	bigint unsigned	*
C	performance_schema	events_statements_summary_by_user_by_event_name	max_controlled_memory	bigint unsigned	*
C	performance_schema	events_statements_summary_by_user_by_event_name	max_total_memory	bigint unsigned	*
C	performance_schema	events_statements_summary_by_user_by_event_name	count_secondary	bigint unsigned	*
C	performance_schema	events_statements_summary_global_by_event_name	event_name	varchar(128)	*
C	performance_schema	events_statements_summary_global_by_event_name	count_star	bigint unsigned	*
C	performance_schema	events_statements_summary_global_by_event_name	sum_timer_wait	bigint unsigned	*
C	performance_schema	events_statements_summary_global_by_event_name	min_timer_wait	bigint unsigned	*
C	performance_schema	events_statements_summary_global_by_event_name	avg_timer_wait	bigint unsigned	*
C	performance_schema	events_statements_summary_global_by_event_name	max_timer_wait	bigint unsigned	*
C	performance_schema	events_statements_summary_global_by_event_name	sum_lock_time	bigint unsigned	*
C	performance_schema	events_statements_summary_global_by_event_name	sum_errors	bigint unsigned	*
C	performance_schema	events_statements_summary_global_by_event_name	sum_warnings	bigint unsigned	*
C	performance_schema	events_statements_summary_global_by_event_name	sum_rows_affected	bigint unsigned	*
C	performance_schema	events_statements_summary_global_by_event_name	sum_rows_sent	bigint unsigned	*
C	performance_schema	events_statements_summary_global_by_event_name	sum_rows_examined	bigint unsigned	*
C	performance_schema	events_statements_summary_global_by_event_name	sum_created_tmp_disk_tables	bigint unsigned	*
C	performance_schema	events_statements_summary_global_by_event_name	sum_created_tmp_tables	bigint unsigned	*
C	performance_schema	events_statements_summary_global_by_event_name	sum_select_full_join	bigint unsigned	*
C	performance_schema	events_statements_summary_global_by_event_name	sum_select_full_range_join	bigint unsigned	*
C	performance_schema	events_statements_summary_global_by_event_name	sum_select_range	bigint unsigned	*
C	performance_schema	events_statements_summary_global_by_event_name	sum_select_range_check	bigint unsigned	*
C	performance_schema	events_statements_summary_global_by_event_name	sum_select_scan	bigint unsigned	*
C	performance_schema	events_statements_summary_global_by_event_name	sum_sort_merge_passes	bigint unsigned	*
C	performance_schema	events_statements_summary_global_by_event_name	sum_sort_range	bigint unsigned	*
C	performance_schema	events_statements_summary_global_by_event_name	sum_sort_rows	bigint unsigned	*
C	performance_schema	events_statements_summary_global_by_event_name	sum_sort_scan	bigint unsigned	*
C	performance_schema	events_statements_summary_global_by_event_name	sum_no_index_used	bigint unsigned	*
C	performance_schema	events_statements_summary_global_by_event_name	sum_no_good_index_used	bigint unsigned	*
C	performance_schema	events_statements_summary_global_by_event_name	sum_cpu_time	bigint unsigned	*
C	performance_schema	events_statements_summary_global_by_event_name	max_controlled_memory	bigint unsigned	*
C	performance_schema	events_statements_summary_global_by_event_name	max_total_memory	bigint unsigned	*
C	performance_schema	events_statements_summary_global_by_event_name	count_secondary	bigint unsigned	*
C	performance_schema	events_transactions_current	thread_id	bigint unsigned	*
C	performance_schema	events_transactions_current	event_id	bigint unsigned	*
C	performance_schema	events_transactions_current	end_event_id	bigint unsigned	*
C	performance_schema	events_transactions_current	event_name	varchar(128)	*
C	performance_schema	events_transactions_current	state	enum('ACTIVE','COMMITTED','ROLLED BACK')	*
C	performance_schema	events_transactions_current	trx_id	bigint unsigned	*
C	performance_schema	events_transactions_current	gtid	varchar(64)	-8.0
C	performance_schema	events_transactions_current	xid_format_id	int	*
C	performance_schema	events_transactions_current	xid_gtrid	varchar(130)	*
C	performance_schema	events_transactions_current	xid_bqual	varchar(130)	*
C	performance_schema	events_transactions_current	xa_state	varchar(64)	*
C	performance_schema	events_transactions_current	source	varchar(64)	*
C	performance_schema	events_transactions_current	timer_start	bigint unsigned	*
C	performance_schema	events_transactions_current	timer_end	bigint unsigned	*
C	performance_schema	events_transactions_current	timer_wait	bigint unsigned	*
C	performance_schema	events_transactions_current	access_mode	enum('READ ONLY','READ WRITE')	*
C	performance_schema	events_transactions_current	isolation_level	varchar(64)	*
C	performance_schema	events_transactions_current	autocommit	enum('YES','NO')	*
C	performance_schema	events_transactions_current	number_of_savepoints	bigint unsigned	*
C	performance_schema	events_transactions_current	number_of_rollback_to_savepoint	bigint unsigned	*
C	performance_schema	events_transactions_current	number_of_release_savepoint	bigint unsigned	*
C	performance_schema	events_transactions_current	object_instance_begin	bigint unsigned	*
C	performance_schema	events_transactions_current	nesting_event_id	bigint unsigned	*
C	performance_schema	events_transactions_current	nesting_event_type	enum('TRANSACTION','STATEMENT','STAGE','WAIT')	*
C	performance_schema	events_transactions_history	thread_id	bigint unsigned	*
C	performance_schema	events_transactions_history	event_id	bigint unsigned	*
C	performance_schema	events_transactions_history	end_event_id	bigint unsigned	*
C	performance_schema	events_transactions_history	event_name	varchar(128)	*
C	performance_schema	events_transactions_history	state	enum('ACTIVE','COMMITTED','ROLLED BACK')	*
C	performance_schema	events_transactions_history	trx_id	bigint unsigned	*
C	performance_schema	events_transactions_history	gtid	varchar(64)	-8.0
C	performance_schema	events_transactions_history	xid_format_id	int	*
C	performance_schema	events_transactions_history	xid_gtrid	varchar(130)	*
C	performance_schema	events_transactions_history	xid_bqual	varchar(130)	*
C	performance_schema	events_transactions_history	xa_state	varchar(64)	*
C	performance_schema	events_transactions_history	source	varchar(64)	*
C	performance_schema	events_transactions_history	timer_start	bigint unsigned	*
C	performance_schema	events_transactions_history	timer_end	bigint unsigned	*
C	performance_schema	events_transactions_history	timer_wait	bigint unsigned	*
C	performance_schema	events_transactions_history	access_mode	enum('READ ONLY','READ WRITE')	*
C	performance_schema	events_transactions_history	isolation_level	varchar(64)	*
C	performance_schema	events_transactions_history	autocommit	enum('YES','NO')	*
C	performance_schema	events_transactions_history	number_of_savepoints	bigint unsigned	*
C	performance_schema	events_transactions_history	number_of_rollback_to_savepoint	bigint unsigned	*
C	performance_schema	events_transactions_history	number_of_release_savepoint	bigint unsigned	*
C	performance_schema	events_transactions_history	object_instance_begin	bigint unsigned	*
C	performance_schema	events_transactions_history	nesting_event_id	bigint unsigned	*
C	performance_schema	events_transactions_history	nesting_event_type	enum('TRANSACTION','STATEMENT','STAGE','WAIT')	*
C	performance_schema	events_transactions_history_long	thread_id	bigint unsigned	*
C	performance_schema	events_transactions_history_long	event_id	bigint unsigned	*
C	performance_schema	events_transactions_history_long	end_event_id	bigint unsigned	*
C	performance_schema	events_transactions_history_long	event_name	varchar(128)	*
C	performance_schema	events_transactions_history_long	state	enum('ACTIVE','COMMITTED','ROLLED BACK')	*
C	performance_schema	events_transactions_history_long	trx_id	bigint unsigned	*
C	performance_schema	events_transactions_history_long	gtid	varchar(64)	-8.0
C	performance_schema	events_transactions_history_long	xid_format_id	int	*
C	performance_schema	events_transactions_history_long	xid_gtrid	varchar(130)	*
C	performance_schema	events_transactions_history_long	xid_bqual	varchar(130)	*
C	performance_schema	events_transactions_history_long	xa_state	varchar(64)	*
C	performance_schema	events_transactions_history_long	source	varchar(64)	*
C	performance_schema	events_transactions_history_long	timer_start	bigint unsigned	*
C	performance_schema	events_transactions_history_long	timer_end	bigint unsigned	*
C	performance_schema	events_transactions_history_long	timer_wait	bigint unsigned	*
C	performance_schema	events_transactions_history_long	access_mode	enum('READ ONLY','READ WRITE')	*
C	performance_schema	events_transactions_history_long	isolation_level	varchar(64)	*
C	performance_schema	events_transactions_history_long	autocommit	enum('YES','NO')	*
C	performance_schema	events_transactions_history_long	number_of_savepoints	bigint unsigned	*
C	performance_schema	events_transactions_history_long	number_of_rollback_to_savepoint	bigint unsigned	*
C	performance_schema	events_transactions_history_long	number_of_release_savepoint	bigint unsigned	*
C	performance_schema	events_transactions_history_long	object_instance_begin	bigint unsigned	*
C	performance_schema	events_transactions_history_long	nesting_event_id	bigint unsigned	*
C	performance_schema	events_transactions_history_long	nesting_event_type	enum('TRANSACTION','STATEMENT','STAGE','WAIT')	*
C	performance_schema	events_transactions_summary_by_account_by_event_name	user	char(32)	*
C	performance_schema	events_transactions_summary_by_account_by_event_name	host	char(255)	*
C	performance_schema	events_transactions_summary_by_account_by_event_name	event_name	varchar(128)	*
C	performance_schema	events_transactions_summary_by_account_by_event_name	count_star	bigint unsigned	*
C	performance_schema	events_transactions_summary_by_account_by_event_name	sum_timer_wait	bigint unsigned	*
C	performance_schema	events_transactions_summary_by_account_by_event_name	min_timer_wait	bigint unsigned	*
C	performance_schema	events_transactions_summary_by_account_by_event_name	avg_timer_wait	bigint unsigned	*
C	performance_schema	events_transactions_summary_by_account_by_event_name	max_timer_wait	bigint unsigned	*
C	performance_schema	events_transactions_summary_by_account_by_event_name	count_read_write	bigint unsigned	*
C	performance_schema	events_transactions_summary_by_account_by_event_name	sum_timer_read_write	bigint unsigned	*
C	performance_schema	events_transactions_summary_by_account_by_event_name	min_timer_read_write	bigint unsigned	*
C	performance_schema	events_transactions_summary_by_account_by_event_name	avg_timer_read_write	bigint unsigned	*
C	performance_schema	events_transactions_summary_by_account_by_event_name	max_timer_read_write	bigint unsigned	*
C	performance_schema	events_transactions_summary_by_account_by_event_name	count_read_only	bigint unsigned	*
C	performance_schema	events_transactions_summary_by_account_by_event_name	sum_timer_read_only	bigint unsigned	*
C	performance_schema	events_transactions_summary_by_account_by_event_name	min_timer_read_only	bigint unsigned	*
C	performance_schema	events_transactions_summary_by_account_by_event_name	avg_timer_read_only	bigint unsigned	*
C	performance_schema	events_transactions_summary_by_account_by_event_name	max_timer_read_only	bigint unsigned	*
C	performance_schema	events_transactions_summary_by_host_by_event_name	host	char(255)	*
C	performance_schema	events_transactions_summary_by_host_by_event_name	event_name	varchar(128)	*
C	performance_schema	events_transactions_summary_by_host_by_event_name	count_star	bigint unsigned	*
C	performance_schema	events_transactions_summary_by_host_by_event_name	sum_timer_wait	bigint unsigned	*
C	performance_schema	events_transactions_summary_by_host_by_event_name	min_timer_wait	bigint unsigned	*
C	performance_schema	events_transactions_summary_by_host_by_event_name	avg_timer_wait	bigint unsigned	*
C	performance_schema	events_transactions_summary_by_host_by_event_name	max_timer_wait	bigint unsigned	*
C	performance_schema	events_transactions_summary_by_host_by_event_name	count_read_write	bigint unsigned	*
C	performance_schema	events_transactions_summary_by_host_by_event_name	sum_timer_read_write	bigint unsigned	*
C	performance_schema	events_transactions_summary_by_host_by_event_name	min_timer_read_write	bigint unsigned	*
C	performance_schema	events_transactions_summary_by_host_by_event_name	avg_timer_read_write	bigint unsigned	*
C	performance_schema	events_transactions_summary_by_host_by_event_name	max_timer_read_write	bigint unsigned	*
C	performance_schema	events_transactions_summary_by_host_by_event_name	count_read_only	bigint unsigned	*
C	performance_schema	events_transactions_summary_by_host_by_event_name	sum_timer_read_only	bigint unsigned	*
C	performance_schema	events_transactions_summary_by_host_by_event_name	min_timer_read_only	bigint unsigned	*
C	performance_schema	events_transactions_summary_by_host_by_event_name	avg_timer_read_only	bigint unsigned	*
C	performance_schema	events_transactions_summary_by_host_by_event_name	max_timer_read_only	bigint unsigned	*
C	performance_schema	events_transactions_summary_by_thread_by_event_name	thread_id	bigint unsigned	*
C	performance_schema	events_transactions_summary_by_thread_by_event_name	event_name	varchar(128)	*
C	performance_schema	events_transactions_summary_by_thread_by_event_name	count_star	bigint unsigned	*
C	performance_schema	events_transactions_summary_by_thread_by_event_name	sum_timer_wait	bigint unsigned	*
C	performance_schema	events_transactions_summary_by_thread_by_event_name	min_timer_wait	bigint unsigned	*
C	performance_schema	events_transactions_summary_by_thread_by_event_name	avg_timer_wait	bigint unsigned	*
C	performance_schema	events_transactions_summary_by_thread_by_event_name	max_timer_wait	bigint unsigned	*
C	performance_schema	events_transactions_summary_by_thread_by_event_name	count_read_write	bigint unsigned	*
C	performance_schema	events_transactions_summary_by_thread_by_event_name	sum_timer_read_write	bigint unsigned	*
C	performance_schema	events_transactions_summary_by_thread_by_event_name	min_timer_read_write	bigint unsigned	*
C	performance_schema	events_transactions_summary_by_thread_by_event_name	avg_timer_read_write	bigint unsigned	*
C	performance_schema	events_transactions_summary_by_thread_by_event_name	max_timer_read_write	bigint unsigned	*
C	performance_schema	events_transactions_summary_by_thread_by_event_name	count_read_only	bigint unsigned	*
C	performance_schema	events_transactions_summary_by_thread_by_event_name	sum_timer_read_only	bigint unsigned	*
C	performance_schema	events_transactions_summary_by_thread_by_event_name	min_timer_read_only	bigint unsigned	*
C	performance_schema	events_transactions_summary_by_thread_by_event_name	avg_timer_read_only	bigint unsigned	*
C	performance_schema	events_transactions_summary_by_thread_by_event_name	max_timer_read_only	bigint unsigned	*
C	performance_schema	events_transactions_summary_by_user_by_event_name	user	char(32)	*
C	performance_schema	events_transactions_summary_by_user_by_event_name	event_name	varchar(128)	*
C	performance_schema	events_transactions_summary_by_user_by_event_name	count_star	bigint unsigned	*
C	performance_schema	events_transactions_summary_by_user_by_event_name	sum_timer_wait	bigint unsigned	*
C	performance_schema	events_transactions_summary_by_user_by_event_name	min_timer_wait	bigint unsigned	*
C	performance_schema	events_transactions_summary_by_user_by_event_name	avg_timer_wait	bigint unsigned	*
C	performance_schema	events_transactions_summary_by_user_by_event_name	max_timer_wait	bigint unsigned	*
C	performance_schema	events_transactions_summary_by_user_by_event_name	count_read_write	bigint unsigned	*
C	performance_schema	events_transactions_summary_by_user_by_event_name	sum_timer_read_write	bigint unsigned	*
C	performance_schema	events_transactions_summary_by_user_by_event_name	min_timer_read_write	bigint unsigned	*
C	performance_schema	events_transactions_summary_by_user_by_event_name	avg_timer_read_write	bigint unsigned	*
C	performance_schema	events_transactions_summary_by_user_by_event_name	max_timer_read_write	bigint unsigned	*
C	performance_schema	events_transactions_summary_by_user_by_event_name	count_read_only	bigint unsigned	*
C	performance_schema	events_transactions_summary_by_user_by_event_name	sum_timer_read_only	bigint unsigned	*
C	performance_schema	events_transactions_summary_by_user_by_event_name	min_timer_read_only	bigint unsigned	*
C	performance_schema	events_transactions_summary_by_user_by_event_name	avg_timer_read_only	bigint unsigned	*
C	performance_schema	events_transactions_summary_by_user_by_event_name	max_timer_read_only	bigint unsigned	*
C	performance_schema	events_transactions_summary_global_by_event_name	event_name	varchar(128)	*
C	performance_schema	events_transactions_summary_global_by_event_name	count_star	bigint unsigned	*
C	performance_schema	events_transactions_summary_global_by_event_name	sum_timer_wait	bigint unsigned	*
C	performance_schema	events_transactions_summary_global_by_event_name	min_timer_wait	bigint unsigned	*
C	performance_schema	events_transactions_summary_global_by_event_name	avg_timer_wait	bigint unsigned	*
C	performance_schema	events_transactions_summary_global_by_event_name	max_timer_wait	bigint unsigned	*
C	performance_schema	events_transactions_summary_global_by_event_name	count_read_write	bigint unsigned	*
C	performance_schema	events_transactions_summary_global_by_event_name	sum_timer_read_write	bigint unsigned	*
C	performance_schema	events_transactions_summary_global_by_event_name	min_timer_read_write	bigint unsigned	*
C	performance_schema	events_transactions_summary_global_by_event_name	avg_timer_read_write	bigint unsigned	*
C	performance_schema	events_transactions_summary_global_by_event_name	max_timer_read_write	bigint unsigned	*
C	performance_schema	events_transactions_summary_global_by_event_name	count_read_only	bigint unsigned	*
C	performance_schema	events_transactions_summary_global_by_event_name	sum_timer_read_only	bigint unsigned	*
C	performance_schema	events_transactions_summary_global_by_event_name	min_timer_read_only	bigint unsigned	*
C	performance_schema	events_transactions_summary_global_by_event_name	avg_timer_read_only	bigint unsigned	*
C	performance_schema	events_transactions_summary_global_by_event_name	max_timer_read_only	bigint unsigned	*
C	performance_schema	events_waits_current	thread_id	bigint unsigned	*
C	performance_schema	events_waits_current	event_id	bigint unsigned	*
C	performance_schema	events_waits_current	end_event_id	bigint unsigned	*
C	performance_schema	events_waits_current	event_name	varchar(128)	*
C	performance_schema	events_waits_current	source	varchar(64)	*
C	performance_schema	events_waits_current	timer_start	bigint unsigned	*
C	performance_schema	events_waits_current	timer_end	bigint unsigned	*
C	performance_schema	events_waits_current	timer_wait	bigint unsigned	*
C	performance_schema	events_waits_current	spins	int unsigned	*
C	performance_schema	events_waits_current	object_schema	varchar(64)	*
C	performance_schema	events_waits_current	object_name	varchar(512)	*
C	performance_schema	events_waits_current	index_name	varchar(64)	*
C	performance_schema	events_waits_current	object_type	varchar(64)	*
C	performance_schema	events_waits_current	object_instance_begin	bigint unsigned	*
C	performance_schema	events_waits_current	nesting_event_id	bigint unsigned	*
C	performance_schema	events_waits_current	nesting_event_type	enum('TRANSACTION','STATEMENT','STAGE','WAIT')	*
C	performance_schema	events_waits_current	operation	varchar(32)	*
C	performance_schema	events_waits_current	number_of_bytes	bigint	*
C	performance_schema	events_waits_current	flags	int unsigned	*
C	performance_schema	events_waits_history	thread_id	bigint unsigned	*
C	performance_schema	events_waits_history	event_id	bigint unsigned	*
C	performance_schema	events_waits_history	end_event_id	bigint unsigned	*
C	performance_schema	events_waits_history	event_name	varchar(128)	*
C	performance_schema	events_waits_history	source	varchar(64)	*
C	performance_schema	events_waits_history	timer_start	bigint unsigned	*
C	performance_schema	events_waits_history	timer_end	bigint unsigned	*
C	performance_schema	events_waits_history	timer_wait	bigint unsigned	*
C	performance_schema	events_waits_history	spins	int unsigned	*
C	performance_schema	events_waits_history	object_schema	varchar(64)	*
C	performance_schema	events_waits_history	object_name	varchar(512)	*
C	performance_schema	events_waits_history	index_name	varchar(64)	*
C	performance_schema	events_waits_history	object_type	varchar(64)	*
C	performance_schema	events_waits_history	object_instance_begin	bigint unsigned	*
C	performance_schema	events_waits_history	nesting_event_id	bigint unsigned	*
C	performance_schema	events_waits_history	nesting_event_type	enum('TRANSACTION','STATEMENT','STAGE','WAIT')	*
C	performance_schema	events_waits_history	operation	varchar(32)	*
C	performance_schema	events_waits_history	number_of_bytes	bigint	*
C	performance_schema	events_waits_history	flags	int unsigned	*
C	performance_schema	events_waits_history_long	thread_id	bigint unsigned	*
C	performance_schema	events_waits_history_long	event_id	bigint unsigned	*
C	performance_schema	events_waits_history_long	end_event_id	bigint unsigned	*
C	performance_schema	events_waits_history_long	event_name	varchar(128)	*
C	performance_schema	events_waits_history_long	source	varchar(64)	*
C	performance_schema	events_waits_history_long	timer_start	bigint unsigned	*
C	performance_schema	events_waits_history_long	timer_end	bigint unsigned	*
C	performance_schema	events_waits_history_long	timer_wait	bigint unsigned	*
C	performance_schema	events_waits_history_long	spins	int unsigned	*
C	performance_schema	events_waits_history_long	object_schema	varchar(64)	*
C	performance_schema	events_waits_history_long	object_name	varchar(512)	*
C	performance_schema	events_waits_history_long	index_name	varchar(64)	*
C	performance_schema	events_waits_history_long	object_type	varchar(64)	*
C	performance_schema	events_waits_history_long	object_instance_begin	bigint unsigned	*
C	performance_schema	events_waits_history_long	nesting_event_id	bigint unsigned	*
C	performance_schema	events_waits_history_long	nesting_event_type	enum('TRANSACTION','STATEMENT','STAGE','WAIT')	*
C	performance_schema	events_waits_history_long	operation	varchar(32)	*
C	performance_schema	events_waits_history_long	number_of_bytes	bigint	*
C	performance_schema	events_waits_history_long	flags	int unsigned	*
C	performance_schema	events_waits_summary_by_account_by_event_name	user	char(32)	*
C	performance_schema	events_waits_summary_by_account_by_event_name	host	char(255)	*
C	performance_schema	events_waits_summary_by_account_by_event_name	event_name	varchar(128)	*
C	performance_schema	events_waits_summary_by_account_by_event_name	count_star	bigint unsigned	*
C	performance_schema	events_waits_summary_by_account_by_event_name	sum_timer_wait	bigint unsigned	*
C	performance_schema	events_waits_summary_by_account_by_event_name	min_timer_wait	bigint unsigned	*
C	performance_schema	events_waits_summary_by_account_by_event_name	avg_timer_wait	bigint unsigned	*
C	performance_schema	events_waits_summary_by_account_by_event_name	max_timer_wait	bigint unsigned	*
C	performance_schema	events_waits_summary_by_host_by_event_name	host	char(255)	*
C	performance_schema	events_waits_summary_by_host_by_event_name	event_name	varchar(128)	*
C	performance_schema	events_waits_summary_by_host_by_event_name	count_star	bigint unsigned	*
C	performance_schema	events_waits_summary_by_host_by_event_name	sum_timer_wait	bigint unsigned	*
C	performance_schema	events_waits_summary_by_host_by_event_name	min_timer_wait	bigint unsigned	*
C	performance_schema	events_waits_summary_by_host_by_event_name	avg_timer_wait	bigint unsigned	*
C	performance_schema	events_waits_summary_by_host_by_event_name	max_timer_wait	bigint unsigned	*
C	performance_schema	events_waits_summary_by_instance	event_name	varchar(128)	*
C	performance_schema	events_waits_summary_by_instance	object_instance_begin	bigint unsigned	*
C	performance_schema	events_waits_summary_by_instance	count_star	bigint unsigned	*
C	performance_schema	events_waits_summary_by_instance	sum_timer_wait	bigint unsigned	*
C	performance_schema	events_waits_summary_by_instance	min_timer_wait	bigint unsigned	*
C	performance_schema	events_waits_summary_by_instance	avg_timer_wait	bigint unsigned	*
C	performance_schema	events_waits_summary_by_instance	max_timer_wait	bigint unsigned	*
C	performance_schema	events_waits_summary_by_thread_by_event_name	thread_id	bigint unsigned	*
C	performance_schema	events_waits_summary_by_thread_by_event_name	event_name	varchar(128)	*
C	performance_schema	events_waits_summary_by_thread_by_event_name	count_star	bigint unsigned	*
C	performance_schema	events_waits_summary_by_thread_by_event_name	sum_timer_wait	bigint unsigned	*
C	performance_schema	events_waits_summary_by_thread_by_event_name	min_timer_wait	bigint unsigned	*
C	performance_schema	events_waits_summary_by_thread_by_event_name	avg_timer_wait	bigint unsigned	*
C	performance_schema	events_waits_summary_by_thread_by_event_name	max_timer_wait	bigint unsigned	*
C	performance_schema	events_waits_summary_by_user_by_event_name	user	char(32)	*
C	performance_schema	events_waits_summary_by_user_by_event_name	event_name	varchar(128)	*
C	performance_schema	events_waits_summary_by_user_by_event_name	count_star	bigint unsigned	*
C	performance_schema	events_waits_summary_by_user_by_event_name	sum_timer_wait	bigint unsigned	*
C	performance_schema	events_waits_summary_by_user_by_event_name	min_timer_wait	bigint unsigned	*
C	performance_schema	events_waits_summary_by_user_by_event_name	avg_timer_wait	bigint unsigned	*
C	performance_schema	events_waits_summary_by_user_by_event_name	max_timer_wait	bigint unsigned	*
C	performance_schema	events_waits_summary_global_by_event_name	event_name	varchar(128)	*
C	performance_schema	events_waits_summary_global_by_event_name	count_star	bigint unsigned	*
C	performance_schema	events_waits_summary_global_by_event_name	sum_timer_wait	bigint unsigned	*
C	performance_schema	events_waits_summary_global_by_event_name	min_timer_wait	bigint unsigned	*
C	performance_schema	events_waits_summary_global_by_event_name	avg_timer_wait	bigint unsigned	*
C	performance_schema	events_waits_summary_global_by_event_name	max_timer_wait	bigint unsigned	*
C	performance_schema	file_instances	file_name	varchar(512)	*
C	performance_schema	file_instances	event_name	varchar(128)	*
C	performance_schema	file_instances	open_count	int unsigned	*
C	performance_schema	file_summary_by_event_name	event_name	varchar(128)	*
C	performance_schema	file_summary_by_event_name	count_star	bigint unsigned	*
C	performance_schema	file_summary_by_event_name	sum_timer_wait	bigint unsigned	*
C	performance_schema	file_summary_by_event_name	min_timer_wait	bigint unsigned	*
C	performance_schema	file_summary_by_event_name	avg_timer_wait	bigint unsigned	*
C	performance_schema	file_summary_by_event_name	max_timer_wait	bigint unsigned	*
C	performance_schema	file_summary_by_event_name	count_read	bigint unsigned	*
C	performance_schema	file_summary_by_event_name	sum_timer_read	bigint unsigned	*
C	performance_schema	file_summary_by_event_name	min_timer_read	bigint unsigned	*
C	performance_schema	file_summary_by_event_name	avg_timer_read	bigint unsigned	*
C	performance_schema	file_summary_by_event_name	max_timer_read	bigint unsigned	*
C	performance_schema	file_summary_by_event_name	sum_number_of_bytes_read	bigint	*
C	performance_schema	file_summary_by_event_name	count_write	bigint unsigned	*
C	performance_schema	file_summary_by_event_name	sum_timer_write	bigint unsigned	*
C	performance_schema	file_summary_by_event_name	min_timer_write	bigint unsigned	*
C	performance_schema	file_summary_by_event_name	avg_timer_write	bigint unsigned	*
C	performance_schema	file_summary_by_event_name	max_timer_write	bigint unsigned	*
C	performance_schema	file_summary_by_event_name	sum_number_of_bytes_write	bigint	*
C	performance_schema	file_summary_by_event_name	count_misc	bigint unsigned	*
C	performance_schema	file_summary_by_event_name	sum_timer_misc	bigint unsigned	*
C	performance_schema	file_summary_by_event_name	min_timer_misc	bigint unsigned	*
C	performance_schema	file_summary_by_event_name	avg_timer_misc	bigint unsigned	*
C	performance_schema	file_summary_by_event_name	max_timer_misc	bigint unsigned	*
C	performance_schema	file_summary_by_instance	file_name	varchar(512)	*
C	performance_schema	file_summary_by_instance	event_name	varchar(128)	*
C	performance_schema	file_summary_by_instance	object_instance_begin	bigint unsigned	*
C	performance_schema	file_summary_by_instance	count_star	bigint unsigned	*
C	performance_schema	file_summary_by_instance	sum_timer_wait	bigint unsigned	*
C	performance_schema	file_summary_by_instance	min_timer_wait	bigint unsigned	*
C	performance_schema	file_summary_by_instance	avg_timer_wait	bigint unsigned	*
C	performance_schema	file_summary_by_instance	max_timer_wait	bigint unsigned	*
C	performance_schema	file_summary_by_instance	count_read	bigint unsigned	*
C	performance_schema	file_summary_by_instance	sum_timer_read	bigint unsigned	*
C	performance_schema	file_summary_by_instance	min_timer_read	bigint unsigned	*
C	performance_schema	file_summary_by_instance	avg_timer_read	bigint unsigned	*
C	performance_schema	file_summary_by_instance	max_timer_read	bigint unsigned	*
C	performance_schema	file_summary_by_instance	sum_number_of_bytes_read	bigint	*
C	performance_schema	file_summary_by_instance	count_write	bigint unsigned	*
C	performance_schema	file_summary_by_instance	sum_timer_write	bigint unsigned	*
C	performance_schema	file_summary_by_instance	min_timer_write	bigint unsigned	*
C	performance_schema	file_summary_by_instance	avg_timer_write	bigint unsigned	*
C	performance_schema	file_summary_by_instance	max_timer_write	bigint unsigned	*
C	performance_schema	file_summary_by_instance	sum_number_of_bytes_write	bigint	*
C	performance_schema	file_summary_by_instance	count_misc	bigint unsigned	*
C	performance_schema	file_summary_by_instance	sum_timer_misc	bigint unsigned	*
C	performance_schema	file_summary_by_instance	min_timer_misc	bigint unsigned	*
C	performance_schema	file_summary_by_instance	avg_timer_misc	bigint unsigned	*
C	performance_schema	file_summary_by_instance	max_timer_misc	bigint unsigned	*
C	performance_schema	global_status	variable_name	varchar(64)	*
C	performance_schema	global_status	variable_value	varchar(1024)	*
C	performance_schema	global_variables	variable_name	varchar(64)	*
C	performance_schema	global_variables	variable_value	varchar(1024)	*
C	performance_schema	host_cache	ip	varchar(64)	*
C	performance_schema	host_cache	host	varchar(255)	*
C	performance_schema	host_cache	host_validated	enum('YES','NO')	*
C	performance_schema	host_cache	sum_connect_errors	bigint	*
C	performance_schema	host_cache	count_host_blocked_errors	bigint	*
C	performance_schema	host_cache	count_nameinfo_transient_errors	bigint	*
C	performance_schema	host_cache	count_nameinfo_permanent_errors	bigint	*
C	performance_schema	host_cache	count_format_errors	bigint	*
C	performance_schema	host_cache	count_addrinfo_transient_errors	bigint	*
C	performance_schema	host_cache	count_addrinfo_permanent_errors	bigint	*
C	performance_schema	host_cache	count_fcrdns_errors	bigint	*
C	performance_schema	host_cache	count_host_acl_errors	bigint	*
C	performance_schema	host_cache	count_no_auth_plugin_errors	bigint	*
C	performance_schema	host_cache	count_auth_plugin_errors	bigint	*
C	performance_schema	host_cache	count_handshake_errors	bigint	*
C	performance_schema	host_cache	count_proxy_user_errors	bigint	*
C	performance_schema	host_cache	count_proxy_user_acl_errors	bigint	*
C	performance_schema	host_cache	count_authentication_errors	bigint	*
C	performance_schema	host_cache	count_ssl_errors	bigint	*
C	performance_schema	host_cache	count_max_user_connections_errors	bigint	*
C	performance_schema	host_cache	count_max_user_connections_per_hour_errors	bigint	*
C	performance_schema	host_cache	count_default_database_errors	bigint	*
C	performance_schema	host_cache	count_init_connect_errors	bigint	*
C	performance_schema	host_cache	count_local_errors	bigint	*
C	performance_schema	host_cache	count_unknown_errors	bigint	*
C	performance_schema	host_cache	first_seen	timestamp	*
C	performance_schema	host_cache	last_seen	timestamp	*
C	performance_schema	host_cache	first_error_seen	timestamp	*
C	performance_schema	host_cache	last_error_seen	timestamp	*
C	performance_schema	hosts	host	char(255)	*
C	performance_schema	hosts	current_connections	bigint	*
C	performance_schema	hosts	total_connections	bigint	*
C	performance_schema	hosts	max_session_controlled_memory	bigint unsigned	*
C	performance_schema	hosts	max_session_total_memory	bigint unsigned	*
C	performance_schema	innodb_redo_log_files	file_id	bigint	*
C	performance_schema	innodb_redo_log_files	file_name	varchar(2000)	*
C	performance_schema	innodb_redo_log_files	start_lsn	bigint	*
C	performance_schema	innodb_redo_log_files	end_lsn	bigint	*
C	performance_schema	innodb_redo_log_files	size_in_bytes	bigint	*
C	performance_schema	innodb_redo_log_files	is_full	tinyint	*
C	performance_schema	innodb_redo_log_files	consumer_level	int	*
C	performance_schema	keyring_component_status	status_key	varchar(256)	*
C	performance_schema	keyring_component_status	status_value	varchar(1024)	*
C	performance_schema	keyring_keys	key_id	varchar(255)	*
C	performance_schema	keyring_keys	key_owner	varchar(255)	*
C	performance_schema	keyring_keys	backend_key_id	varchar(255)	*
C	performance_schema	log_status	server_uuid	char(36)	*
C	performance_schema	log_status	local	json	*
C	performance_schema	log_status	replication	json	*
C	performance_schema	log_status	storage_engines	json	*
C	performance_schema	memory_summary_by_account_by_event_name	user	char(32)	*
C	performance_schema	memory_summary_by_account_by_event_name	host	char(255)	*
C	performance_schema	memory_summary_by_account_by_event_name	event_name	varchar(128)	*
C	performance_schema	memory_summary_by_account_by_event_name	count_alloc	bigint unsigned	*
C	performance_schema	memory_summary_by_account_by_event_name	count_free	bigint unsigned	*
C	performance_schema	memory_summary_by_account_by_event_name	sum_number_of_bytes_alloc	bigint unsigned	*
C	performance_schema	memory_summary_by_account_by_event_name	sum_number_of_bytes_free	bigint unsigned	*
C	performance_schema	memory_summary_by_account_by_event_name	low_count_used	bigint	*
C	performance_schema	memory_summary_by_account_by_event_name	current_count_used	bigint	*
C	performance_schema	memory_summary_by_account_by_event_name	high_count_used	bigint	*
C	performance_schema	memory_summary_by_account_by_event_name	low_number_of_bytes_used	bigint	*
C	performance_schema	memory_summary_by_account_by_event_name	current_number_of_bytes_used	bigint	*
C	performance_schema	memory_summary_by_account_by_event_name	high_number_of_bytes_used	bigint	*
C	performance_schema	memory_summary_by_host_by_event_name	host	char(255)	*
C	performance_schema	memory_summary_by_host_by_event_name	event_name	varchar(128)	*
C	performance_schema	memory_summary_by_host_by_event_name	count_alloc	bigint unsigned	*
C	performance_schema	memory_summary_by_host_by_event_name	count_free	bigint unsigned	*
C	performance_schema	memory_summary_by_host_by_event_name	sum_number_of_bytes_alloc	bigint unsigned	*
C	performance_schema	memory_summary_by_host_by_event_name	sum_number_of_bytes_free	bigint unsigned	*
C	performance_schema	memory_summary_by_host_by_event_name	low_count_used	bigint	*
C	performance_schema	memory_summary_by_host_by_event_name	current_count_used	bigint	*
C	performance_schema	memory_summary_by_host_by_event_name	high_count_used	bigint	*
C	performance_schema	memory_summary_by_host_by_event_name	low_number_of_bytes_used	bigint	*
C	performance_schema	memory_summary_by_host_by_event_name	current_number_of_bytes_used	bigint	*
C	performance_schema	memory_summary_by_host_by_event_name	high_number_of_bytes_used	bigint	*
C	performance_schema	memory_summary_by_thread_by_event_name	thread_id	bigint unsigned	*
C	performance_schema	memory_summary_by_thread_by_event_name	event_name	varchar(128)	*
C	performance_schema	memory_summary_by_thread_by_event_name	count_alloc	bigint unsigned	*
C	performance_schema	memory_summary_by_thread_by_event_name	count_free	bigint unsigned	*
C	performance_schema	memory_summary_by_thread_by_event_name	sum_number_of_bytes_alloc	bigint unsigned	*
C	performance_schema	memory_summary_by_thread_by_event_name	sum_number_of_bytes_free	bigint unsigned	*
C	performance_schema	memory_summary_by_thread_by_event_name	low_count_used	bigint	*
C	performance_schema	memory_summary_by_thread_by_event_name	current_count_used	bigint	*
C	performance_schema	memory_summary_by_thread_by_event_name	high_count_used	bigint	*
C	performance_schema	memory_summary_by_thread_by_event_name	low_number_of_bytes_used	bigint	*
C	performance_schema	memory_summary_by_thread_by_event_name	current_number_of_bytes_used	bigint	*
C	performance_schema	memory_summary_by_thread_by_event_name	high_number_of_bytes_used	bigint	*
C	performance_schema	memory_summary_by_user_by_event_name	user	char(32)	*
C	performance_schema	memory_summary_by_user_by_event_name	event_name	varchar(128)	*
C	performance_schema	memory_summary_by_user_by_event_name	count_alloc	bigint unsigned	*
C	performance_schema	memory_summary_by_user_by_event_name	count_free	bigint unsigned	*
C	performance_schema	memory_summary_by_user_by_event_name	sum_number_of_bytes_alloc	bigint unsigned	*
C	performance_schema	memory_summary_by_user_by_event_name	sum_number_of_bytes_free	bigint unsigned	*
C	performance_schema	memory_summary_by_user_by_event_name	low_count_used	bigint	*
C	performance_schema	memory_summary_by_user_by_event_name	current_count_used	bigint	*
C	performance_schema	memory_summary_by_user_by_event_name	high_count_used	bigint	*
C	performance_schema	memory_summary_by_user_by_event_name	low_number_of_bytes_used	bigint	*
C	performance_schema	memory_summary_by_user_by_event_name	current_number_of_bytes_used	bigint	*
C	performance_schema	memory_summary_by_user_by_event_name	high_number_of_bytes_used	bigint	*
C	performance_schema	memory_summary_global_by_event_name	event_name	varchar(128)	*
C	performance_schema	memory_summary_global_by_event_name	count_alloc	bigint unsigned	*
C	performance_schema	memory_summary_global_by_event_name	count_free	bigint unsigned	*
C	performance_schema	memory_summary_global_by_event_name	sum_number_of_bytes_alloc	bigint unsigned	*
C	performance_schema	memory_summary_global_by_event_name	sum_number_of_bytes_free	bigint unsigned	*
C	performance_schema	memory_summary_global_by_event_name	low_count_used	bigint	*
C	performance_schema	memory_summary_global_by_event_name	current_count_used	bigint	*
C	performance_schema	memory_summary_global_by_event_name	high_count_used	bigint	*
C	performance_schema	memory_summary_global_by_event_name	low_number_of_bytes_used	bigint	*
C	performance_schema	memory_summary_global_by_event_name	current_number_of_bytes_used	bigint	*
C	performance_schema	memory_summary_global_by_event_name	high_number_of_bytes_used	bigint	*
C	performance_schema	metadata_locks	object_type	varchar(64)	*
C	performance_schema	metadata_locks	object_schema	varchar(64)	*
C	performance_schema	metadata_locks	object_name	varchar(64)	*
C	performance_schema	metadata_locks	column_name	varchar(64)	*
C	performance_schema	metadata_locks	object_instance_begin	bigint unsigned	*
C	performance_schema	metadata_locks	lock_type	varchar(32)	*
C	performance_schema	metadata_locks	lock_duration	varchar(32)	*
C	performance_schema	metadata_locks	lock_status	varchar(32)	*
C	performance_schema	metadata_locks	source	varchar(64)	*
C	performance_schema	metadata_locks	owner_thread_id	bigint unsigned	*
C	performance_schema	metadata_locks	owner_event_id	bigint unsigned	*
C	performance_schema	mutex_instances	name	varchar(128)	*
C	performance_schema	mutex_instances	object_instance_begin	bigint unsigned	*
C	performance_schema	mutex_instances	locked_by_thread_id	bigint unsigned	*
C	performance_schema	objects_summary_global_by_type	object_type	varchar(64)	*
C	performance_schema	objects_summary_global_by_type	object_schema	varchar(64)	*
C	performance_schema	objects_summary_global_by_type	object_name	varchar(64)	*
C	performance_schema	objects_summary_global_by_type	count_star	bigint unsigned	*
C	performance_schema	objects_summary_global_by_type	sum_timer_wait	bigint unsigned	*
C	performance_schema	objects_summary_global_by_type	min_timer_wait	bigint unsigned	*
C	performance_schema	objects_summary_global_by_type	avg_timer_wait	bigint unsigned	*
C	performance_schema	objects_summary_global_by_type	max_timer_wait	bigint unsigned	*
C	performance_schema	performance_timers	timer_name	enum('CYCLE','NANOSECOND','MICROSECOND','MILLISECOND','THREAD_CPU')	*
C	performance_schema	performance_timers	timer_frequency	bigint	*
C	performance_schema	performance_timers	timer_resolution	bigint	*
C	performance_schema	performance_timers	timer_overhead	bigint	*
C	performance_schema	persisted_variables	variable_name	varchar(64)	*
C	performance_schema	persisted_variables	variable_value	varchar(1024)	*
C	performance_schema	prepared_statements_instances	object_instance_begin	bigint unsigned	*
C	performance_schema	prepared_statements_instances	statement_id	bigint unsigned	*
C	performance_schema	prepared_statements_instances	statement_name	varchar(64)	*
C	performance_schema	prepared_statements_instances	sql_text	longtext	*
C	performance_schema	prepared_statements_instances	owner_thread_id	bigint unsigned	*
C	performance_schema	prepared_statements_instances	owner_event_id	bigint unsigned	*
C	performance_schema	prepared_statements_instances	owner_object_type	enum('EVENT','FUNCTION','PROCEDURE','TABLE','TRIGGER')	*
C	performance_schema	prepared_statements_instances	owner_object_schema	varchar(64)	*
C	performance_schema	prepared_statements_instances	owner_object_name	varchar(64)	*
C	performance_schema	prepared_statements_instances	execution_engine	enum('PRIMARY','SECONDARY')	*
C	performance_schema	prepared_statements_instances	timer_prepare	bigint unsigned	*
C	performance_schema	prepared_statements_instances	count_reprepare	bigint unsigned	*
C	performance_schema	prepared_statements_instances	count_execute	bigint unsigned	*
C	performance_schema	prepared_statements_instances	sum_timer_execute	bigint unsigned	*
C	performance_schema	prepared_statements_instances	min_timer_execute	bigint unsigned	*
C	performance_schema	prepared_statements_instances	avg_timer_execute	bigint unsigned	*
C	performance_schema	prepared_statements_instances	max_timer_execute	bigint unsigned	*
C	performance_schema	prepared_statements_instances	sum_lock_time	bigint unsigned	*
C	performance_schema	prepared_statements_instances	sum_errors	bigint unsigned	*
C	performance_schema	prepared_statements_instances	sum_warnings	bigint unsigned	*
C	performance_schema	prepared_statements_instances	sum_rows_affected	bigint unsigned	*
C	performance_schema	prepared_statements_instances	sum_rows_sent	bigint unsigned	*
C	performance_schema	prepared_statements_instances	sum_rows_examined	bigint unsigned	*
C	performance_schema	prepared_statements_instances	sum_created_tmp_disk_tables	bigint unsigned	*
C	performance_schema	prepared_statements_instances	sum_created_tmp_tables	bigint unsigned	*
C	performance_schema	prepared_statements_instances	sum_select_full_join	bigint unsigned	*
C	performance_schema	prepared_statements_instances	sum_select_full_range_join	bigint unsigned	*
C	performance_schema	prepared_statements_instances	sum_select_range	bigint unsigned	*
C	performance_schema	prepared_statements_instances	sum_select_range_check	bigint unsigned	*
C	performance_schema	prepared_statements_instances	sum_select_scan	bigint unsigned	*
C	performance_schema	prepared_statements_instances	sum_sort_merge_passes	bigint unsigned	*
C	performance_schema	prepared_statements_instances	sum_sort_range	bigint unsigned	*
C	performance_schema	prepared_statements_instances	sum_sort_rows	bigint unsigned	*
C	performance_schema	prepared_statements_instances	sum_sort_scan	bigint unsigned	*
C	performance_schema	prepared_statements_instances	sum_no_index_used	bigint unsigned	*
C	performance_schema	prepared_statements_instances	sum_no_good_index_used	bigint unsigned	*
C	performance_schema	prepared_statements_instances	sum_cpu_time	bigint unsigned	*
C	performance_schema	prepared_statements_instances	max_controlled_memory	bigint unsigned	*
C	performance_schema	prepared_statements_instances	max_total_memory	bigint unsigned	*
C	performance_schema	prepared_statements_instances	count_secondary	bigint unsigned	*
C	performance_schema	processlist	id	bigint unsigned	*
C	performance_schema	processlist	user	varchar(32)	*
C	performance_schema	processlist	host	varchar(261)	*
C	performance_schema	processlist	db	varchar(64)	*
C	performance_schema	processlist	command	varchar(16)	*
C	performance_schema	processlist	time	bigint	*
C	performance_schema	processlist	state	varchar(64)	*
C	performance_schema	processlist	info	longtext	*
C	performance_schema	processlist	execution_engine	enum('PRIMARY','SECONDARY')	*
C	performance_schema	replication_applier_configuration	channel_name	char(64)	*
C	performance_schema	replication_applier_configuration	desired_delay	int	*
C	performance_schema	replication_applier_configuration	privilege_checks_user	text	*
C	performance_schema	replication_applier_configuration	require_row_format	enum('YES','NO')	*
C	performance_schema	replication_applier_configuration	require_table_primary_key_check	enum('STREAM','ON','OFF','GENERATE')	*
C	performance_schema	replication_applier_configuration	assign_gtids_to_anonymous_transactions_type	enum('OFF','LOCAL','UUID')	*
C	performance_schema	replication_applier_configuration	assign_gtids_to_anonymous_transactions_value	text	*
C	performance_schema	replication_applier_filters	channel_name	char(64)	*
C	performance_schema	replication_applier_filters	filter_name	char(64)	*
C	performance_schema	replication_applier_filters	filter_rule	longtext	*
C	performance_schema	replication_applier_filters	configured_by	enum('STARTUP_OPTIONS','CHANGE_REPLICATION_FILTER','STARTUP_OPTIONS_FOR_CHANNEL','CHANGE_REPLICATION_FILTER_FOR_CHANNEL')	*
C	performance_schema	replication_applier_filters	active_since	timestamp(6)	*
C	performance_schema	replication_applier_filters	counter	bigint unsigned	*
C	performance_schema	replication_applier_global_filters	filter_name	char(64)	*
C	performance_schema	replication_applier_global_filters	filter_rule	longtext	*
C	performance_schema	replication_applier_global_filters	configured_by	enum('STARTUP_OPTIONS','CHANGE_REPLICATION_FILTER')	*
C	performance_schema	replication_applier_global_filters	active_since	timestamp(6)	*
C	performance_schema	replication_applier_status	channel_name	char(64)	*
C	performance_schema	replication_applier_status	service_state	enum('ON','OFF')	*
C	performance_schema	replication_applier_status	remaining_delay	int unsigned	*
C	performance_schema	replication_applier_status	count_transactions_retries	bigint unsigned	*
C	performance_schema	replication_applier_status_by_coordinator	channel_name	char(64)	*
C	performance_schema	replication_applier_status_by_coordinator	thread_id	bigint unsigned	*
C	performance_schema	replication_applier_status_by_coordinator	service_state	enum('ON','OFF')	*
C	performance_schema	replication_applier_status_by_coordinator	last_error_number	int	*
C	performance_schema	replication_applier_status_by_coordinator	last_error_message	varchar(1024)	*
C	performance_schema	replication_applier_status_by_coordinator	last_error_timestamp	timestamp(6)	*
C	performance_schema	replication_applier_status_by_coordinator	last_processed_transaction	char(57)	-8.0
C	performance_schema	replication_applier_status_by_coordinator	last_processed_transaction_original_commit_timestamp	timestamp(6)	*
C	performance_schema	replication_applier_status_by_coordinator	last_processed_transaction_immediate_commit_timestamp	timestamp(6)	*
C	performance_schema	replication_applier_status_by_coordinator	last_processed_transaction_start_buffer_timestamp	timestamp(6)	*
C	performance_schema	replication_applier_status_by_coordinator	last_processed_transaction_end_buffer_timestamp	timestamp(6)	*
C	performance_schema	replication_applier_status_by_coordinator	processing_transaction	char(57)	-8.0
C	performance_schema	replication_applier_status_by_coordinator	processing_transaction_original_commit_timestamp	timestamp(6)	*
C	performance_schema	replication_applier_status_by_coordinator	processing_transaction_immediate_commit_timestamp	timestamp(6)	*
C	performance_schema	replication_applier_status_by_coordinator	processing_transaction_start_buffer_timestamp	timestamp(6)	*
C	performance_schema	replication_applier_status_by_worker	channel_name	char(64)	*
C	performance_schema	replication_applier_status_by_worker	worker_id	bigint unsigned	*
C	performance_schema	replication_applier_status_by_worker	thread_id	bigint unsigned	*
C	performance_schema	replication_applier_status_by_worker	service_state	enum('ON','OFF')	*
C	performance_schema	replication_applier_status_by_worker	last_error_number	int	*
C	performance_schema	replication_applier_status_by_worker	last_error_message	varchar(1024)	*
C	performance_schema	replication_applier_status_by_worker	last_error_timestamp	timestamp(6)	*
C	performance_schema	replication_applier_status_by_worker	last_applied_transaction	char(57)	-8.0
C	performance_schema	replication_applier_status_by_worker	last_applied_transaction_original_commit_timestamp	timestamp(6)	*
C	performance_schema	replication_applier_status_by_worker	last_applied_transaction_immediate_commit_timestamp	timestamp(6)	*
C	performance_schema	replication_applier_status_by_worker	last_applied_transaction_start_apply_timestamp	timestamp(6)	*
C	performance_schema	replication_applier_status_by_worker	last_applied_transaction_end_apply_timestamp	timestamp(6)	*
C	performance_schema	replication_applier_status_by_worker	applying_transaction	char(57)	-8.0
C	performance_schema	replication_applier_status_by_worker	applying_transaction_original_commit_timestamp	timestamp(6)	*
C	performance_schema	replication_applier_status_by_worker	applying_transaction_immediate_commit_timestamp	timestamp(6)	*
C	performance_schema	replication_applier_status_by_worker	applying_transaction_start_apply_timestamp	timestamp(6)	*
C	performance_schema	replication_applier_status_by_worker	last_applied_transaction_retries_count	bigint unsigned	*
C	performance_schema	replication_applier_status_by_worker	last_applied_transaction_last_transient_error_number	int	*
C	performance_schema	replication_applier_status_by_worker	last_applied_transaction_last_transient_error_message	varchar(1024)	*
C	performance_schema	replication_applier_status_by_worker	last_applied_transaction_last_transient_error_timestamp	timestamp(6)	*
C	performance_schema	replication_applier_status_by_worker	applying_transaction_retries_count	bigint unsigned	*
C	performance_schema	replication_applier_status_by_worker	applying_transaction_last_transient_error_number	int	*
C	performance_schema	replication_applier_status_by_worker	applying_transaction_last_transient_error_message	varchar(1024)	*
C	performance_schema	replication_applier_status_by_worker	applying_transaction_last_transient_error_timestamp	timestamp(6)	*
C	performance_schema	replication_asynchronous_connection_failover	channel_name	char(64)	*
C	performance_schema	replication_asynchronous_connection_failover	host	char(255)	*
C	performance_schema	replication_asynchronous_connection_failover	port	int	*
C	performance_schema	replication_asynchronous_connection_failover	network_namespace	char(64)	*
C	performance_schema	replication_asynchronous_connection_failover	weight	int unsigned	*
C	performance_schema	replication_asynchronous_connection_failover	managed_name	char(64)	*
C	performance_schema	replication_asynchronous_connection_failover_managed	channel_name	char(64)	*
C	performance_schema	replication_asynchronous_connection_failover_managed	managed_name	char(64)	*
C	performance_schema	replication_asynchronous_connection_failover_managed	managed_type	char(64)	*
C	performance_schema	replication_asynchronous_connection_failover_managed	configuration	json	*
C	performance_schema	replication_connection_configuration	channel_name	char(64)	*
C	performance_schema	replication_connection_configuration	host	char(255)	*
C	performance_schema	replication_connection_configuration	port	int	*
C	performance_schema	replication_connection_configuration	user	char(32)	*
C	performance_schema	replication_connection_configuration	network_interface	char(60)	*
C	performance_schema	replication_connection_configuration	auto_position	enum('1','0')	*
C	performance_schema	replication_connection_configuration	ssl_allowed	enum('YES','NO','IGNORED')	*
C	performance_schema	replication_connection_configuration	ssl_ca_file	varchar(512)	*
C	performance_schema	replication_connection_configuration	ssl_ca_path	varchar(512)	*
C	performance_schema	replication_connection_configuration	ssl_certificate	varchar(512)	*
C	performance_schema	replication_connection_configuration	ssl_cipher	varchar(512)	*
C	performance_schema	replication_connection_configuration	ssl_key	varchar(512)	*
C	performance_schema	replication_connection_configuration	ssl_verify_server_certificate	enum('YES','NO')	*
C	performance_schema	replication_connection_configuration	ssl_crl_file	varchar(255)	*
C	performance_schema	replication_connection_configuration	ssl_crl_path	varchar(255)	*
C	performance_schema	replication_connection_configuration	connection_retry_interval	int	*
C	performance_schema	replication_connection_configuration	connection_retry_count	bigint unsigned	*
C	performance_schema	replication_connection_configuration	heartbeat_interval	double(10,3)	*
C	performance_schema	replication_connection_configuration	tls_version	varchar(255)	*
C	performance_schema	replication_connection_configuration	public_key_path	varchar(512)	*
C	performance_schema	replication_connection_configuration	get_public_key	enum('YES','NO')	*
C	performance_schema	replication_connection_configuration	network_namespace	varchar(64)	*
C	performance_schema	replication_connection_configuration	compression_algorithm	char(64)	*
C	performance_schema	replication_connection_configuration	zstd_compression_level	int	*
C	performance_schema	replication_connection_configuration	tls_ciphersuites	text	*
C	performance_schema	replication_connection_configuration	source_connection_auto_failover	enum('1','0')	*
C	performance_schema	replication_connection_configuration	gtid_only	enum('1','0')	*
C	performance_schema	replication_connection_status	channel_name	char(64)	*
C	performance_schema	replication_connection_status	group_name	char(36)	*
C	performance_schema	replication_connection_status	source_uuid	char(36)	*
C	performance_schema	replication_connection_status	thread_id	bigint unsigned	*
C	performance_schema	replication_connection_status	service_state	enum('ON','OFF','CONNECTING')	*
C	performance_schema	replication_connection_status	count_received_heartbeats	bigint unsigned	*
C	performance_schema	replication_connection_status	last_heartbeat_timestamp	timestamp(6)	*
C	performance_schema	replication_connection_status	received_transaction_set	longtext	*
C	performance_schema	replication_connection_status	last_error_number	int	*
C	performance_schema	replication_connection_status	last_error_message	varchar(1024)	*
C	performance_schema	replication_connection_status	last_error_timestamp	timestamp(6)	*
C	performance_schema	replication_connection_status	last_queued_transaction	char(57)	-8.0
C	performance_schema	replication_connection_status	last_queued_transaction_original_commit_timestamp	timestamp(6)	*
C	performance_schema	replication_connection_status	last_queued_transaction_immediate_commit_timestamp	timestamp(6)	*
C	performance_schema	replication_connection_status	last_queued_transaction_start_queue_timestamp	timestamp(6)	*
C	performance_schema	replication_connection_status	last_queued_transaction_end_queue_timestamp	timestamp(6)	*
C	performance_schema	replication_connection_status	queueing_transaction	char(57)	-8.0
C	performance_schema	replication_connection_status	queueing_transaction_original_commit_timestamp	timestamp(6)	*
C	performance_schema	replication_connection_status	queueing_transaction_immediate_commit_timestamp	timestamp(6)	*
C	performance_schema	replication_connection_status	queueing_transaction_start_queue_timestamp	timestamp(6)	*
C	performance_schema	replication_group_member_stats	channel_name	char(64)	*
C	performance_schema	replication_group_member_stats	view_id	char(60)	*
C	performance_schema	replication_group_member_stats	member_id	char(36)	*
C	performance_schema	replication_group_member_stats	count_transactions_in_queue	bigint unsigned	*
C	performance_schema	replication_group_member_stats	count_transactions_checked	bigint unsigned	*
C	performance_schema	replication_group_member_stats	count_conflicts_detected	bigint unsigned	*
C	performance_schema	replication_group_member_stats	count_transactions_rows_validating	bigint unsigned	*
C	performance_schema	replication_group_member_stats	transactions_committed_all_members	longtext	*
C	performance_schema	replication_group_member_stats	last_conflict_free_transaction	text	*
C	performance_schema	replication_group_member_stats	count_transactions_remote_in_applier_queue	bigint unsigned	*
C	performance_schema	replication_group_member_stats	count_transactions_remote_applied	bigint unsigned	*
C	performance_schema	replication_group_member_stats	count_transactions_local_proposed	bigint unsigned	*
C	performance_schema	replication_group_member_stats	count_transactions_local_rollback	bigint unsigned	*
C	performance_schema	replication_group_members	channel_name	char(64)	*
C	performance_schema	replication_group_members	member_id	char(36)	*
C	performance_schema	replication_group_members	member_host	char(255)	*
C	performance_schema	replication_group_members	member_port	int	*
C	performance_schema	replication_group_members	member_state	char(64)	*
C	performance_schema	replication_group_members	member_role	char(64)	*
C	performance_schema	replication_group_members	member_version	char(64)	*
C	performance_schema	replication_group_members	member_communication_stack	char(64)	*
C	performance_schema	rwlock_instances	name	varchar(128)	*
C	performance_schema	rwlock_instances	object_instance_begin	bigint unsigned	*
C	performance_schema	rwlock_instances	write_locked_by_thread_id	bigint unsigned	*
C	performance_schema	rwlock_instances	read_locked_by_count	int unsigned	*
C	performance_schema	session_account_connect_attrs	processlist_id	bigint unsigned	*
C	performance_schema	session_account_connect_attrs	attr_name	varchar(32)	*
C	performance_schema	session_account_connect_attrs	attr_value	varchar(1024)	*
C	performance_schema	session_account_connect_attrs	ordinal_position	int	*
C	performance_schema	session_connect_attrs	processlist_id	bigint unsigned	*
C	performance_schema	session_connect_attrs	attr_name	varchar(32)	*
C	performance_schema	session_connect_attrs	attr_value	varchar(1024)	*
C	performance_schema	session_connect_attrs	ordinal_position	int	*
C	performance_schema	session_status	variable_name	varchar(64)	*
C	performance_schema	session_status	variable_value	varchar(1024)	*
C	performance_schema	session_variables	variable_name	varchar(64)	*
C	performance_schema	session_variables	variable_value	varchar(1024)	*
C	performance_schema	setup_actors	host	char(255)	*
C	performance_schema	setup_actors	user	char(32)	*
C	performance_schema	setup_actors	role	char(32)	*
C	performance_schema	setup_actors	enabled	enum('YES','NO')	*
C	performance_schema	setup_actors	history	enum('YES','NO')	*
C	performance_schema	setup_consumers	name	varchar(64)	*
C	performance_schema	setup_consumers	enabled	enum('YES','NO')	*
C	performance_schema	setup_instruments	name	varchar(128)	*
C	performance_schema	setup_instruments	enabled	enum('YES','NO')	*
C	performance_schema	setup_instruments	timed	enum('YES','NO')	*
C	performance_schema	setup_instruments	properties	set('singleton','progress','user','global_statistics','mutable','controlled_by_default')	*
C	performance_schema	setup_instruments	flags	set('controlled')	*
C	performance_schema	setup_instruments	volatility	int	*
C	performance_schema	setup_instruments	documentation	longtext	*
C	performance_schema	setup_objects	object_type	enum('EVENT','FUNCTION','PROCEDURE','TABLE','TRIGGER')	*
C	performance_schema	setup_objects	object_schema	varchar(64)	*
C	performance_schema	setup_objects	object_name	varchar(64)	*
C	performance_schema	setup_objects	enabled	enum('YES','NO')	*
C	performance_schema	setup_objects	timed	enum('YES','NO')	*
C	performance_schema	setup_threads	name	varchar(128)	*
C	performance_schema	setup_threads	enabled	enum('YES','NO')	*
C	performance_schema	setup_threads	history	enum('YES','NO')	*
C	performance_schema	setup_threads	properties	set('singleton','user')	*
C	performance_schema	setup_threads	volatility	int	*
C	performance_schema	setup_threads	documentation	longtext	*
C	performance_schema	socket_instances	event_name	varchar(128)	*
C	performance_schema	socket_instances	object_instance_begin	bigint unsigned	*
C	performance_schema	socket_instances	thread_id	bigint unsigned	*
C	performance_schema	socket_instances	socket_id	int	*
C	performance_schema	socket_instances	ip	varchar(64)	*
C	performance_schema	socket_instances	port	int	*
C	performance_schema	socket_instances	state	enum('IDLE','ACTIVE')	*
C	performance_schema	socket_summary_by_event_name	event_name	varchar(128)	*
C	performance_schema	socket_summary_by_event_name	count_star	bigint unsigned	*
C	performance_schema	socket_summary_by_event_name	sum_timer_wait	bigint unsigned	*
C	performance_schema	socket_summary_by_event_name	min_timer_wait	bigint unsigned	*
C	performance_schema	socket_summary_by_event_name	avg_timer_wait	bigint unsigned	*
C	performance_schema	socket_summary_by_event_name	max_timer_wait	bigint unsigned	*
C	performance_schema	socket_summary_by_event_name	count_read	bigint unsigned	*
C	performance_schema	socket_summary_by_event_name	sum_timer_read	bigint unsigned	*
C	performance_schema	socket_summary_by_event_name	min_timer_read	bigint unsigned	*
C	performance_schema	socket_summary_by_event_name	avg_timer_read	bigint unsigned	*
C	performance_schema	socket_summary_by_event_name	max_timer_read	bigint unsigned	*
C	performance_schema	socket_summary_by_event_name	sum_number_of_bytes_read	bigint unsigned	*
C	performance_schema	socket_summary_by_event_name	count_write	bigint unsigned	*
C	performance_schema	socket_summary_by_event_name	sum_timer_write	bigint unsigned	*
C	performance_schema	socket_summary_by_event_name	min_timer_write	bigint unsigned	*
C	performance_schema	socket_summary_by_event_name	avg_timer_write	bigint unsigned	*
C	performance_schema	socket_summary_by_event_name	max_timer_write	bigint unsigned	*
C	performance_schema	socket_summary_by_event_name	sum_number_of_bytes_write	bigint unsigned	*
C	performance_schema	socket_summary_by_event_name	count_misc	bigint unsigned	*
C	performance_schema	socket_summary_by_event_name	sum_timer_misc	bigint unsigned	*
C	performance_schema	socket_summary_by_event_name	min_timer_misc	bigint unsigned	*
C	performance_schema	socket_summary_by_event_name	avg_timer_misc	bigint unsigned	*
C	performance_schema	socket_summary_by_event_name	max_timer_misc	bigint unsigned	*
C	performance_schema	socket_summary_by_instance	event_name	varchar(128)	*
C	performance_schema	socket_summary_by_instance	object_instance_begin	bigint unsigned	*
C	performance_schema	socket_summary_by_instance	count_star	bigint unsigned	*
C	performance_schema	socket_summary_by_instance	sum_timer_wait	bigint unsigned	*
C	performance_schema	socket_summary_by_instance	min_timer_wait	bigint unsigned	*
C	performance_schema	socket_summary_by_instance	avg_timer_wait	bigint unsigned	*
C	performance_schema	socket_summary_by_instance	max_timer_wait	bigint unsigned	*
C	performance_schema	socket_summary_by_instance	count_read	bigint unsigned	*
C	performance_schema	socket_summary_by_instance	sum_timer_read	bigint unsigned	*
C	performance_schema	socket_summary_by_instance	min_timer_read	bigint unsigned	*
C	performance_schema	socket_summary_by_instance	avg_timer_read	bigint unsigned	*
C	performance_schema	socket_summary_by_instance	max_timer_read	bigint unsigned	*
C	performance_schema	socket_summary_by_instance	sum_number_of_bytes_read	bigint unsigned	*
C	performance_schema	socket_summary_by_instance	count_write	bigint unsigned	*
C	performance_schema	socket_summary_by_instance	sum_timer_write	bigint unsigned	*
C	performance_schema	socket_summary_by_instance	min_timer_write	bigint unsigned	*
C	performance_schema	socket_summary_by_instance	avg_timer_write	bigint unsigned	*
C	performance_schema	socket_summary_by_instance	max_timer_write	bigint unsigned	*
C	performance_schema	socket_summary_by_instance	sum_number_of_bytes_write	bigint unsigned	*
C	performance_schema	socket_summary_by_instance	count_misc	bigint unsigned	*
C	performance_schema	socket_summary_by_instance	sum_timer_misc	bigint unsigned	*
C	performance_schema	socket_summary_by_instance	min_timer_misc	bigint unsigned	*
C	performance_schema	socket_summary_by_instance	avg_timer_misc	bigint unsigned	*
C	performance_schema	socket_summary_by_instance	max_timer_misc	bigint unsigned	*
C	performance_schema	status_by_account	user	char(32)	*
C	performance_schema	status_by_account	host	char(255)	*
C	performance_schema	status_by_account	variable_name	varchar(64)	*
C	performance_schema	status_by_account	variable_value	varchar(1024)	*
C	performance_schema	status_by_host	host	char(255)	*
C	performance_schema	status_by_host	variable_name	varchar(64)	*
C	performance_schema	status_by_host	variable_value	varchar(1024)	*
C	performance_schema	status_by_thread	thread_id	bigint unsigned	*
C	performance_schema	status_by_thread	variable_name	varchar(64)	*
C	performance_schema	status_by_thread	variable_value	varchar(1024)	*
C	performance_schema	status_by_user	user	char(32)	*
C	performance_schema	status_by_user	variable_name	varchar(64)	*
C	performance_schema	status_by_user	variable_value	varchar(1024)	*
C	performance_schema	table_handles	object_type	varchar(64)	*
C	performance_schema	table_handles	object_schema	varchar(64)	*
C	performance_schema	table_handles	object_name	varchar(64)	*
C	performance_schema	table_handles	object_instance_begin	bigint unsigned	*
C	performance_schema	table_handles	owner_thread_id	bigint unsigned	*
C	performance_schema	table_handles	owner_event_id	bigint unsigned	*
C	performance_schema	table_handles	internal_lock	varchar(64)	*
C	performance_schema	table_handles	external_lock	varchar(64)	*
C	performance_schema	table_io_waits_summary_by_index_usage	object_type	varchar(64)	*
C	performance_schema	table_io_waits_summary_by_index_usage	object_schema	varchar(64)	*
C	performance_schema	table_io_waits_summary_by_index_usage	object_name	varchar(64)	*
C	performance_schema	table_io_waits_summary_by_index_usage	index_name	varchar(64)	*
C	performance_schema	table_io_waits_summary_by_index_usage	count_star	bigint unsigned	*
C	performance_schema	table_io_waits_summary_by_index_usage	sum_timer_wait	bigint unsigned	*
C	performance_schema	table_io_waits_summary_by_index_usage	min_timer_wait	bigint unsigned	*
C	performance_schema	table_io_waits_summary_by_index_usage	avg_timer_wait	bigint unsigned	*
C	performance_schema	table_io_waits_summary_by_index_usage	max_timer_wait	bigint unsigned	*
C	performance_schema	table_io_waits_summary_by_index_usage	count_read	bigint unsigned	*
C	performance_schema	table_io_waits_summary_by_index_usage	sum_timer_read	bigint unsigned	*
C	performance_schema	table_io_waits_summary_by_index_usage	min_timer_read	bigint unsigned	*
C	performance_schema	table_io_waits_summary_by_index_usage	avg_timer_read	bigint unsigned	*
C	performance_schema	table_io_waits_summary_by_index_usage	max_timer_read	bigint unsigned	*
C	performance_schema	table_io_waits_summary_by_index_usage	count_write	bigint unsigned	*
C	performance_schema	table_io_waits_summary_by_index_usage	sum_timer_write	bigint unsigned	*
C	performance_schema	table_io_waits_summary_by_index_usage	min_timer_write	bigint unsigned	*
C	performance_schema	table_io_waits_summary_by_index_usage	avg_timer_write	bigint unsigned	*
C	performance_schema	table_io_waits_summary_by_index_usage	max_timer_write	bigint unsigned	*
C	performance_schema	table_io_waits_summary_by_index_usage	count_fetch	bigint unsigned	*
C	performance_schema	table_io_waits_summary_by_index_usage	sum_timer_fetch	bigint unsigned	*
C	performance_schema	table_io_waits_summary_by_index_usage	min_timer_fetch	bigint unsigned	*
C	performance_schema	table_io_waits_summary_by_index_usage	avg_timer_fetch	bigint unsigned	*
C	performance_schema	table_io_waits_summary_by_index_usage	max_timer_fetch	bigint unsigned	*
C	performance_schema	table_io_waits_summary_by_index_usage	count_insert	bigint unsigned	*
C	performance_schema	table_io_waits_summary_by_index_usage	sum_timer_insert	bigint unsigned	*
C	performance_schema	table_io_waits_summary_by_index_usage	min_timer_insert	bigint unsigned	*
C	performance_schema	table_io_waits_summary_by_index_usage	avg_timer_insert	bigint unsigned	*
C	performance_schema	table_io_waits_summary_by_index_usage	max_timer_insert	bigint unsigned	*
C	performance_schema	table_io_waits_summary_by_index_usage	count_update	bigint unsigned	*
C	performance_schema	table_io_waits_summary_by_index_usage	sum_timer_update	bigint unsigned	*
C	performance_schema	table_io_waits_summary_by_index_usage	min_timer_update	bigint unsigned	*
C	performance_schema	table_io_waits_summary_by_index_usage	avg_timer_update	bigint unsigned	*
C	performance_schema	table_io_waits_summary_by_index_usage	max_timer_update	bigint unsigned	*
C	performance_schema	table_io_waits_summary_by_index_usage	count_delete	bigint unsigned	*
C	performance_schema	table_io_waits_summary_by_index_usage	sum_timer_delete	bigint unsigned	*
C	performance_schema	table_io_waits_summary_by_index_usage	min_timer_delete	bigint unsigned	*
C	performance_schema	table_io_waits_summary_by_index_usage	avg_timer_delete	bigint unsigned	*
C	performance_schema	table_io_waits_summary_by_index_usage	max_timer_delete	bigint unsigned	*
C	performance_schema	table_io_waits_summary_by_table	object_type	varchar(64)	*
C	performance_schema	table_io_waits_summary_by_table	object_schema	varchar(64)	*
C	performance_schema	table_io_waits_summary_by_table	object_name	varchar(64)	*
C	performance_schema	table_io_waits_summary_by_table	count_star	bigint unsigned	*
C	performance_schema	table_io_waits_summary_by_table	sum_timer_wait	bigint unsigned	*
C	performance_schema	table_io_waits_summary_by_table	min_timer_wait	bigint unsigned	*
C	performance_schema	table_io_waits_summary_by_table	avg_timer_wait	bigint unsigned	*
C	performance_schema	table_io_waits_summary_by_table	max_timer_wait	bigint unsigned	*
C	performance_schema	table_io_waits_summary_by_table	count_read	bigint unsigned	*
C	performance_schema	table_io_waits_summary_by_table	sum_timer_read	bigint unsigned	*
C	performance_schema	table_io_waits_summary_by_table	min_timer_read	bigint unsigned	*
C	performance_schema	table_io_waits_summary_by_table	avg_timer_read	bigint unsigned	*
C	performance_schema	table_io_waits_summary_by_table	max_timer_read	bigint unsigned	*
C	performance_schema	table_io_waits_summary_by_table	count_write	bigint unsigned	*
C	performance_schema	table_io_waits_summary_by_table	sum_timer_write	bigint unsigned	*
C	performance_schema	table_io_waits_summary_by_table	min_timer_write	bigint unsigned	*
C	performance_schema	table_io_waits_summary_by_table	avg_timer_write	bigint unsigned	*
C	performance_schema	table_io_waits_summary_by_table	max_timer_write	bigint unsigned	*
C	performance_schema	table_io_waits_summary_by_table	count_fetch	bigint unsigned	*
C	performance_schema	table_io_waits_summary_by_table	sum_timer_fetch	bigint unsigned	*
C	performance_schema	table_io_waits_summary_by_table	min_timer_fetch	bigint unsigned	*
C	performance_schema	table_io_waits_summary_by_table	avg_timer_fetch	bigint unsigned	*
C	performance_schema	table_io_waits_summary_by_table	max_timer_fetch	bigint unsigned	*
C	performance_schema	table_io_waits_summary_by_table	count_insert	bigint unsigned	*
C	performance_schema	table_io_waits_summary_by_table	sum_timer_insert	bigint unsigned	*
C	performance_schema	table_io_waits_summary_by_table	min_timer_insert	bigint unsigned	*
C	performance_schema	table_io_waits_summary_by_table	avg_timer_insert	bigint unsigned	*
C	performance_schema	table_io_waits_summary_by_table	max_timer_insert	bigint unsigned	*
C	performance_schema	table_io_waits_summary_by_table	count_update	bigint unsigned	*
C	performance_schema	table_io_waits_summary_by_table	sum_timer_update	bigint unsigned	*
C	performance_schema	table_io_waits_summary_by_table	min_timer_update	bigint unsigned	*
C	performance_schema	table_io_waits_summary_by_table	avg_timer_update	bigint unsigned	*
C	performance_schema	table_io_waits_summary_by_table	max_timer_update	bigint unsigned	*
C	performance_schema	table_io_waits_summary_by_table	count_delete	bigint unsigned	*
C	performance_schema	table_io_waits_summary_by_table	sum_timer_delete	bigint unsigned	*
C	performance_schema	table_io_waits_summary_by_table	min_timer_delete	bigint unsigned	*
C	performance_schema	table_io_waits_summary_by_table	avg_timer_delete	bigint unsigned	*
C	performance_schema	table_io_waits_summary_by_table	max_timer_delete	bigint unsigned	*
C	performance_schema	table_lock_waits_summary_by_table	object_type	varchar(64)	*
C	performance_schema	table_lock_waits_summary_by_table	object_schema	varchar(64)	*
C	performance_schema	table_lock_waits_summary_by_table	object_name	varchar(64)	*
C	performance_schema	table_lock_waits_summary_by_table	count_star	bigint unsigned	*
C	performance_schema	table_lock_waits_summary_by_table	sum_timer_wait	bigint unsigned	*
C	performance_schema	table_lock_waits_summary_by_table	min_timer_wait	bigint unsigned	*
C	performance_schema	table_lock_waits_summary_by_table	avg_timer_wait	bigint unsigned	*
C	performance_schema	table_lock_waits_summary_by_table	max_timer_wait	bigint unsigned	*
C	performance_schema	table_lock_waits_summary_by_table	count_read	bigint unsigned	*
C	performance_schema	table_lock_waits_summary_by_table	sum_timer_read	bigint unsigned	*
C	performance_schema	table_lock_waits_summary_by_table	min_timer_read	bigint unsigned	*
C	performance_schema	table_lock_waits_summary_by_table	avg_timer_read	bigint unsigned	*
C	performance_schema	table_lock_waits_summary_by_table	max_timer_read	bigint unsigned	*
C	performance_schema	table_lock_waits_summary_by_table	count_write	bigint unsigned	*
C	performance_schema	table_lock_waits_summary_by_table	sum_timer_write	bigint unsigned	*
C	performance_schema	table_lock_waits_summary_by_table	min_timer_write	bigint unsigned	*
C	performance_schema	table_lock_waits_summary_by_table	avg_timer_write	bigint unsigned	*
C	performance_schema	table_lock_waits_summary_by_table	max_timer_write	bigint unsigned	*
C	performance_schema	table_lock_waits_summary_by_table	count_read_normal	bigint unsigned	*
C	performance_schema	table_lock_waits_summary_by_table	sum_timer_read_normal	bigint unsigned	*
C	performance_schema	table_lock_waits_summary_by_table	min_timer_read_normal	bigint unsigned	*
C	performance_schema	table_lock_waits_summary_by_table	avg_timer_read_normal	bigint unsigned	*
C	performance_schema	table_lock_waits_summary_by_table	max_timer_read_normal	bigint unsigned	*
C	performance_schema	table_lock_waits_summary_by_table	count_read_with_shared_locks	bigint unsigned	*
C	performance_schema	table_lock_waits_summary_by_table	sum_timer_read_with_shared_locks	bigint unsigned	*
C	performance_schema	table_lock_waits_summary_by_table	min_timer_read_with_shared_locks	bigint unsigned	*
C	performance_schema	table_lock_waits_summary_by_table	avg_timer_read_with_shared_locks	bigint unsigned	*
C	performance_schema	table_lock_waits_summary_by_table	max_timer_read_with_shared_locks	bigint unsigned	*
C	performance_schema	table_lock_waits_summary_by_table	count_read_high_priority	bigint unsigned	*
C	performance_schema	table_lock_waits_summary_by_table	sum_timer_read_high_priority	bigint unsigned	*
C	performance_schema	table_lock_waits_summary_by_table	min_timer_read_high_priority	bigint unsigned	*
C	performance_schema	table_lock_waits_summary_by_table	avg_timer_read_high_priority	bigint unsigned	*
C	performance_schema	table_lock_waits_summary_by_table	max_timer_read_high_priority	bigint unsigned	*
C	performance_schema	table_lock_waits_summary_by_table	count_read_no_insert	bigint unsigned	*
C	performance_schema	table_lock_waits_summary_by_table	sum_timer_read_no_insert	bigint unsigned	*
C	performance_schema	table_lock_waits_summary_by_table	min_timer_read_no_insert	bigint unsigned	*
C	performance_schema	table_lock_waits_summary_by_table	avg_timer_read_no_insert	bigint unsigned	*
C	performance_schema	table_lock_waits_summary_by_table	max_timer_read_no_insert	bigint unsigned	*
C	performance_schema	table_lock_waits_summary_by_table	count_read_external	bigint unsigned	*
C	performance_schema	table_lock_waits_summary_by_table	sum_timer_read_external	bigint unsigned	*
C	performance_schema	table_lock_waits_summary_by_table	min_timer_read_external	bigint unsigned	*
C	performance_schema	table_lock_waits_summary_by_table	avg_timer_read_external	bigint unsigned	*
C	performance_schema	table_lock_waits_summary_by_table	max_timer_read_external	bigint unsigned	*
C	performance_schema	table_lock_waits_summary_by_table	count_write_allow_write	bigint unsigned	*
C	performance_schema	table_lock_waits_summary_by_table	sum_timer_write_allow_write	bigint unsigned	*
C	performance_schema	table_lock_waits_summary_by_table	min_timer_write_allow_write	bigint unsigned	*
C	performance_schema	table_lock_waits_summary_by_table	avg_timer_write_allow_write	bigint unsigned	*
C	performance_schema	table_lock_waits_summary_by_table	max_timer_write_allow_write	bigint unsigned	*
C	performance_schema	table_lock_waits_summary_by_table	count_write_concurrent_insert	bigint unsigned	*
C	performance_schema	table_lock_waits_summary_by_table	sum_timer_write_concurrent_insert	bigint unsigned	*
C	performance_schema	table_lock_waits_summary_by_table	min_timer_write_concurrent_insert	bigint unsigned	*
C	performance_schema	table_lock_waits_summary_by_table	avg_timer_write_concurrent_insert	bigint unsigned	*
C	performance_schema	table_lock_waits_summary_by_table	max_timer_write_concurrent_insert	bigint unsigned	*
C	performance_schema	table_lock_waits_summary_by_table	count_write_low_priority	bigint unsigned	*
C	performance_schema	table_lock_waits_summary_by_table	sum_timer_write_low_priority	bigint unsigned	*
C	performance_schema	table_lock_waits_summary_by_table	min_timer_write_low_priority	bigint unsigned	*
C	performance_schema	table_lock_waits_summary_by_table	avg_timer_write_low_priority	bigint unsigned	*
C	performance_schema	table_lock_waits_summary_by_table	max_timer_write_low_priority	bigint unsigned	*
C	performance_schema	table_lock_waits_summary_by_table	count_write_normal	bigint unsigned	*
C	performance_schema	table_lock_waits_summary_by_table	sum_timer_write_normal	bigint unsigned	*
C	performance_schema	table_lock_waits_summary_by_table	min_timer_write_normal	bigint unsigned	*
C	performance_schema	table_lock_waits_summary_by_table	avg_timer_write_normal	bigint unsigned	*
C	performance_schema	table_lock_waits_summary_by_table	max_timer_write_normal	bigint unsigned	*
C	performance_schema	table_lock_waits_summary_by_table	count_write_external	bigint unsigned	*
C	performance_schema	table_lock_waits_summary_by_table	sum_timer_write_external	bigint unsigned	*
C	performance_schema	table_lock_waits_summary_by_table	min_timer_write_external	bigint unsigned	*
C	performance_schema	table_lock_waits_summary_by_table	avg_timer_write_external	bigint unsigned	*
C	performance_schema	table_lock_waits_summary_by_table	max_timer_write_external	bigint unsigned	*
C	performance_schema	threads	thread_id	bigint unsigned	*
C	performance_schema	threads	name	varchar(128)	*
C	performance_schema	threads	type	varchar(10)	*
C	performance_schema	threads	processlist_id	bigint unsigned	*
C	performance_schema	threads	processlist_user	varchar(32)	*
C	performance_schema	threads	processlist_host	varchar(255)	*
C	performance_schema	threads	processlist_db	varchar(64)	*
C	performance_schema	threads	processlist_command	varchar(16)	*
C	performance_schema	threads	processlist_time	bigint	*
C	performance_schema	threads	processlist_state	varchar(64)	*
C	performance_schema	threads	processlist_info	longtext	*
C	performance_schema	threads	parent_thread_id	bigint unsigned	*
C	performance_schema	threads	role	varchar(64)	*
C	performance_schema	threads	instrumented	enum('YES','NO')	*
C	performance_schema	threads	history	enum('YES','NO')	*
C	performance_schema	threads	connection_type	varchar(16)	*
C	performance_schema	threads	thread_os_id	bigint unsigned	*
C	performance_schema	threads	resource_group	varchar(64)	*
C	performance_schema	threads	execution_engine	enum('PRIMARY','SECONDARY')	*
C	performance_schema	threads	controlled_memory	bigint unsigned	*
C	performance_schema	threads	max_controlled_memory	bigint unsigned	*
C	performance_schema	threads	total_memory	bigint unsigned	*
C	performance_schema	threads	max_total_memory	bigint unsigned	*
C	performance_schema	threads	telemetry_active	enum('YES','NO')	*
C	performance_schema	tls_channel_status	channel	varchar(128)	*
C	performance_schema	tls_channel_status	property	varchar(128)	*
C	performance_schema	tls_channel_status	value	varchar(2048)	*
C	performance_schema	user_defined_functions	udf_name	varchar(64)	*
C	performance_schema	user_defined_functions	udf_return_type	varchar(20)	*
C	performance_schema	user_defined_functions	udf_type	varchar(20)	*
C	performance_schema	user_defined_functions	udf_library	varchar(1024)	*
C	performance_schema	user_defined_functions	udf_usage_count	bigint	*
C	performance_schema	user_variables_by_thread	thread_id	bigint unsigned	*
C	performance_schema	user_variables_by_thread	variable_name	varchar(64)	*
C	performance_schema	user_variables_by_thread	variable_value	longblob	*
C	performance_schema	users	user	char(32)	*
C	performance_schema	users	current_connections	bigint	*
C	performance_schema	users	total_connections	bigint	*
C	performance_schema	users	max_session_controlled_memory	bigint unsigned	*
C	performance_schema	users	max_session_total_memory	bigint unsigned	*
C	performance_schema	variables_by_thread	thread_id	bigint unsigned	*
C	performance_schema	variables_by_thread	variable_name	varchar(64)	*
C	performance_schema	variables_by_thread	variable_value	varchar(1024)	*
C	performance_schema	variables_info	variable_name	varchar(64)	*
C	performance_schema	variables_info	variable_source	enum('COMPILED','GLOBAL','SERVER','EXPLICIT','EXTRA','USER','LOGIN','COMMAND_LINE','PERSISTED','DYNAMIC')	*
C	performance_schema	variables_info	variable_path	varchar(1024)	*
C	performance_schema	variables_info	min_value	varchar(64)	*
C	performance_schema	variables_info	max_value	varchar(64)	*
C	performance_schema	variables_info	set_time	timestamp(6)	*
C	performance_schema	variables_info	set_user	char(32)	*
C	performance_schema	variables_info	set_host	char(255)	*
C	sys	host_summary	host	varchar(255)	*
C	sys	host_summary	statements	decimal(64,0)	*
C	sys	host_summary	statement_latency	varchar(11)	*
C	sys	host_summary	statement_avg_latency	varchar(11)	*
C	sys	host_summary	table_scans	decimal(65,0)	*
C	sys	host_summary	file_ios	decimal(64,0)	*
C	sys	host_summary	file_io_latency	varchar(11)	*
C	sys	host_summary	current_connections	decimal(41,0)	*
C	sys	host_summary	total_connections	decimal(41,0)	*
C	sys	host_summary	unique_users	bigint	*
C	sys	host_summary	current_memory	varchar(11)	*
C	sys	host_summary	total_memory_allocated	varchar(11)	*
C	sys	host_summary_by_file_io	host	varchar(255)	*
C	sys	host_summary_by_file_io	ios	decimal(42,0)	*
C	sys	host_summary_by_file_io	io_latency	varchar(11)	*
C	sys	host_summary_by_file_io_type	host	varchar(255)	*
C	sys	host_summary_by_file_io_type	event_name	varchar(128)	*
C	sys	host_summary_by_file_io_type	total	bigint unsigned	*
C	sys	host_summary_by_file_io_type	total_latency	varchar(11)	*
C	sys	host_summary_by_file_io_type	max_latency	varchar(11)	*
C	sys	host_summary_by_stages	host	varchar(255)	*
C	sys	host_summary_by_stages	event_name	varchar(128)	*
C	sys	host_summary_by_stages	total	bigint unsigned	*
C	sys	host_summary_by_stages	total_latency	varchar(11)	*
C	sys	host_summary_by_stages	avg_latency	varchar(11)	*
C	sys	host_summary_by_statement_latency	host	varchar(255)	*
C	sys	host_summary_by_statement_latency	total	decimal(42,0)	*
C	sys	host_summary_by_statement_latency	total_latency	varchar(11)	*
C	sys	host_summary_by_statement_latency	max_latency	varchar(11)	*
C	sys	host_summary_by_statement_latency	lock_latency	varchar(11)	*
C	sys	host_summary_by_statement_latency	cpu_latency	varchar(11)	*
C	sys	host_summary_by_statement_latency	rows_sent	decimal(42,0)	*
C	sys	host_summary_by_statement_latency	rows_examined	decimal(42,0)	*
C	sys	host_summary_by_statement_latency	rows_affected	decimal(42,0)	*
C	sys	host_summary_by_statement_latency	full_scans	decimal(43,0)	*
C	sys	host_summary_by_statement_type	host	varchar(255)	*
C	sys	host_summary_by_statement_type	statement	varchar(128)	*
C	sys	host_summary_by_statement_type	total	bigint unsigned	*
C	sys	host_summary_by_statement_type	total_latency	varchar(11)	*
C	sys	host_summary_by_statement_type	max_latency	varchar(11)	*
C	sys	host_summary_by_statement_type	lock_latency	varchar(11)	*
C	sys	host_summary_by_statement_type	cpu_latency	varchar(11)	*
C	sys	host_summary_by_statement_type	rows_sent	bigint unsigned	*
C	sys	host_summary_by_statement_type	rows_examined	bigint unsigned	*
C	sys	host_summary_by_statement_type	rows_affected	bigint unsigned	*
C	sys	host_summary_by_statement_type	full_scans	bigint unsigned	*
C	sys	innodb_buffer_stats_by_schema	object_schema	text	*
C	sys	innodb_buffer_stats_by_schema	allocated	varchar(11)	*
C	sys	innodb_buffer_stats_by_schema	data	varchar(11)	*
C	sys	innodb_buffer_stats_by_schema	pages	bigint	*
C	sys	innodb_buffer_stats_by_schema	pages_hashed	bigint	*
C	sys	innodb_buffer_stats_by_schema	pages_old	bigint	*
C	sys	innodb_buffer_stats_by_schema	rows_cached	decimal(45,0)	*
C	sys	innodb_buffer_stats_by_table	object_schema	text	*
C	sys	innodb_buffer_stats_by_table	object_name	text	*
C	sys	innodb_buffer_stats_by_table	allocated	varchar(11)	*
C	sys	innodb_buffer_stats_by_table	data	varchar(11)	*
C	sys	innodb_buffer_stats_by_table	pages	bigint	*
C	sys	innodb_buffer_stats_by_table	pages_hashed	bigint	*
C	sys	innodb_buffer_stats_by_table	pages_old	bigint	*
C	sys	innodb_buffer_stats_by_table	rows_cached	decimal(45,0)	*
C	sys	innodb_lock_waits	wait_started	datetime	*
C	sys	innodb_lock_waits	wait_age	time	*
C	sys	innodb_lock_waits	wait_age_secs	bigint	*
C	sys	innodb_lock_waits	locked_table	mediumtext	*
C	sys	innodb_lock_waits	locked_table_schema	varchar(64)	*
C	sys	innodb_lock_waits	locked_table_name	varchar(64)	*
C	sys	innodb_lock_waits	locked_table_partition	varchar(64)	*
C	sys	innodb_lock_waits	locked_table_subpartition	varchar(64)	*
C	sys	innodb_lock_waits	locked_index	varchar(64)	*
C	sys	innodb_lock_waits	locked_type	varchar(32)	*
C	sys	innodb_lock_waits	waiting_trx_id	bigint unsigned	*
C	sys	innodb_lock_waits	waiting_trx_started	datetime	*
C	sys	innodb_lock_waits	waiting_trx_age	time	*
C	sys	innodb_lock_waits	waiting_trx_rows_locked	bigint unsigned	*
C	sys	innodb_lock_waits	waiting_trx_rows_modified	bigint unsigned	*
C	sys	innodb_lock_waits	waiting_pid	bigint unsigned	*
C	sys	innodb_lock_waits	waiting_query	longtext	*
C	sys	innodb_lock_waits	waiting_lock_id	varchar(128)	*
C	sys	innodb_lock_waits	waiting_lock_mode	varchar(32)	*
C	sys	innodb_lock_waits	blocking_trx_id	bigint unsigned	*
C	sys	innodb_lock_waits	blocking_pid	bigint unsigned	*
C	sys	innodb_lock_waits	blocking_query	longtext	*
C	sys	innodb_lock_waits	blocking_lock_id	varchar(128)	*
C	sys	innodb_lock_waits	blocking_lock_mode	varchar(32)	*
C	sys	innodb_lock_waits	blocking_trx_started	datetime	*
C	sys	innodb_lock_waits	blocking_trx_age	time	*
C	sys	innodb_lock_waits	blocking_trx_rows_locked	bigint unsigned	*
C	sys	innodb_lock_waits	blocking_trx_rows_modified	bigint unsigned	*
C	sys	innodb_lock_waits	sql_kill_blocking_query	varchar(33)	*
C	sys	innodb_lock_waits	sql_kill_blocking_connection	varchar(27)	*
C	sys	io_by_thread_by_latency	user	varchar(288)	*
C	sys	io_by_thread_by_latency	total	decimal(42,0)	*
C	sys	io_by_thread_by_latency	total_latency	varchar(11)	*
C	sys	io_by_thread_by_latency	min_latency	varchar(11)	*
C	sys	io_by_thread_by_latency	avg_latency	varchar(11)	*
C	sys	io_by_thread_by_latency	max_latency	varchar(11)	*
C	sys	io_by_thread_by_latency	thread_id	bigint unsigned	*
C	sys	io_by_thread_by_latency	processlist_id	bigint unsigned	*
C	sys	io_global_by_file_by_bytes	file	varchar(512)	*
C	sys	io_global_by_file_by_bytes	count_read	bigint unsigned	*
C	sys	io_global_by_file_by_bytes	total_read	varchar(11)	*
C	sys	io_global_by_file_by_bytes	avg_read	varchar(11)	*
C	sys	io_global_by_file_by_bytes	count_write	bigint unsigned	*
C	sys	io_global_by_file_by_bytes	total_written	varchar(11)	*
C	sys	io_global_by_file_by_bytes	avg_write	varchar(11)	*
C	sys	io_global_by_file_by_bytes	total	varchar(11)	*
C	sys	io_global_by_file_by_bytes	write_pct	decimal(26,2)	*
C	sys	io_global_by_file_by_latency	file	varchar(512)	*
C	sys	io_global_by_file_by_latency	total	bigint unsigned	*
C	sys	io_global_by_file_by_latency	total_latency	varchar(11)	*
C	sys	io_global_by_file_by_latency	count_read	bigint unsigned	*
C	sys	io_global_by_file_by_latency	read_latency	varchar(11)	*
C	sys	io_global_by_file_by_latency	count_write	bigint unsigned	*
C	sys	io_global_by_file_by_latency	write_latency	varchar(11)	*
C	sys	io_global_by_file_by_latency	count_misc	bigint unsigned	*
C	sys	io_global_by_file_by_latency	misc_latency	varchar(11)	*
C	sys	io_global_by_wait_by_bytes	event_name	varchar(128)	*
C	sys	io_global_by_wait_by_bytes	total	bigint unsigned	*
C	sys	io_global_by_wait_by_bytes	total_latency	varchar(11)	*
C	sys	io_global_by_wait_by_bytes	min_latency	varchar(11)	*
C	sys	io_global_by_wait_by_bytes	avg_latency	varchar(11)	*
C	sys	io_global_by_wait_by_bytes	max_latency	varchar(11)	*
C	sys	io_global_by_wait_by_bytes	count_read	bigint unsigned	*
C	sys	io_global_by_wait_by_bytes	total_read	varchar(11)	*
C	sys	io_global_by_wait_by_bytes	avg_read	varchar(11)	*
C	sys	io_global_by_wait_by_bytes	count_write	bigint unsigned	*
C	sys	io_global_by_wait_by_bytes	total_written	varchar(11)	*
C	sys	io_global_by_wait_by_bytes	avg_written	varchar(11)	*
C	sys	io_global_by_wait_by_bytes	total_requested	varchar(11)	*
C	sys	io_global_by_wait_by_latency	event_name	varchar(128)	*
C	sys	io_global_by_wait_by_latency	total	bigint unsigned	*
C	sys	io_global_by_wait_by_latency	total_latency	varchar(11)	*
C	sys	io_global_by_wait_by_latency	avg_latency	varchar(11)	*
C	sys	io_global_by_wait_by_latency	max_latency	varchar(11)	*
C	sys	io_global_by_wait_by_latency	read_latency	varchar(11)	*
C	sys	io_global_by_wait_by_latency	write_latency	varchar(11)	*
C	sys	io_global_by_wait_by_latency	misc_latency	varchar(11)	*
C	sys	io_global_by_wait_by_latency	count_read	bigint unsigned	*
C	sys	io_global_by_wait_by_latency	total_read	varchar(11)	*
C	sys	io_global_by_wait_by_latency	avg_read	varchar(11)	*
C	sys	io_global_by_wait_by_latency	count_write	bigint unsigned	*
C	sys	io_global_by_wait_by_latency	total_written	varchar(11)	*
C	sys	io_global_by_wait_by_latency	avg_written	varchar(11)	*
C	sys	latest_file_io	thread	varchar(317)	*
C	sys	latest_file_io	file	varchar(512)	*
C	sys	latest_file_io	latency	varchar(11)	*
C	sys	latest_file_io	operation	varchar(32)	*
C	sys	latest_file_io	requested	varchar(11)	*
C	sys	memory_by_host_by_current_bytes	host	varchar(255)	*
C	sys	memory_by_host_by_current_bytes	current_count_used	decimal(41,0)	*
C	sys	memory_by_host_by_current_bytes	current_allocated	varchar(11)	*
C	sys	memory_by_host_by_current_bytes	current_avg_alloc	varchar(11)	*
C	sys	memory_by_host_by_current_bytes	current_max_alloc	varchar(11)	*
C	sys	memory_by_host_by_current_bytes	total_allocated	varchar(11)	*
C	sys	memory_by_thread_by_current_bytes	thread_id	bigint unsigned	*
C	sys	memory_by_thread_by_current_bytes	user	varchar(288)	*
C	sys	memory_by_thread_by_current_bytes	current_count_used	decimal(41,0)	*
C	sys	memory_by_thread_by_current_bytes	current_allocated	varchar(11)	*
C	sys	memory_by_thread_by_current_bytes	current_avg_alloc	varchar(11)	*
C	sys	memory_by_thread_by_current_bytes	current_max_alloc	varchar(11)	*
C	sys	memory_by_thread_by_current_bytes	total_allocated	varchar(11)	*
C	sys	memory_by_user_by_current_bytes	user	varchar(32)	*
C	sys	memory_by_user_by_current_bytes	current_count_used	decimal(41,0)	*
C	sys	memory_by_user_by_current_bytes	current_allocated	varchar(11)	*
C	sys	memory_by_user_by_current_bytes	current_avg_alloc	varchar(11)	*
C	sys	memory_by_user_by_current_bytes	current_max_alloc	varchar(11)	*
C	sys	memory_by_user_by_current_bytes	total_allocated	varchar(11)	*
C	sys	memory_global_by_current_bytes	event_name	varchar(128)	*
C	sys	memory_global_by_current_bytes	current_count	bigint	*
C	sys	memory_global_by_current_bytes	current_alloc	varchar(11)	*
C	sys	memory_global_by_current_bytes	current_avg_alloc	varchar(11)	*
C	sys	memory_global_by_current_bytes	high_count	bigint	*
C	sys	memory_global_by_current_bytes	high_alloc	varchar(11)	*
C	sys	memory_global_by_current_bytes	high_avg_alloc	varchar(11)	*
C	sys	memory_global_total	total_allocated	varchar(11)	*
C	sys	metrics	variable_name	varchar(193)	*
C	sys	metrics	variable_value	text	*
C	sys	metrics	type	varchar(210)	*
C	sys	metrics	enabled	varchar(7)	*
C	sys	processlist	thd_id	bigint unsigned	*
C	sys	processlist	conn_id	bigint unsigned	*
C	sys	processlist	user	varchar(288)	*
C	sys	processlist	db	varchar(64)	*
C	sys	processlist	command	varchar(16)	*
C	sys	processlist	state	varchar(64)	*
C	sys	processlist	time	bigint	*
C	sys	processlist	current_statement	longtext	*
C	sys	processlist	execution_engine	enum('PRIMARY','SECONDARY')	*
C	sys	processlist	statement_latency	varchar(11)	*
C	sys	processlist	progress	decimal(26,2)	*
C	sys	processlist	lock_latency	varchar(11)	*
C	sys	processlist	cpu_latency	varchar(11)	*
C	sys	processlist	rows_examined	bigint unsigned	*
C	sys	processlist	rows_sent	bigint unsigned	*
C	sys	processlist	rows_affected	bigint unsigned	*
C	sys	processlist	tmp_tables	bigint unsigned	*
C	sys	processlist	tmp_disk_tables	bigint unsigned	*
C	sys	processlist	full_scan	varchar(3)	*
C	sys	processlist	last_statement	longtext	*
C	sys	processlist	last_statement_latency	varchar(11)	*
C	sys	processlist	current_memory	varchar(11)	*
C	sys	processlist	last_wait	varchar(128)	*
C	sys	processlist	last_wait_latency	varchar(13)	*
C	sys	processlist	source	varchar(64)	*
C	sys	processlist	trx_latency	varchar(11)	*
C	sys	processlist	trx_state	enum('ACTIVE','COMMITTED','ROLLED BACK')	*
C	sys	processlist	trx_autocommit	enum('YES','NO')	*
C	sys	processlist	pid	varchar(1024)	*
C	sys	processlist	program_name	varchar(1024)	*
C	sys	ps_check_lost_instrumentation	variable_name	varchar(64)	*
C	sys	ps_check_lost_instrumentation	variable_value	varchar(1024)	*
C	sys	schema_auto_increment_columns	table_schema	varchar(64)	*
C	sys	schema_auto_increment_columns	table_name	varchar(64)	*
C	sys	schema_auto_increment_columns	column_name	varchar(64)	*
C	sys	schema_auto_increment_columns	data_type	longtext	*
C	sys	schema_auto_increment_columns	column_type	mediumtext	*
C	sys	schema_auto_increment_columns	is_signed	int	*
C	sys	schema_auto_increment_columns	is_unsigned	int	*
C	sys	schema_auto_increment_columns	max_value	bigint unsigned	*
C	sys	schema_auto_increment_columns	auto_increment	bigint unsigned	*
C	sys	schema_auto_increment_columns	auto_increment_ratio	decimal(25,4) unsigned	*
C	sys	schema_index_statistics	table_schema	varchar(64)	*
C	sys	schema_index_statistics	table_name	varchar(64)	*
C	sys	schema_index_statistics	index_name	varchar(64)	*
C	sys	schema_index_statistics	rows_selected	bigint unsigned	*
C	sys	schema_index_statistics	select_latency	varchar(11)	*
C	sys	schema_index_statistics	rows_inserted	bigint unsigned	*
C	sys	schema_index_statistics	insert_latency	varchar(11)	*
C	sys	schema_index_statistics	rows_updated	bigint unsigned	*
C	sys	schema_index_statistics	update_latency	varchar(11)	*
C	sys	schema_index_statistics	rows_deleted	bigint unsigned	*
C	sys	schema_index_statistics	delete_latency	varchar(11)	*
C	sys	schema_object_overview	db	varchar(64)	*
C	sys	schema_object_overview	object_type	varchar(19)	*
C	sys	schema_object_overview	count	bigint	*
C	sys	schema_redundant_indexes	table_schema	varchar(64)	*
C	sys	schema_redundant_indexes	table_name	varchar(64)	*
C	sys	schema_redundant_indexes	redundant_index_name	varchar(64)	*
C	sys	schema_redundant_indexes	redundant_index_columns	text	*
C	sys	schema_redundant_indexes	redundant_index_non_unique	int	*
C	sys	schema_redundant_indexes	dominant_index_name	varchar(64)	*
C	sys	schema_redundant_indexes	dominant_index_columns	text	*
C	sys	schema_redundant_indexes	dominant_index_non_unique	int	*
C	sys	schema_redundant_indexes	subpart_exists	int	*
C	sys	schema_redundant_indexes	sql_drop_index	varchar(223)	*
C	sys	schema_table_lock_waits	object_schema	varchar(64)	*
C	sys	schema_table_lock_waits	object_name	varchar(64)	*
C	sys	schema_table_lock_waits	waiting_thread_id	bigint unsigned	*
C	sys	schema_table_lock_waits	waiting_pid	bigint unsigned	*
C	sys	schema_table_lock_waits	waiting_account	text	*
C	sys	schema_table_lock_waits	waiting_lock_type	varchar(32)	*
C	sys	schema_table_lock_waits	waiting_lock_duration	varchar(32)	*
C	sys	schema_table_lock_waits	waiting_query	longtext	*
C	sys	schema_table_lock_waits	waiting_query_secs	bigint	*
C	sys	schema_table_lock_waits	waiting_query_rows_affected	bigint unsigned	*
C	sys	schema_table_lock_waits	waiting_query_rows_examined	bigint unsigned	*
C	sys	schema_table_lock_waits	blocking_thread_id	bigint unsigned	*
C	sys	schema_table_lock_waits	blocking_pid	bigint unsigned	*
C	sys	schema_table_lock_waits	blocking_account	text	*
C	sys	schema_table_lock_waits	blocking_lock_type	varchar(32)	*
C	sys	schema_table_lock_waits	blocking_lock_duration	varchar(32)	*
C	sys	schema_table_lock_waits	sql_kill_blocking_query	varchar(31)	*
C	sys	schema_table_lock_waits	sql_kill_blocking_connection	varchar(25)	*
C	sys	schema_table_statistics	table_schema	varchar(64)	*
C	sys	schema_table_statistics	table_name	varchar(64)	*
C	sys	schema_table_statistics	total_latency	varchar(11)	*
C	sys	schema_table_statistics	rows_fetched	bigint unsigned	*
C	sys	schema_table_statistics	fetch_latency	varchar(11)	*
C	sys	schema_table_statistics	rows_inserted	bigint unsigned	*
C	sys	schema_table_statistics	insert_latency	varchar(11)	*
C	sys	schema_table_statistics	rows_updated	bigint unsigned	*
C	sys	schema_table_statistics	update_latency	varchar(11)	*
C	sys	schema_table_statistics	rows_deleted	bigint unsigned	*
C	sys	schema_table_statistics	delete_latency	varchar(11)	*
C	sys	schema_table_statistics	io_read_requests	decimal(42,0)	*
C	sys	schema_table_statistics	io_read	varchar(11)	*
C	sys	schema_table_statistics	io_read_latency	varchar(11)	*
C	sys	schema_table_statistics	io_write_requests	decimal(42,0)	*
C	sys	schema_table_statistics	io_write	varchar(11)	*
C	sys	schema_table_statistics	io_write_latency	varchar(11)	*
C	sys	schema_table_statistics	io_misc_requests	decimal(42,0)	*
C	sys	schema_table_statistics	io_misc_latency	varchar(11)	*
C	sys	schema_table_statistics_with_buffer	table_schema	varchar(64)	*
C	sys	schema_table_statistics_with_buffer	table_name	varchar(64)	*
C	sys	schema_table_statistics_with_buffer	rows_fetched	bigint unsigned	*
C	sys	schema_table_statistics_with_buffer	fetch_latency	varchar(11)	*
C	sys	schema_table_statistics_with_buffer	rows_inserted	bigint unsigned	*
C	sys	schema_table_statistics_with_buffer	insert_latency	varchar(11)	*
C	sys	schema_table_statistics_with_buffer	rows_updated	bigint unsigned	*
C	sys	schema_table_statistics_with_buffer	update_latency	varchar(11)	*
C	sys	schema_table_statistics_with_buffer	rows_deleted	bigint unsigned	*
C	sys	schema_table_statistics_with_buffer	delete_latency	varchar(11)	*
C	sys	schema_table_statistics_with_buffer	io_read_requests	decimal(42,0)	*
C	sys	schema_table_statistics_with_buffer	io_read	varchar(11)	*
C	sys	schema_table_statistics_with_buffer	io_read_latency	varchar(11)	*
C	sys	schema_table_statistics_with_buffer	io_write_requests	decimal(42,0)	*
C	sys	schema_table_statistics_with_buffer	io_write	varchar(11)	*
C	sys	schema_table_statistics_with_buffer	io_write_latency	varchar(11)	*
C	sys	schema_table_statistics_with_buffer	io_misc_requests	decimal(42,0)	*
C	sys	schema_table_statistics_with_buffer	io_misc_latency	varchar(11)	*
C	sys	schema_table_statistics_with_buffer	innodb_buffer_allocated	varchar(11)	*
C	sys	schema_table_statistics_with_buffer	innodb_buffer_data	varchar(11)	*
C	sys	schema_table_statistics_with_buffer	innodb_buffer_free	varchar(11)	*
C	sys	schema_table_statistics_with_buffer	innodb_buffer_pages	bigint	*
C	sys	schema_table_statistics_with_buffer	innodb_buffer_pages_hashed	bigint	*
C	sys	schema_table_statistics_with_buffer	innodb_buffer_pages_old	bigint	*
C	sys	schema_table_statistics_with_buffer	innodb_buffer_rows_cached	decimal(45,0)	*
C	sys	schema_tables_with_full_table_scans	object_schema	varchar(64)	*
C	sys	schema_tables_with_full_table_scans	object_name	varchar(64)	*
C	sys	schema_tables_with_full_table_scans	rows_full_scanned	bigint unsigned	*
C	sys	schema_tables_with_full_table_scans	latency	varchar(11)	*
C	sys	schema_unused_indexes	object_schema	varchar(64)	*
C	sys	schema_unused_indexes	object_name	varchar(64)	*
C	sys	schema_unused_indexes	index_name	varchar(64)	*
C	sys	session	thd_id	bigint unsigned	*
C	sys	session	conn_id	bigint unsigned	*
C	sys	session	user	varchar(288)	*
C	sys	session	db	varchar(64)	*
C	sys	session	command	varchar(16)	*
C	sys	session	state	varchar(64)	*
C	sys	session	time	bigint	*
C	sys	session	current_statement	longtext	*
C	sys	session	execution_engine	enum('PRIMARY','SECONDARY')	*
C	sys	session	statement_latency	varchar(11)	*
C	sys	session	progress	decimal(26,2)	*
C	sys	session	lock_latency	varchar(11)	*
C	sys	session	cpu_latency	varchar(11)	*
C	sys	session	rows_examined	bigint unsigned	*
C	sys	session	rows_sent	bigint unsigned	*
C	sys	session	rows_affected	bigint unsigned	*
C	sys	session	tmp_tables	bigint unsigned	*
C	sys	session	tmp_disk_tables	bigint unsigned	*
C	sys	session	full_scan	varchar(3)	*
C	sys	session	last_statement	longtext	*
C	sys	session	last_statement_latency	varchar(11)	*
C	sys	session	current_memory	varchar(11)	*
C	sys	session	last_wait	varchar(128)	*
C	sys	session	last_wait_latency	varchar(13)	*
C	sys	session	source	varchar(64)	*
C	sys	session	trx_latency	varchar(11)	*
C	sys	session	trx_state	enum('ACTIVE','COMMITTED','ROLLED BACK')	*
C	sys	session	trx_autocommit	enum('YES','NO')	*
C	sys	session	pid	varchar(1024)	*
C	sys	session	program_name	varchar(1024)	*
C	sys	session_ssl_status	thread_id	bigint unsigned	*
C	sys	session_ssl_status	ssl_version	varchar(1024)	*
C	sys	session_ssl_status	ssl_cipher	varchar(1024)	*
C	sys	session_ssl_status	ssl_sessions_reused	varchar(1024)	*
C	sys	statement_analysis	query	longtext	*
C	sys	statement_analysis	db	varchar(64)	*
C	sys	statement_analysis	full_scan	varchar(1)	*
C	sys	statement_analysis	exec_count	bigint unsigned	*
C	sys	statement_analysis	err_count	bigint unsigned	*
C	sys	statement_analysis	warn_count	bigint unsigned	*
C	sys	statement_analysis	total_latency	varchar(11)	*
C	sys	statement_analysis	max_latency	varchar(11)	*
C	sys	statement_analysis	avg_latency	varchar(11)	*
C	sys	statement_analysis	lock_latency	varchar(11)	*
C	sys	statement_analysis	cpu_latency	varchar(11)	*
C	sys	statement_analysis	rows_sent	bigint unsigned	*
C	sys	statement_analysis	rows_sent_avg	decimal(21,0)	*
C	sys	statement_analysis	rows_examined	bigint unsigned	*
C	sys	statement_analysis	rows_examined_avg	decimal(21,0)	*
C	sys	statement_analysis	rows_affected	bigint unsigned	*
C	sys	statement_analysis	rows_affected_avg	decimal(21,0)	*
C	sys	statement_analysis	tmp_tables	bigint unsigned	*
C	sys	statement_analysis	tmp_disk_tables	bigint unsigned	*
C	sys	statement_analysis	rows_sorted	bigint unsigned	*
C	sys	statement_analysis	sort_merge_passes	bigint unsigned	*
C	sys	statement_analysis	max_controlled_memory	varchar(11)	*
C	sys	statement_analysis	max_total_memory	varchar(11)	*
C	sys	statement_analysis	digest	varchar(64)	*
C	sys	statement_analysis	first_seen	timestamp(6)	*
C	sys	statement_analysis	last_seen	timestamp(6)	*
C	sys	statements_with_errors_or_warnings	query	longtext	*
C	sys	statements_with_errors_or_warnings	db	varchar(64)	*
C	sys	statements_with_errors_or_warnings	exec_count	bigint unsigned	*
C	sys	statements_with_errors_or_warnings	errors	bigint unsigned	*
C	sys	statements_with_errors_or_warnings	error_pct	decimal(27,4)	*
C	sys	statements_with_errors_or_warnings	warnings	bigint unsigned	*
C	sys	statements_with_errors_or_warnings	warning_pct	decimal(27,4)	*
C	sys	statements_with_errors_or_warnings	first_seen	timestamp(6)	*
C	sys	statements_with_errors_or_warnings	last_seen	timestamp(6)	*
C	sys	statements_with_errors_or_warnings	digest	varchar(64)	*
C	sys	statements_with_full_table_scans	query	longtext	*
C	sys	statements_with_full_table_scans	db	varchar(64)	*
C	sys	statements_with_full_table_scans	exec_count	bigint unsigned	*
C	sys	statements_with_full_table_scans	total_latency	varchar(11)	*
C	sys	statements_with_full_table_scans	no_index_used_count	bigint unsigned	*
C	sys	statements_with_full_table_scans	no_good_index_used_count	bigint unsigned	*
C	sys	statements_with_full_table_scans	no_index_used_pct	decimal(24,0)	*
C	sys	statements_with_full_table_scans	rows_sent	bigint unsigned	*
C	sys	statements_with_full_table_scans	rows_examined	bigint unsigned	*
C	sys	statements_with_full_table_scans	rows_sent_avg	decimal(21,0)	*
C	sys	statements_with_full_table_scans	rows_examined_avg	decimal(21,0)	*
C	sys	statements_with_full_table_scans	first_seen	timestamp(6)	*
C	sys	statements_with_full_table_scans	last_seen	timestamp(6)	*
C	sys	statements_with_full_table_scans	digest	varchar(64)	*
C	sys	statements_with_runtimes_in_95th_percentile	query	longtext	*
C	sys	statements_with_runtimes_in_95th_percentile	db	varchar(64)	*
C	sys	statements_with_runtimes_in_95th_percentile	full_scan	varchar(1)	*
C	sys	statements_with_runtimes_in_95th_percentile	exec_count	bigint unsigned	*
C	sys	statements_with_runtimes_in_95th_percentile	err_count	bigint unsigned	*
C	sys	statements_with_runtimes_in_95th_percentile	warn_count	bigint unsigned	*
C	sys	statements_with_runtimes_in_95th_percentile	total_latency	varchar(11)	*
C	sys	statements_with_runtimes_in_95th_percentile	max_latency	varchar(11)	*
C	sys	statements_with_runtimes_in_95th_percentile	avg_latency	varchar(11)	*
C	sys	statements_with_runtimes_in_95th_percentile	rows_sent	bigint unsigned	*
C	sys	statements_with_runtimes_in_95th_percentile	rows_sent_avg	decimal(21,0)	*
C	sys	statements_with_runtimes_in_95th_percentile	rows_examined	bigint unsigned	*
C	sys	statements_with_runtimes_in_95th_percentile	rows_examined_avg	decimal(21,0)	*
C	sys	statements_with_runtimes_in_95th_percentile	first_seen	timestamp(6)	*
C	sys	statements_with_runtimes_in_95th_percentile	last_seen	timestamp(6)	*
C	sys	statements_with_runtimes_in_95th_percentile	digest	varchar(64)	*
C	sys	statements_with_sorting	query	longtext	*
C	sys	statements_with_sorting	db	varchar(64)	*
C	sys	statements_with_sorting	exec_count	bigint unsigned	*
C	sys	statements_with_sorting	total_latency	varchar(11)	*
C	sys	statements_with_sorting	sort_merge_passes	bigint unsigned	*
C	sys	statements_with_sorting	avg_sort_merges	decimal(21,0)	*
C	sys	statements_with_sorting	sorts_using_scans	bigint unsigned	*
C	sys	statements_with_sorting	sort_using_range	bigint unsigned	*
C	sys	statements_with_sorting	rows_sorted	bigint unsigned	*
C	sys	statements_with_sorting	avg_rows_sorted	decimal(21,0)	*
C	sys	statements_with_sorting	first_seen	timestamp(6)	*
C	sys	statements_with_sorting	last_seen	timestamp(6)	*
C	sys	statements_with_sorting	digest	varchar(64)	*
C	sys	statements_with_temp_tables	query	longtext	*
C	sys	statements_with_temp_tables	db	varchar(64)	*
C	sys	statements_with_temp_tables	exec_count	bigint unsigned	*
C	sys	statements_with_temp_tables	total_latency	varchar(11)	*
C	sys	statements_with_temp_tables	memory_tmp_tables	bigint unsigned	*
C	sys	statements_with_temp_tables	disk_tmp_tables	bigint unsigned	*
C	sys	statements_with_temp_tables	avg_tmp_tables_per_query	decimal(21,0)	*
C	sys	statements_with_temp_tables	tmp_tables_to_disk_pct	decimal(24,0)	*
C	sys	statements_with_temp_tables	first_seen	timestamp(6)	*
C	sys	statements_with_temp_tables	last_seen	timestamp(6)	*
C	sys	statements_with_temp_tables	digest	varchar(64)	*
C	sys	sys_config	variable	varchar(128)	*
C	sys	sys_config	value	varchar(128)	*
C	sys	sys_config	set_time	timestamp	*
C	sys	sys_config	set_by	varchar(128)	*
C	sys	user_summary	user	varchar(32)	*
C	sys	user_summary	statements	decimal(64,0)	*
C	sys	user_summary	statement_latency	varchar(11)	*
C	sys	user_summary	statement_avg_latency	varchar(11)	*
C	sys	user_summary	table_scans	decimal(65,0)	*
C	sys	user_summary	file_ios	decimal(64,0)	*
C	sys	user_summary	file_io_latency	varchar(11)	*
C	sys	user_summary	current_connections	decimal(41,0)	*
C	sys	user_summary	total_connections	decimal(41,0)	*
C	sys	user_summary	unique_hosts	bigint	*
C	sys	user_summary	current_memory	varchar(11)	*
C	sys	user_summary	total_memory_allocated	varchar(11)	*
C	sys	user_summary_by_file_io	user	varchar(32)	*
C	sys	user_summary_by_file_io	ios	decimal(42,0)	*
C	sys	user_summary_by_file_io	io_latency	varchar(11)	*
C	sys	user_summary_by_file_io_type	user	varchar(32)	*
C	sys	user_summary_by_file_io_type	event_name	varchar(128)	*
C	sys	user_summary_by_file_io_type	total	bigint unsigned	*
C	sys	user_summary_by_file_io_type	latency	varchar(11)	*
C	sys	user_summary_by_file_io_type	max_latency	varchar(11)	*
C	sys	user_summary_by_stages	user	varchar(32)	*
C	sys	user_summary_by_stages	event_name	varchar(128)	*
C	sys	user_summary_by_stages	total	bigint unsigned	*
C	sys	user_summary_by_stages	total_latency	varchar(11)	*
C	sys	user_summary_by_stages	avg_latency	varchar(11)	*
C	sys	user_summary_by_statement_latency	user	varchar(32)	*
C	sys	user_summary_by_statement_latency	total	decimal(42,0)	*
C	sys	user_summary_by_statement_latency	total_latency	varchar(11)	*
C	sys	user_summary_by_statement_latency	max_latency	varchar(11)	*
C	sys	user_summary_by_statement_latency	lock_latency	varchar(11)	*
C	sys	user_summary_by_statement_latency	cpu_latency	varchar(11)	*
C	sys	user_summary_by_statement_latency	rows_sent	decimal(42,0)	*
C	sys	user_summary_by_statement_latency	rows_examined	decimal(42,0)	*
C	sys	user_summary_by_statement_latency	rows_affected	decimal(42,0)	*
C	sys	user_summary_by_statement_latency	full_scans	decimal(43,0)	*
C	sys	user_summary_by_statement_type	user	varchar(32)	*
C	sys	user_summary_by_statement_type	statement	varchar(128)	*
C	sys	user_summary_by_statement_type	total	bigint unsigned	*
C	sys	user_summary_by_statement_type	total_latency	varchar(11)	*
C	sys	user_summary_by_statement_type	max_latency	varchar(11)	*
C	sys	user_summary_by_statement_type	lock_latency	varchar(11)	*
C	sys	user_summary_by_statement_type	cpu_latency	varchar(11)	*
C	sys	user_summary_by_statement_type	rows_sent	bigint unsigned	*
C	sys	user_summary_by_statement_type	rows_examined	bigint unsigned	*
C	sys	user_summary_by_statement_type	rows_affected	bigint unsigned	*
C	sys	user_summary_by_statement_type	full_scans	bigint unsigned	*
C	sys	version	sys_version	varchar(5)	*
C	sys	version	mysql_version	varchar(6)	*
C	sys	wait_classes_global_by_avg_latency	event_class	varchar(128)	*
C	sys	wait_classes_global_by_avg_latency	total	decimal(42,0)	*
C	sys	wait_classes_global_by_avg_latency	total_latency	varchar(11)	*
C	sys	wait_classes_global_by_avg_latency	min_latency	varchar(11)	*
C	sys	wait_classes_global_by_avg_latency	avg_latency	varchar(11)	*
C	sys	wait_classes_global_by_avg_latency	max_latency	varchar(11)	*
C	sys	wait_classes_global_by_latency	event_class	varchar(128)	*
C	sys	wait_classes_global_by_latency	total	decimal(42,0)	*
C	sys	wait_classes_global_by_latency	total_latency	varchar(11)	*
C	sys	wait_classes_global_by_latency	min_latency	varchar(11)	*
C	sys	wait_classes_global_by_latency	avg_latency	varchar(11)	*
C	sys	wait_classes_global_by_latency	max_latency	varchar(11)	*
C	sys	waits_by_host_by_latency	host	varchar(255)	*
C	sys	waits_by_host_by_latency	event	varchar(128)	*
C	sys	waits_by_host_by_latency	total	bigint unsigned	*
C	sys	waits_by_host_by_latency	total_latency	varchar(11)	*
C	sys	waits_by_host_by_latency	avg_latency	varchar(11)	*
C	sys	waits_by_host_by_latency	max_latency	varchar(11)	*
C	sys	waits_by_user_by_latency	user	varchar(32)	*
C	sys	waits_by_user_by_latency	event	varchar(128)	*
C	sys	waits_by_user_by_latency	total	bigint unsigned	*
C	sys	waits_by_user_by_latency	total_latency	varchar(11)	*
C	sys	waits_by_user_by_latency	avg_latency	varchar(11)	*
C	sys	waits_by_user_by_latency	max_latency	varchar(11)	*
C	sys	waits_global_by_latency	events	varchar(128)	*
C	sys	waits_global_by_latency	total	bigint unsigned	*
C	sys	waits_global_by_latency	total_latency	varchar(11)	*
C	sys	waits_global_by_latency	avg_latency	varchar(11)	*
C	sys	waits_global_by_latency	max_latency	varchar(11)	*
C	sys	x$host_summary	host	varchar(255)	*
C	sys	x$host_summary	statements	decimal(64,0)	*
C	sys	x$host_summary	statement_latency	decimal(64,0)	*
C	sys	x$host_summary	statement_avg_latency	decimal(65,4)	*
C	sys	x$host_summary	table_scans	decimal(65,0)	*
C	sys	x$host_summary	file_ios	decimal(64,0)	*
C	sys	x$host_summary	file_io_latency	decimal(64,0)	*
C	sys	x$host_summary	current_connections	decimal(41,0)	*
C	sys	x$host_summary	total_connections	decimal(41,0)	*
C	sys	x$host_summary	unique_users	bigint	*
C	sys	x$host_summary	current_memory	decimal(63,0)	*
C	sys	x$host_summary	total_memory_allocated	decimal(64,0)	*
C	sys	x$host_summary_by_file_io	host	varchar(255)	*
C	sys	x$host_summary_by_file_io	ios	decimal(42,0)	*
C	sys	x$host_summary_by_file_io	io_latency	decimal(42,0)	*
C	sys	x$host_summary_by_file_io_type	host	varchar(255)	*
C	sys	x$host_summary_by_file_io_type	event_name	varchar(128)	*
C	sys	x$host_summary_by_file_io_type	total	bigint unsigned	*
C	sys	x$host_summary_by_file_io_type	total_latency	bigint unsigned	*
C	sys	x$host_summary_by_file_io_type	max_latency	bigint unsigned	*
C	sys	x$host_summary_by_stages	host	varchar(255)	*
C	sys	x$host_summary_by_stages	event_name	varchar(128)	*
C	sys	x$host_summary_by_stages	total	bigint unsigned	*
C	sys	x$host_summary_by_stages	total_latency	bigint unsigned	*
C	sys	x$host_summary_by_stages	avg_latency	bigint unsigned	*
C	sys	x$host_summary_by_statement_latency	host	varchar(255)	*
C	sys	x$host_summary_by_statement_latency	total	decimal(42,0)	*
C	sys	x$host_summary_by_statement_latency	total_latency	decimal(42,0)	*
C	sys	x$host_summary_by_statement_latency	max_latency	bigint unsigned	*
C	sys	x$host_summary_by_statement_latency	lock_latency	decimal(42,0)	*
C	sys	x$host_summary_by_statement_latency	cpu_latency	decimal(42,0)	*
C	sys	x$host_summary_by_statement_latency	rows_sent	decimal(42,0)	*
C	sys	x$host_summary_by_statement_latency	rows_examined	decimal(42,0)	*
C	sys	x$host_summary_by_statement_latency	rows_affected	decimal(42,0)	*
C	sys	x$host_summary_by_statement_latency	full_scans	decimal(43,0)	*
C	sys	x$host_summary_by_statement_type	host	varchar(255)	*
C	sys	x$host_summary_by_statement_type	statement	varchar(128)	*
C	sys	x$host_summary_by_statement_type	total	bigint unsigned	*
C	sys	x$host_summary_by_statement_type	total_latency	bigint unsigned	*
C	sys	x$host_summary_by_statement_type	max_latency	bigint unsigned	*
C	sys	x$host_summary_by_statement_type	lock_latency	bigint unsigned	*
C	sys	x$host_summary_by_statement_type	cpu_latency	bigint unsigned	*
C	sys	x$host_summary_by_statement_type	rows_sent	bigint unsigned	*
C	sys	x$host_summary_by_statement_type	rows_examined	bigint unsigned	*
C	sys	x$host_summary_by_statement_type	rows_affected	bigint unsigned	*
C	sys	x$host_summary_by_statement_type	full_scans	bigint unsigned	*
C	sys	x$innodb_buffer_stats_by_schema	object_schema	text	*
C	sys	x$innodb_buffer_stats_by_schema	allocated	decimal(44,0)	*
C	sys	x$innodb_buffer_stats_by_schema	data	decimal(44,0)	*
C	sys	x$innodb_buffer_stats_by_schema	pages	bigint	*
C	sys	x$innodb_buffer_stats_by_schema	pages_hashed	bigint	*
C	sys	x$innodb_buffer_stats_by_schema	pages_old	bigint	*
C	sys	x$innodb_buffer_stats_by_schema	rows_cached	decimal(45,0)	*
C	sys	x$innodb_buffer_stats_by_table	object_schema	text	*
C	sys	x$innodb_buffer_stats_by_table	object_name	text	*
C	sys	x$innodb_buffer_stats_by_table	allocated	decimal(44,0)	*
C	sys	x$innodb_buffer_stats_by_table	data	decimal(44,0)	*
C	sys	x$innodb_buffer_stats_by_table	pages	bigint	*
C	sys	x$innodb_buffer_stats_by_table	pages_hashed	bigint	*
C	sys	x$innodb_buffer_stats_by_table	pages_old	bigint	*
C	sys	x$innodb_buffer_stats_by_table	rows_cached	decimal(45,0)	*
C	sys	x$innodb_lock_waits	wait_started	datetime	*
C	sys	x$innodb_lock_waits	wait_age	time	*
C	sys	x$innodb_lock_waits	wait_age_secs	bigint	*
C	sys	x$innodb_lock_waits	locked_table	mediumtext	*
C	sys	x$innodb_lock_waits	locked_table_schema	varchar(64)	*
C	sys	x$innodb_lock_waits	locked_table_name	varchar(64)	*
C	sys	x$innodb_lock_waits	locked_table_partition	varchar(64)	*
C	sys	x$innodb_lock_waits	locked_table_subpartition	varchar(64)	*
C	sys	x$innodb_lock_waits	locked_index	varchar(64)	*
C	sys	x$innodb_lock_waits	locked_type	varchar(32)	*
C	sys	x$innodb_lock_waits	waiting_trx_id	bigint unsigned	*
C	sys	x$innodb_lock_waits	waiting_trx_started	datetime	*
C	sys	x$innodb_lock_waits	waiting_trx_age	time	*
C	sys	x$innodb_lock_waits	waiting_trx_rows_locked	bigint unsigned	*
C	sys	x$innodb_lock_waits	waiting_trx_rows_modified	bigint unsigned	*
C	sys	x$innodb_lock_waits	waiting_pid	bigint unsigned	*
C	sys	x$innodb_lock_waits	waiting_query	varchar(1024)	*
C	sys	x$innodb_lock_waits	waiting_lock_id	varchar(128)	*
C	sys	x$innodb_lock_waits	waiting_lock_mode	varchar(32)	*
C	sys	x$innodb_lock_waits	blocking_trx_id	bigint unsigned	*
C	sys	x$innodb_lock_waits	blocking_pid	bigint unsigned	*
C	sys	x$innodb_lock_waits	blocking_query	varchar(1024)	*
C	sys	x$innodb_lock_waits	blocking_lock_id	varchar(128)	*
C	sys	x$innodb_lock_waits	blocking_lock_mode	varchar(32)	*
C	sys	x$innodb_lock_waits	blocking_trx_started	datetime	*
C	sys	x$innodb_lock_waits	blocking_trx_age	time	*
C	sys	x$innodb_lock_waits	blocking_trx_rows_locked	bigint unsigned	*
C	sys	x$innodb_lock_waits	blocking_trx_rows_modified	bigint unsigned	*
C	sys	x$innodb_lock_waits	sql_kill_blocking_query	varchar(33)	*
C	sys	x$innodb_lock_waits	sql_kill_blocking_connection	varchar(27)	*
C	sys	x$io_by_thread_by_latency	user	varchar(288)	*
C	sys	x$io_by_thread_by_latency	total	decimal(42,0)	*
C	sys	x$io_by_thread_by_latency	total_latency	decimal(42,0)	*
C	sys	x$io_by_thread_by_latency	min_latency	bigint unsigned	*
C	sys	x$io_by_thread_by_latency	avg_latency	decimal(24,4)	*
C	sys	x$io_by_thread_by_latency	max_latency	bigint unsigned	*
C	sys	x$io_by_thread_by_latency	thread_id	bigint unsigned	*
C	sys	x$io_by_thread_by_latency	processlist_id	bigint unsigned	*
C	sys	x$io_global_by_file_by_bytes	file	varchar(512)	*
C	sys	x$io_global_by_file_by_bytes	count_read	bigint unsigned	*
C	sys	x$io_global_by_file_by_bytes	total_read	bigint	*
C	sys	x$io_global_by_file_by_bytes	avg_read	decimal(23,4)	*
C	sys	x$io_global_by_file_by_bytes	count_write	bigint unsigned	*
C	sys	x$io_global_by_file_by_bytes	total_written	bigint	*
C	sys	x$io_global_by_file_by_bytes	avg_write	decimal(23,4)	*
C	sys	x$io_global_by_file_by_bytes	total	bigint	*
C	sys	x$io_global_by_file_by_bytes	write_pct	decimal(26,2)	*
C	sys	x$io_global_by_file_by_latency	file	varchar(512)	*
C	sys	x$io_global_by_file_by_latency	total	bigint unsigned	*
C	sys	x$io_global_by_file_by_latency	total_latency	bigint unsigned	*
C	sys	x$io_global_by_file_by_latency	count_read	bigint unsigned	*
C	sys	x$io_global_by_file_by_latency	read_latency	bigint unsigned	*
C	sys	x$io_global_by_file_by_latency	count_write	bigint unsigned	*
C	sys	x$io_global_by_file_by_latency	write_latency	bigint unsigned	*
C	sys	x$io_global_by_file_by_latency	count_misc	bigint unsigned	*
C	sys	x$io_global_by_file_by_latency	misc_latency	bigint unsigned	*
C	sys	x$io_global_by_wait_by_bytes	event_name	varchar(128)	*
C	sys	x$io_global_by_wait_by_bytes	total	bigint unsigned	*
C	sys	x$io_global_by_wait_by_bytes	total_latency	bigint unsigned	*
C	sys	x$io_global_by_wait_by_bytes	min_latency	bigint unsigned	*
C	sys	x$io_global_by_wait_by_bytes	avg_latency	bigint unsigned	*
C	sys	x$io_global_by_wait_by_bytes	max_latency	bigint unsigned	*
C	sys	x$io_global_by_wait_by_bytes	count_read	bigint unsigned	*
C	sys	x$io_global_by_wait_by_bytes	total_read	bigint	*
C	sys	x$io_global_by_wait_by_bytes	avg_read	decimal(23,4)	*
C	sys	x$io_global_by_wait_by_bytes	count_write	bigint unsigned	*
C	sys	x$io_global_by_wait_by_bytes	total_written	bigint	*
C	sys	x$io_global_by_wait_by_bytes	avg_written	decimal(23,4)	*
C	sys	x$io_global_by_wait_by_bytes	total_requested	bigint	*
C	sys	x$io_global_by_wait_by_latency	event_name	varchar(128)	*
C	sys	x$io_global_by_wait_by_latency	total	bigint unsigned	*
C	sys	x$io_global_by_wait_by_latency	total_latency	bigint unsigned	*
C	sys	x$io_global_by_wait_by_latency	avg_latency	bigint unsigned	*
C	sys	x$io_global_by_wait_by_latency	max_latency	bigint unsigned	*
C	sys	x$io_global_by_wait_by_latency	read_latency	bigint unsigned	*
C	sys	x$io_global_by_wait_by_latency	write_latency	bigint unsigned	*
C	sys	x$io_global_by_wait_by_latency	misc_latency	bigint unsigned	*
C	sys	x$io_global_by_wait_by_latency	count_read	bigint unsigned	*
C	sys	x$io_global_by_wait_by_latency	total_read	bigint	*
C	sys	x$io_global_by_wait_by_latency	avg_read	decimal(23,4)	*
C	sys	x$io_global_by_wait_by_latency	count_write	bigint unsigned	*
C	sys	x$io_global_by_wait_by_latency	total_written	bigint	*
C	sys	x$io_global_by_wait_by_latency	avg_written	decimal(23,4)	*
C	sys	x$latest_file_io	thread	varchar(317)	*
C	sys	x$latest_file_io	file	varchar(512)	*
C	sys	x$latest_file_io	latency	bigint unsigned	*
C	sys	x$latest_file_io	operation	varchar(32)	*
C	sys	x$latest_file_io	requested	bigint	*
C	sys	x$memory_by_host_by_current_bytes	host	varchar(255)	*
C	sys	x$memory_by_host_by_current_bytes	current_count_used	decimal(41,0)	*
C	sys	x$memory_by_host_by_current_bytes	current_allocated	decimal(41,0)	*
C	sys	x$memory_by_host_by_current_bytes	current_avg_alloc	decimal(45,4)	*
C	sys	x$memory_by_host_by_current_bytes	current_max_alloc	bigint	*
C	sys	x$memory_by_host_by_current_bytes	total_allocated	decimal(42,0)	*
C	sys	x$memory_by_thread_by_current_bytes	thread_id	bigint unsigned	*
C	sys	x$memory_by_thread_by_current_bytes	user	varchar(288)	*
C	sys	x$memory_by_thread_by_current_bytes	current_count_used	decimal(41,0)	*
C	sys	x$memory_by_thread_by_current_bytes	current_allocated	decimal(41,0)	*
C	sys	x$memory_by_thread_by_current_bytes	current_avg_alloc	decimal(45,4)	*
C	sys	x$memory_by_thread_by_current_bytes	current_max_alloc	bigint	*
C	sys	x$memory_by_thread_by_current_bytes	total_allocated	decimal(42,0)	*
C	sys	x$memory_by_user_by_current_bytes	user	varchar(32)	*
C	sys	x$memory_by_user_by_current_bytes	current_count_used	decimal(41,0)	*
C	sys	x$memory_by_user_by_current_bytes	current_allocated	decimal(41,0)	*
C	sys	x$memory_by_user_by_current_bytes	current_avg_alloc	decimal(45,4)	*
C	sys	x$memory_by_user_by_current_bytes	current_max_alloc	bigint	*
C	sys	x$memory_by_user_by_current_bytes	total_allocated	decimal(42,0)	*
C	sys	x$memory_global_by_current_bytes	event_name	varchar(128)	*
C	sys	x$memory_global_by_current_bytes	current_count	bigint	*
C	sys	x$memory_global_by_current_bytes	current_alloc	bigint	*
C	sys	x$memory_global_by_current_bytes	current_avg_alloc	decimal(23,4)	*
C	sys	x$memory_global_by_current_bytes	high_count	bigint	*
C	sys	x$memory_global_by_current_bytes	high_alloc	bigint	*
C	sys	x$memory_global_by_current_bytes	high_avg_alloc	decimal(23,4)	*
C	sys	x$memory_global_total	total_allocated	decimal(41,0)	*
C	sys	x$processlist	thd_id	bigint unsigned	*
C	sys	x$processlist	conn_id	bigint unsigned	*
C	sys	x$processlist	user	varchar(288)	*
C	sys	x$processlist	db	varchar(64)	*
C	sys	x$processlist	command	varchar(16)	*
C	sys	x$processlist	state	varchar(64)	*
C	sys	x$processlist	time	bigint	*
C	sys	x$processlist	current_statement	longtext	*
C	sys	x$processlist	execution_engine	enum('PRIMARY','SECONDARY')	*
C	sys	x$processlist	statement_latency	bigint unsigned	*
C	sys	x$processlist	progress	decimal(26,2)	*
C	sys	x$processlist	lock_latency	bigint unsigned	*
C	sys	x$processlist	cpu_latency	bigint unsigned	*
C	sys	x$processlist	rows_examined	bigint unsigned	*
C	sys	x$processlist	rows_sent	bigint unsigned	*
C	sys	x$processlist	rows_affected	bigint unsigned	*
C	sys	x$processlist	tmp_tables	bigint unsigned	*
C	sys	x$processlist	tmp_disk_tables	bigint unsigned	*
C	sys	x$processlist	full_scan	varchar(3)	*
C	sys	x$processlist	last_statement	longtext	*
C	sys	x$processlist	last_statement_latency	bigint unsigned	*
C	sys	x$processlist	current_memory	decimal(41,0)	*
C	sys	x$processlist	last_wait	varchar(128)	*
C	sys	x$processlist	last_wait_latency	varchar(20)	*
C	sys	x$processlist	source	varchar(64)	*
C	sys	x$processlist	trx_latency	bigint unsigned	*
C	sys	x$processlist	trx_state	enum('ACTIVE','COMMITTED','ROLLED BACK')	*
C	sys	x$processlist	trx_autocommit	enum('YES','NO')	*
C	sys	x$processlist	pid	varchar(1024)	*
C	sys	x$processlist	program_name	varchar(1024)	*
C	sys	x$ps_digest_95th_percentile_by_avg_us	avg_us	decimal(21,0)	*
C	sys	x$ps_digest_95th_percentile_by_avg_us	percentile	decimal(46,4)	*
C	sys	x$ps_digest_avg_latency_distribution	cnt	bigint	*
C	sys	x$ps_digest_avg_latency_distribution	avg_us	decimal(21,0)	*
C	sys	x$ps_schema_table_statistics_io	table_schema	varchar(64)	*
C	sys	x$ps_schema_table_statistics_io	table_name	varchar(64)	*
C	sys	x$ps_schema_table_statistics_io	count_read	decimal(42,0)	*
C	sys	x$ps_schema_table_statistics_io	sum_number_of_bytes_read	decimal(41,0)	*
C	sys	x$ps_schema_table_statistics_io	sum_timer_read	decimal(42,0)	*
C	sys	x$ps_schema_table_statistics_io	count_write	decimal(42,0)	*
C	sys	x$ps_schema_table_statistics_io	sum_number_of_bytes_write	decimal(41,0)	*
C	sys	x$ps_schema_table_statistics_io	sum_timer_write	decimal(42,0)	*
C	sys	x$ps_schema_table_statistics_io	count_misc	decimal(42,0)	*
C	sys	x$ps_schema_table_statistics_io	sum_timer_misc	decimal(42,0)	*
C	sys	x$schema_flattened_keys	table_schema	varchar(64)	*
C	sys	x$schema_flattened_keys	table_name	varchar(64)	*
C	sys	x$schema_flattened_keys	index_name	varchar(64)	*
C	sys	x$schema_flattened_keys	non_unique	int	*
C	sys	x$schema_flattened_keys	subpart_exists	bigint	*
C	sys	x$schema_flattened_keys	index_columns	text	*
C	sys	x$schema_index_statistics	table_schema	varchar(64)	*
C	sys	x$schema_index_statistics	table_name	varchar(64)	*
C	sys	x$schema_index_statistics	index_name	varchar(64)	*
C	sys	x$schema_index_statistics	rows_selected	bigint unsigned	*
C	sys	x$schema_index_statistics	select_latency	bigint unsigned	*
C	sys	x$schema_index_statistics	rows_inserted	bigint unsigned	*
C	sys	x$schema_index_statistics	insert_latency	bigint unsigned	*
C	sys	x$schema_index_statistics	rows_updated	bigint unsigned	*
C	sys	x$schema_index_statistics	update_latency	bigint unsigned	*
C	sys	x$schema_index_statistics	rows_deleted	bigint unsigned	*
C	sys	x$schema_index_statistics	delete_latency	bigint unsigned	*
C	sys	x$schema_table_lock_waits	object_schema	varchar(64)	*
C	sys	x$schema_table_lock_waits	object_name	varchar(64)	*
C	sys	x$schema_table_lock_waits	waiting_thread_id	bigint unsigned	*
C	sys	x$schema_table_lock_waits	waiting_pid	bigint unsigned	*
C	sys	x$schema_table_lock_waits	waiting_account	text	*
C	sys	x$schema_table_lock_waits	waiting_lock_type	varchar(32)	*
C	sys	x$schema_table_lock_waits	waiting_lock_duration	varchar(32)	*
C	sys	x$schema_table_lock_waits	waiting_query	longtext	*
C	sys	x$schema_table_lock_waits	waiting_query_secs	bigint	*
C	sys	x$schema_table_lock_waits	waiting_query_rows_affected	bigint unsigned	*
C	sys	x$schema_table_lock_waits	waiting_query_rows_examined	bigint unsigned	*
C	sys	x$schema_table_lock_waits	blocking_thread_id	bigint unsigned	*
C	sys	x$schema_table_lock_waits	blocking_pid	bigint unsigned	*
C	sys	x$schema_table_lock_waits	blocking_account	text	*
C	sys	x$schema_table_lock_waits	blocking_lock_type	varchar(32)	*
C	sys	x$schema_table_lock_waits	blocking_lock_duration	varchar(32)	*
C	sys	x$schema_table_lock_waits	sql_kill_blocking_query	varchar(31)	*
C	sys	x$schema_table_lock_waits	sql_kill_blocking_connection	varchar(25)	*
C	sys	x$schema_table_statistics	table_schema	varchar(64)	*
C	sys	x$schema_table_statistics	table_name	varchar(64)	*
C	sys	x$schema_table_statistics	total_latency	bigint unsigned	*
C	sys	x$schema_table_statistics	rows_fetched	bigint unsigned	*
C	sys	x$schema_table_statistics	fetch_latency	bigint unsigned	*
C	sys	x$schema_table_statistics	rows_inserted	bigint unsigned	*
C	sys	x$schema_table_statistics	insert_latency	bigint unsigned	*
C	sys	x$schema_table_statistics	rows_updated	bigint unsigned	*
C	sys	x$schema_table_statistics	update_latency	bigint unsigned	*
C	sys	x$schema_table_statistics	rows_deleted	bigint unsigned	*
C	sys	x$schema_table_statistics	delete_latency	bigint unsigned	*
C	sys	x$schema_table_statistics	io_read_requests	decimal(42,0)	*
C	sys	x$schema_table_statistics	io_read	decimal(41,0)	*
C	sys	x$schema_table_statistics	io_read_latency	decimal(42,0)	*
C	sys	x$schema_table_statistics	io_write_requests	decimal(42,0)	*
C	sys	x$schema_table_statistics	io_write	decimal(41,0)	*
C	sys	x$schema_table_statistics	io_write_latency	decimal(42,0)	*
C	sys	x$schema_table_statistics	io_misc_requests	decimal(42,0)	*
C	sys	x$schema_table_statistics	io_misc_latency	decimal(42,0)	*
C	sys	x$schema_table_statistics_with_buffer	table_schema	varchar(64)	*
C	sys	x$schema_table_statistics_with_buffer	table_name	varchar(64)	*
C	sys	x$schema_table_statistics_with_buffer	rows_fetched	bigint unsigned	*
C	sys	x$schema_table_statistics_with_buffer	fetch_latency	bigint unsigned	*
C	sys	x$schema_table_statistics_with_buffer	rows_inserted	bigint unsigned	*
C	sys	x$schema_table_statistics_with_buffer	insert_latency	bigint unsigned	*
C	sys	x$schema_table_statistics_with_buffer	rows_updated	bigint unsigned	*
C	sys	x$schema_table_statistics_with_buffer	update_latency	bigint unsigned	*
C	sys	x$schema_table_statistics_with_buffer	rows_deleted	bigint unsigned	*
C	sys	x$schema_table_statistics_with_buffer	delete_latency	bigint unsigned	*
C	sys	x$schema_table_statistics_with_buffer	io_read_requests	decimal(42,0)	*
C	sys	x$schema_table_statistics_with_buffer	io_read	decimal(41,0)	*
C	sys	x$schema_table_statistics_with_buffer	io_read_latency	decimal(42,0)	*
C	sys	x$schema_table_statistics_with_buffer	io_write_requests	decimal(42,0)	*
C	sys	x$schema_table_statistics_with_buffer	io_write	decimal(41,0)	*
C	sys	x$schema_table_statistics_with_buffer	io_write_latency	decimal(42,0)	*
C	sys	x$schema_table_statistics_with_buffer	io_misc_requests	decimal(42,0)	*
C	sys	x$schema_table_statistics_with_buffer	io_misc_latency	decimal(42,0)	*
C	sys	x$schema_table_statistics_with_buffer	innodb_buffer_allocated	decimal(44,0)	*
C	sys	x$schema_table_statistics_with_buffer	innodb_buffer_data	decimal(44,0)	*
C	sys	x$schema_table_statistics_with_buffer	innodb_buffer_free	decimal(45,0)	*
C	sys	x$schema_table_statistics_with_buffer	innodb_buffer_pages	bigint	*
C	sys	x$schema_table_statistics_with_buffer	innodb_buffer_pages_hashed	bigint	*
C	sys	x$schema_table_statistics_with_buffer	innodb_buffer_pages_old	bigint	*
C	sys	x$schema_table_statistics_with_buffer	innodb_buffer_rows_cached	decimal(45,0)	*
C	sys	x$schema_tables_with_full_table_scans	object_schema	varchar(64)	*
C	sys	x$schema_tables_with_full_table_scans	object_name	varchar(64)	*
C	sys	x$schema_tables_with_full_table_scans	rows_full_scanned	bigint unsigned	*
C	sys	x$schema_tables_with_full_table_scans	latency	bigint unsigned	*
C	sys	x$session	thd_id	bigint unsigned	*
C	sys	x$session	conn_id	bigint unsigned	*
C	sys	x$session	user	varchar(288)	*
C	sys	x$session	db	varchar(64)	*
C	sys	x$session	command	varchar(16)	*
C	sys	x$session	state	varchar(64)	*
C	sys	x$session	time	bigint	*
C	sys	x$session	current_statement	longtext	*
C	sys	x$session	execution_engine	enum('PRIMARY','SECONDARY')	*
C	sys	x$session	statement_latency	bigint unsigned	*
C	sys	x$session	progress	decimal(26,2)	*
C	sys	x$session	lock_latency	bigint unsigned	*
C	sys	x$session	cpu_latency	bigint unsigned	*
C	sys	x$session	rows_examined	bigint unsigned	*
C	sys	x$session	rows_sent	bigint unsigned	*
C	sys	x$session	rows_affected	bigint unsigned	*
C	sys	x$session	tmp_tables	bigint unsigned	*
C	sys	x$session	tmp_disk_tables	bigint unsigned	*
C	sys	x$session	full_scan	varchar(3)	*
C	sys	x$session	last_statement	longtext	*
C	sys	x$session	last_statement_latency	bigint unsigned	*
C	sys	x$session	current_memory	decimal(41,0)	*
C	sys	x$session	last_wait	varchar(128)	*
C	sys	x$session	last_wait_latency	varchar(20)	*
C	sys	x$session	source	varchar(64)	*
C	sys	x$session	trx_latency	bigint unsigned	*
C	sys	x$session	trx_state	enum('ACTIVE','COMMITTED','ROLLED BACK')	*
C	sys	x$session	trx_autocommit	enum('YES','NO')	*
C	sys	x$session	pid	varchar(1024)	*
C	sys	x$session	program_name	varchar(1024)	*
C	sys	x$statement_analysis	query	longtext	*
C	sys	x$statement_analysis	db	varchar(64)	*
C	sys	x$statement_analysis	full_scan	varchar(1)	*
C	sys	x$statement_analysis	exec_count	bigint unsigned	*
C	sys	x$statement_analysis	exec_secondary_count	bigint unsigned	*
C	sys	x$statement_analysis	err_count	bigint unsigned	*
C	sys	x$statement_analysis	warn_count	bigint unsigned	*
C	sys	x$statement_analysis	total_latency	bigint unsigned	*
C	sys	x$statement_analysis	max_latency	bigint unsigned	*
C	sys	x$statement_analysis	avg_latency	bigint unsigned	*
C	sys	x$statement_analysis	lock_latency	bigint unsigned	*
C	sys	x$statement_analysis	cpu_latency	bigint unsigned	*
C	sys	x$statement_analysis	rows_sent	bigint unsigned	*
C	sys	x$statement_analysis	rows_sent_avg	decimal(21,0)	*
C	sys	x$statement_analysis	rows_examined	bigint unsigned	*
C	sys	x$statement_analysis	rows_examined_avg	decimal(21,0)	*
C	sys	x$statement_analysis	rows_affected	bigint unsigned	*
C	sys	x$statement_analysis	rows_affected_avg	decimal(21,0)	*
C	sys	x$statement_analysis	tmp_tables	bigint unsigned	*
C	sys	x$statement_analysis	tmp_disk_tables	bigint unsigned	*
C	sys	x$statement_analysis	rows_sorted	bigint unsigned	*
C	sys	x$statement_analysis	sort_merge_passes	bigint unsigned	*
C	sys	x$statement_analysis	max_controlled_memory	bigint unsigned	*
C	sys	x$statement_analysis	max_total_memory	bigint unsigned	*
C	sys	x$statement_analysis	digest	varchar(64)	*
C	sys	x$statement_analysis	first_seen	timestamp(6)	*
C	sys	x$statement_analysis	last_seen	timestamp(6)	*
C	sys	x$statements_with_errors_or_warnings	query	longtext	*
C	sys	x$statements_with_errors_or_warnings	db	varchar(64)	*
C	sys	x$statements_with_errors_or_warnings	exec_count	bigint unsigned	*
C	sys	x$statements_with_errors_or_warnings	errors	bigint unsigned	*
C	sys	x$statements_with_errors_or_warnings	error_pct	decimal(27,4)	*
C	sys	x$statements_with_errors_or_warnings	warnings	bigint unsigned	*
C	sys	x$statements_with_errors_or_warnings	warning_pct	decimal(27,4)	*
C	sys	x$statements_with_errors_or_warnings	first_seen	timestamp(6)	*
C	sys	x$statements_with_errors_or_warnings	last_seen	timestamp(6)	*
C	sys	x$statements_with_errors_or_warnings	digest	varchar(64)	*
C	sys	x$statements_with_full_table_scans	query	longtext	*
C	sys	x$statements_with_full_table_scans	db	varchar(64)	*
C	sys	x$statements_with_full_table_scans	exec_count	bigint unsigned	*
C	sys	x$statements_with_full_table_scans	total_latency	bigint unsigned	*
C	sys	x$statements_with_full_table_scans	no_index_used_count	bigint unsigned	*
C	sys	x$statements_with_full_table_scans	no_good_index_used_count	bigint unsigned	*
C	sys	x$statements_with_full_table_scans	no_index_used_pct	decimal(24,0)	*
C	sys	x$statements_with_full_table_scans	rows_sent	bigint unsigned	*
C	sys	x$statements_with_full_table_scans	rows_examined	bigint unsigned	*
C	sys	x$statements_with_full_table_scans	rows_sent_avg	decimal(21,0)	*
C	sys	x$statements_with_full_table_scans	rows_examined_avg	decimal(21,0)	*
C	sys	x$statements_with_full_table_scans	first_seen	timestamp(6)	*
C	sys	x$statements_with_full_table_scans	last_seen	timestamp(6)	*
C	sys	x$statements_with_full_table_scans	digest	varchar(64)	*
C	sys	x$statements_with_runtimes_in_95th_percentile	query	longtext	*
C	sys	x$statements_with_runtimes_in_95th_percentile	db	varchar(64)	*
C	sys	x$statements_with_runtimes_in_95th_percentile	full_scan	varchar(1)	*
C	sys	x$statements_with_runtimes_in_95th_percentile	exec_count	bigint unsigned	*
C	sys	x$statements_with_runtimes_in_95th_percentile	err_count	bigint unsigned	*
C	sys	x$statements_with_runtimes_in_95th_percentile	warn_count	bigint unsigned	*
C	sys	x$statements_with_runtimes_in_95th_percentile	total_latency	bigint unsigned	*
C	sys	x$statements_with_runtimes_in_95th_percentile	max_latency	bigint unsigned	*
C	sys	x$statements_with_runtimes_in_95th_percentile	avg_latency	bigint unsigned	*
C	sys	x$statements_with_runtimes_in_95th_percentile	rows_sent	bigint unsigned	*
C	sys	x$statements_with_runtimes_in_95th_percentile	rows_sent_avg	decimal(21,0)	*
C	sys	x$statements_with_runtimes_in_95th_percentile	rows_examined	bigint unsigned	*
C	sys	x$statements_with_runtimes_in_95th_percentile	rows_examined_avg	decimal(21,0)	*
C	sys	x$statements_with_runtimes_in_95th_percentile	first_seen	timestamp(6)	*
C	sys	x$statements_with_runtimes_in_95th_percentile	last_seen	timestamp(6)	*
C	sys	x$statements_with_runtimes_in_95th_percentile	digest	varchar(64)	*
C	sys	x$statements_with_sorting	query	longtext	*
C	sys	x$statements_with_sorting	db	varchar(64)	*
C	sys	x$statements_with_sorting	exec_count	bigint unsigned	*
C	sys	x$statements_with_sorting	total_latency	bigint unsigned	*
C	sys	x$statements_with_sorting	sort_merge_passes	bigint unsigned	*
C	sys	x$statements_with_sorting	avg_sort_merges	decimal(21,0)	*
C	sys	x$statements_with_sorting	sorts_using_scans	bigint unsigned	*
C	sys	x$statements_with_sorting	sort_using_range	bigint unsigned	*
C	sys	x$statements_with_sorting	rows_sorted	bigint unsigned	*
C	sys	x$statements_with_sorting	avg_rows_sorted	decimal(21,0)	*
C	sys	x$statements_with_sorting	first_seen	timestamp(6)	*
C	sys	x$statements_with_sorting	last_seen	timestamp(6)	*
C	sys	x$statements_with_sorting	digest	varchar(64)	*
C	sys	x$statements_with_temp_tables	query	longtext	*
C	sys	x$statements_with_temp_tables	db	varchar(64)	*
C	sys	x$statements_with_temp_tables	exec_count	bigint unsigned	*
C	sys	x$statements_with_temp_tables	total_latency	bigint unsigned	*
C	sys	x$statements_with_temp_tables	memory_tmp_tables	bigint unsigned	*
C	sys	x$statements_with_temp_tables	disk_tmp_tables	bigint unsigned	*
C	sys	x$statements_with_temp_tables	avg_tmp_tables_per_query	decimal(21,0)	*
C	sys	x$statements_with_temp_tables	tmp_tables_to_disk_pct	decimal(24,0)	*
C	sys	x$statements_with_temp_tables	first_seen	timestamp(6)	*
C	sys	x$statements_with_temp_tables	last_seen	timestamp(6)	*
C	sys	x$statements_with_temp_tables	digest	varchar(64)	*
C	sys	x$user_summary	user	varchar(32)	*
C	sys	x$user_summary	statements	decimal(64,0)	*
C	sys	x$user_summary	statement_latency	decimal(64,0)	*
C	sys	x$user_summary	statement_avg_latency	decimal(65,4)	*
C	sys	x$user_summary	table_scans	decimal(65,0)	*
C	sys	x$user_summary	file_ios	decimal(64,0)	*
C	sys	x$user_summary	file_io_latency	decimal(64,0)	*
C	sys	x$user_summary	current_connections	decimal(41,0)	*
C	sys	x$user_summary	total_connections	decimal(41,0)	*
C	sys	x$user_summary	unique_hosts	bigint	*
C	sys	x$user_summary	current_memory	decimal(63,0)	*
C	sys	x$user_summary	total_memory_allocated	decimal(64,0)	*
C	sys	x$user_summary_by_file_io	user	varchar(32)	*
C	sys	x$user_summary_by_file_io	ios	decimal(42,0)	*
C	sys	x$user_summary_by_file_io	io_latency	decimal(42,0)	*
C	sys	x$user_summary_by_file_io_type	user	varchar(32)	*
C	sys	x$user_summary_by_file_io_type	event_name	varchar(128)	*
C	sys	x$user_summary_by_file_io_type	total	bigint unsigned	*
C	sys	x$user_summary_by_file_io_type	latency	bigint unsigned	*
C	sys	x$user_summary_by_file_io_type	max_latency	bigint unsigned	*
C	sys	x$user_summary_by_stages	user	varchar(32)	*
C	sys	x$user_summary_by_stages	event_name	varchar(128)	*
C	sys	x$user_summary_by_stages	total	bigint unsigned	*
C	sys	x$user_summary_by_stages	total_latency	bigint unsigned	*
C	sys	x$user_summary_by_stages	avg_latency	bigint unsigned	*
C	sys	x$user_summary_by_statement_latency	user	varchar(32)	*
C	sys	x$user_summary_by_statement_latency	total	decimal(42,0)	*
C	sys	x$user_summary_by_statement_latency	total_latency	decimal(42,0)	*
C	sys	x$user_summary_by_statement_latency	max_latency	decimal(42,0)	*
C	sys	x$user_summary_by_statement_latency	lock_latency	decimal(42,0)	*
C	sys	x$user_summary_by_statement_latency	cpu_latency	decimal(42,0)	*
C	sys	x$user_summary_by_statement_latency	rows_sent	decimal(42,0)	*
C	sys	x$user_summary_by_statement_latency	rows_examined	decimal(42,0)	*
C	sys	x$user_summary_by_statement_latency	rows_affected	decimal(42,0)	*
C	sys	x$user_summary_by_statement_latency	full_scans	decimal(43,0)	*
C	sys	x$user_summary_by_statement_type	user	varchar(32)	*
C	sys	x$user_summary_by_statement_type	statement	varchar(128)	*
C	sys	x$user_summary_by_statement_type	total	bigint unsigned	*
C	sys	x$user_summary_by_statement_type	total_latency	bigint unsigned	*
C	sys	x$user_summary_by_statement_type	max_latency	bigint unsigned	*
C	sys	x$user_summary_by_statement_type	lock_latency	bigint unsigned	*
C	sys	x$user_summary_by_statement_type	cpu_latency	bigint unsigned	*
C	sys	x$user_summary_by_statement_type	rows_sent	bigint unsigned	*
C	sys	x$user_summary_by_statement_type	rows_examined	bigint unsigned	*
C	sys	x$user_summary_by_statement_type	rows_affected	bigint unsigned	*
C	sys	x$user_summary_by_statement_type	full_scans	bigint unsigned	*
C	sys	x$wait_classes_global_by_avg_latency	event_class	varchar(128)	*
C	sys	x$wait_classes_global_by_avg_latency	total	decimal(42,0)	*
C	sys	x$wait_classes_global_by_avg_latency	total_latency	decimal(42,0)	*
C	sys	x$wait_classes_global_by_avg_latency	min_latency	bigint unsigned	*
C	sys	x$wait_classes_global_by_avg_latency	avg_latency	decimal(46,4)	*
C	sys	x$wait_classes_global_by_avg_latency	max_latency	bigint unsigned	*
C	sys	x$wait_classes_global_by_latency	event_class	varchar(128)	*
C	sys	x$wait_classes_global_by_latency	total	decimal(42,0)	*
C	sys	x$wait_classes_global_by_latency	total_latency	decimal(42,0)	*
C	sys	x$wait_classes_global_by_latency	min_latency	bigint unsigned	*
C	sys	x$wait_classes_global_by_latency	avg_latency	decimal(46,4)	*
C	sys	x$wait_classes_global_by_latency	max_latency	bigint unsigned	*
C	sys	x$waits_by_host_by_latency	host	varchar(255)	*
C	sys	x$waits_by_host_by_latency	event	varchar(128)	*
C	sys	x$waits_by_host_by_latency	total	bigint unsigned	*
C	sys	x$waits_by_host_by_latency	total_latency	bigint unsigned	*
C	sys	x$waits_by_host_by_latency	avg_latency	bigint unsigned	*
C	sys	x$waits_by_host_by_latency	max_latency	bigint unsigned	*
C	sys	x$waits_by_user_by_latency	user	varchar(32)	*
C	sys	x$waits_by_user_by_latency	event	varchar(128)	*
C	sys	x$waits_by_user_by_latency	total	bigint unsigned	*
C	sys	x$waits_by_user_by_latency	total_latency	bigint unsigned	*
C	sys	x$waits_by_user_by_latency	avg_latency	bigint unsigned	*
C	sys	x$waits_by_user_by_latency	max_latency	bigint unsigned	*
C	sys	x$waits_global_by_latency	events	varchar(128)	*
C	sys	x$waits_global_by_latency	total	bigint unsigned	*
C	sys	x$waits_global_by_latency	total_latency	bigint unsigned	*
C	sys	x$waits_global_by_latency	avg_latency	bigint unsigned	*
C	sys	x$waits_global_by_latency	max_latency	bigint unsigned	*
C	information_schema	events	status	varchar(21)	8.4-
C	information_schema	files	table_catalog	varchar(0)	8.4-
C	information_schema	files	table_schema	varbinary(0)	8.4-
C	information_schema	files	table_name	varbinary(0)	8.4-
C	information_schema	files	fulltext_keys	varbinary(0)	8.4-
C	information_schema	files	deleted_rows	varbinary(0)	8.4-
C	information_schema	files	update_count	varbinary(0)	8.4-
C	information_schema	files	creation_time	varbinary(0)	8.4-
C	information_schema	files	last_update_time	varbinary(0)	8.4-
C	information_schema	files	last_access_time	varbinary(0)	8.4-
C	information_schema	files	recover_time	varbinary(0)	8.4-
C	information_schema	files	transaction_counter	varbinary(0)	8.4-
C	information_schema	files	table_rows	varbinary(0)	8.4-
C	information_schema	files	avg_row_length	varbinary(0)	8.4-
C	information_schema	files	data_length	varbinary(0)	8.4-
C	information_schema	files	max_data_length	varbinary(0)	8.4-
C	information_schema	files	index_length	varbinary(0)	8.4-
C	information_schema	files	create_time	varbinary(0)	8.4-
C	information_schema	files	update_time	varbinary(0)	8.4-
C	information_schema	files	check_time	varbinary(0)	8.4-
C	information_schema	files	checksum	varbinary(0)	8.4-
C	information_schema	routines	routine_body	varchar(8)	8.4-
C	information_schema	routines	external_name	varbinary(0)	8.4-
C	information_schema	routines	sql_path	varbinary(0)	8.4-
C	information_schema	schemata	sql_path	varbinary(0)	8.4-
C	information_schema	statistics	packed	varbinary(0)	8.4-
C	information_schema	triggers	action_condition	varbinary(0)	8.4-
C	information_schema	triggers	action_reference_old_table	varbinary(0)	8.4-
C	information_schema	triggers	action_reference_new_table	varbinary(0)	8.4-
C	mysql	gtid_executed	gtid_tag	char(32)	8.4-
C	performance_schema	events_transactions_current	gtid	varchar(90)	8.4-
C	performance_schema	events_transactions_history	gtid	varchar(90)	8.4-
C	performance_schema	events_transactions_history_long	gtid	varchar(90)	8.4-
C	performance_schema	replication_applier_status_by_coordinator	last_processed_transaction	char(90)	8.4-
C	performance_schema	replication_applier_status_by_coordinator	processing_transaction	char(90)	8.4-
C	performance_schema	replication_applier_status_by_worker	last_applied_transaction	char(90)	8.4-
C	performance_schema	replication_applier_status_by_worker	applying_transaction	char(90)	8.4-
C	performance_schema	replication_connection_status	last_queued_transaction	char(90)	8.4-
C	performance_schema	replication_connection_status	queueing_transaction	char(90)	8.4-
C	performance_schema	setup_loggers	name	varchar(128)	8.4-
C	performance_schema	setup_loggers	level	enum('none','error','warn','info','debug')	8.4-
C	performance_schema	setup_loggers	description	varchar(1023)	8.4-
C	performance_schema	setup_meters	name	varchar(63)	8.4-
C	performance_schema	setup_meters	frequency	mediumint unsigned	8.4-
C	performance_schema	setup_meters	enabled	enum('YES','NO')	8.4-
C	performance_schema	setup_meters	description	varchar(1023)	8.4-
C	performance_schema	setup_metrics	name	varchar(63)	8.4-
C	performance_schema	setup_metrics	meter	varchar(63)	8.4-
C	performance_schema	setup_metrics	metric_type	enum('ASYNC COUNTER','ASYNC UPDOWN COUNTER','ASYNC GAUGE COUNTER')	8.4-
C	performance_schema	setup_metrics	num_type	enum('INTEGER','DOUBLE')	8.4-
C	performance_schema	setup_metrics	unit	varchar(63)	8.4-
C	performance_schema	setup_metrics	description	varchar(1023)	8.4-
V	activate_all_roles_on_login		*
V	admin_address		*
V	admin_port		*
V	admin_ssl_ca		*
V	admin_ssl_capath		*
V	admin_ssl_cert		*
V	admin_ssl_cipher		*
V	admin_ssl_crl		*
V	admin_ssl_crlpath		*
V	admin_ssl_key		*
V	admin_tls_ciphersuites		*
V	admin_tls_version		*
V	authentication_policy		*
V	auto_generate_certs		*
V	auto_increment_increment		*
V	auto_increment_offset		*
V	autocommit		*
V	automatic_sp_privileges		*
V	avoid_temporal_upgrade		-8.0
V	back_log		*
V	basedir		*
V	big_tables		*
V	bind_address		*
V	binlog_cache_size		*
V	binlog_checksum		*
V	binlog_direct_non_transactional_updates		*
V	binlog_encryption		*
V	binlog_error_action		*
V	binlog_expire_logs_auto_purge		*
V	binlog_expire_logs_seconds		*
V	binlog_format		*
V	binlog_group_commit_sync_delay		*
V	binlog_group_commit_sync_no_delay_count		*
V	binlog_gtid_simple_recovery		*
V	binlog_max_flush_queue_time		*
V	binlog_order_commits		*
V	binlog_rotate_encryption_master_key_at_startup		*
V	binlog_row_event_max_size		*
V	binlog_row_image		*
V	binlog_row_metadata		*
V	binlog_row_value_options		*
V	binlog_rows_query_log_events		*
V	binlog_stmt_cache_size		*
V	binlog_transaction_compression		*
V	binlog_transaction_compression_level_zstd		*
V	binlog_transaction_dependency_history_size		*
V	binlog_transaction_dependency_tracking		-8.0
V	block_encryption_mode		*
V	build_id		*
V	bulk_insert_buffer_size		*
V	caching_sha2_password_auto_generate_rsa_keys		*
V	caching_sha2_password_digest_rounds		*
V	caching_sha2_password_private_key_path		*
V	caching_sha2_password_public_key_path		*
V	character_set_client		*
V	character_set_connection		*
V	character_set_database		*
V	character_set_filesystem		*
V	character_set_results		*
V	character_set_server		*
V	character_set_system		*
V	character_sets_dir		*
V	check_proxy_users		*
V	collation_connection		*
V	collation_database		*
V	collation_server		*
V	completion_type		*
V	concurrent_insert		*
V	connect_timeout		*
V	connection_memory_chunk_size		*
V	connection_memory_limit		*
V	core_file		*
V	create_admin_listener_thread		*
V	cte_max_recursion_depth		*
V	datadir		*
V	default_authentication_plugin		-8.0
V	default_collation_for_utf8mb4		*
V	default_password_lifetime		*
V	default_storage_engine		*
V	default_table_encryption		*
V	default_tmp_storage_engine		*
V	default_week_format		*
V	delay_key_write		*
V	delayed_insert_limit		*
V	delayed_insert_timeout		*
V	delayed_queue_size		*
V	disabled_storage_engines		*
V	disconnect_on_expired_password		*
V	div_precision_increment		*
V	end_markers_in_json		*
V	enforce_gtid_consistency		*
V	eq_range_index_dive_limit		*
V	error_count		*
V	event_scheduler		*
V	expire_logs_days		-8.0
V	explain_format		*
V	explain_json_format_version		8.4-
V	explicit_defaults_for_timestamp		*
V	external_user		*
V	flush		*
V	flush_time		*
V	foreign_key_checks		*
V	ft_boolean_syntax		*
V	ft_max_word_len		*
V	ft_min_word_len		*
V	ft_query_expansion_limit		*
V	ft_stopword_file		*
V	general_log		*
V	general_log_file		*
V	generated_random_password_length		*
V	global_connection_memory_limit		*
V	global_connection_memory_tracking		*
V	group_concat_max_len		*
V	group_replication_consistency		*
V	gtid_executed		*
V	gtid_executed_compression_period		*
V	gtid_mode		*
V	gtid_next		*
V	gtid_owned		*
V	gtid_purged		*
V	have_compress		*
V	have_dynamic_loading		*
V	have_geometry		*
V	have_openssl		-8.0
V	have_profiling		*
V	have_query_cache		*
V	have_rtree_keys		*
V	have_ssl		-8.0
V	have_statement_timeout		*
V	have_symlink		*
V	histogram_generation_max_mem_size		*
V	host_cache_size		*
V	hostname		*
V	identity		*
V	immediate_server_version		*
V	information_schema_stats_expiry		*
V	init_connect		*
V	init_file		*
V	init_replica		*
V	init_slave		*
V	innodb_adaptive_flushing		*
V	innodb_adaptive_flushing_lwm		*
V	innodb_adaptive_hash_index		*
V	innodb_adaptive_hash_index_parts		*
V	innodb_adaptive_max_sleep_delay		*
V	innodb_api_bk_commit_interval		*
V	innodb_api_disable_rowlock		*
V	innodb_api_enable_binlog		*
V	innodb_api_enable_mdl		*
V	innodb_api_trx_level		*
V	innodb_autoextend_increment		*
V	innodb_autoinc_lock_mode		*
V	innodb_buffer_pool_chunk_size		*
V	innodb_buffer_pool_dump_at_shutdown		*
V	innodb_buffer_pool_dump_now		*
V	innodb_buffer_pool_dump_pct		*
V	innodb_buffer_pool_filename		*
V	innodb_buffer_pool_in_core_file		*
V	innodb_buffer_pool_instances		*
V	innodb_buffer_pool_load_abort		*
V	innodb_buffer_pool_load_at_startup		*
V	innodb_buffer_pool_load_now		*
V	innodb_buffer_pool_size		*
V	innodb_change_buffer_max_size		*
V	innodb_change_buffering		*
V	innodb_checksum_algorithm		*
V	innodb_cmp_per_index_enabled		*
V	innodb_commit_concurrency		*
V	innodb_compression_failure_threshold_pct		*
V	innodb_compression_level		*
V	innodb_compression_pad_pct_max		*
V	innodb_concurrency_tickets		*
V	innodb_data_file_path		*
V	innodb_data_home_dir		*
V	innodb_ddl_buffer_size		*
V	innodb_ddl_threads		*
V	innodb_deadlock_detect		*
V	innodb_dedicated_server		*
V	innodb_default_row_format		*
V	innodb_directories		*
V	innodb_disable_sort_file_cache		*
V	innodb_doublewrite		*
V	innodb_doublewrite_batch_size		*
V	innodb_doublewrite_dir		*
V	innodb_doublewrite_files		*
V	innodb_doublewrite_pages		*
V	innodb_extend_and_initialize		*
V	innodb_fast_shutdown		*
V	innodb_file_per_table		*
V	innodb_fill_factor		*
V	innodb_flush_log_at_timeout		*
V	innodb_flush_log_at_trx_commit		*
V	innodb_flush_method		*
V	innodb_flush_neighbors		*
V	innodb_flush_sync		*
V	innodb_flushing_avg_loops		*
V	innodb_force_load_corrupted		*
V	innodb_force_recovery		*
V	innodb_fsync_threshold		*
V	innodb_ft_aux_table		*
V	innodb_ft_cache_size		*
V	innodb_ft_enable_diag_print		*
V	innodb_ft_enable_stopword		*
V	innodb_ft_max_token_size		*
V	innodb_ft_min_token_size		*
V	innodb_ft_num_word_optimize		*
V	innodb_ft_result_cache_limit		*
V	innodb_ft_server_stopword_table		*
V	innodb_ft_sort_pll_degree		*
V	innodb_ft_total_cache_size		*
V	innodb_ft_user_stopword_table		*
V	innodb_idle_flush_pct		*
V	innodb_io_capacity		*
V	innodb_io_capacity_max		*
V	innodb_lock_wait_timeout		*
V	innodb_log_buffer_size		*
V	innodb_log_checksums		*
V	innodb_log_compressed_pages		*
V	innodb_log_file_size		*
V	innodb_log_files_in_group		*
V	innodb_log_group_home_dir		*
V	innodb_log_spin_cpu_abs_lwm		*
V	innodb_log_spin_cpu_pct_hwm		*
V	innodb_log_wait_for_flush_spin_hwm		*
V	innodb_log_write_ahead_size		*
V	innodb_log_writer_threads		*
V	innodb_lru_scan_depth		*
V	innodb_max_dirty_pages_pct		*
V	innodb_max_dirty_pages_pct_lwm		*
V	innodb_max_purge_lag		*
V	innodb_max_purge_lag_delay		*
V	innodb_max_undo_log_size		*
V	innodb_monitor_disable		*
V	innodb_monitor_enable		*
V	innodb_monitor_reset		*
V	innodb_monitor_reset_all		*
V	innodb_old_blocks_pct		*
V	innodb_old_blocks_time		*
V	innodb_online_alter_log_max_size		*
V	innodb_open_files		*
V	innodb_optimize_fulltext_only		*
V	innodb_page_cleaners		*
V	innodb_page_size		*
V	innodb_parallel_read_threads		*
V	innodb_print_all_deadlocks		*
V	innodb_print_ddl_logs		*
V	innodb_purge_batch_size		*
V	innodb_purge_rseg_truncate_frequency		*
V	innodb_purge_threads		*
V	innodb_random_read_ahead		*
V	innodb_read_ahead_threshold		*
V	innodb_read_io_threads		*
V	innodb_read_only		*
V	innodb_redo_log_archive_dirs		*
V	innodb_redo_log_capacity		*
V	innodb_redo_log_encrypt		*
V	innodb_replication_delay		*
V	innodb_rollback_on_timeout		*
V	innodb_rollback_segments		*
V	innodb_segment_reserve_factor		*
V	innodb_sort_buffer_size		*
V	innodb_spin_wait_delay		*
V	innodb_spin_wait_pause_multiplier		*
V	innodb_stats_auto_recalc		*
V	innodb_stats_include_delete_marked		*
V	innodb_stats_method		*
V	innodb_stats_on_metadata		*
V	innodb_stats_persistent		*
V	innodb_stats_persistent_sample_pages		*
V	innodb_stats_transient_sample_pages		*
V	innodb_status_output		*
V	innodb_status_output_locks		*
V	innodb_strict_mode		*
V	innodb_sync_array_size		*
V	innodb_sync_spin_loops		*
V	innodb_table_locks		*
V	innodb_temp_data_file_path		*
V	innodb_temp_tablespaces_dir		*
V	innodb_thread_concurrency		*
V	innodb_thread_sleep_delay		*
V	innodb_tmpdir		*
V	innodb_undo_directory		*
V	innodb_undo_log_encrypt		*
V	innodb_undo_log_truncate		*
V	innodb_undo_tablespaces		*
V	innodb_use_fdatasync		*
V	innodb_use_native_aio		*
V	innodb_validate_tablespace_paths		*
V	innodb_version		*
V	innodb_write_io_threads		*
V	insert_id		*
V	interactive_timeout		*
V	internal_tmp_mem_storage_engine		*
V	join_buffer_size		*
V	keep_files_on_create		*
V	key_buffer_size		*
V	key_cache_age_threshold		*
V	key_cache_block_size		*
V	key_cache_division_limit		*
V	keyring_operations		*
V	large_files_support		*
V	large_page_size		*
V	large_pages		*
V	last_insert_id		*
V	lc_messages		*
V	lc_messages_dir		*
V	lc_time_names		*
V	license		*
V	local_infile		*
V	lock_wait_timeout		*
V	locked_in_memory		*
V	log_bin		*
V	log_bin_basename		*
V	log_bin_index		*
V	log_bin_trust_function_creators		*
V	log_bin_use_v1_row_events		-8.0
V	log_error		*
V	log_error_services		*
V	log_error_suppression_list		*
V	log_error_verbosity		*
V	log_output		*
V	log_queries_not_using_indexes		*
V	log_raw		*
V	log_replica_updates		*
V	log_slave_updates		*
V	log_slow_admin_statements		*
V	log_slow_extra		*
V	log_slow_replica_statements		*
V	log_slow_slave_statements		*
V	log_statements_unsafe_for_binlog		*
V	log_throttle_queries_not_using_indexes		*
V	log_timestamps		*
V	long_query_time		*
V	low_priority_updates		*
V	lower_case_file_system		*
V	lower_case_table_names		*
V	mandatory_roles		*
V	master_info_repository		-8.0
V	master_verify_checksum		*
V	max_allowed_packet		*
V	max_binlog_cache_size		*
V	max_binlog_size		*
V	max_binlog_stmt_cache_size		*
V	max_connect_errors		*
V	max_connections		*
V	max_delayed_threads		*
V	max_digest_length		*
V	max_error_count		*
V	max_execution_time		*
V	max_heap_table_size		*
V	max_insert_delayed_threads		*
V	max_join_size		*
V	max_length_for_sort_data		*
V	max_points_in_geometry		*
V	max_prepared_stmt_count		*
V	max_relay_log_size		*
V	max_seeks_for_key		*
V	max_sort_length		*
V	max_sp_recursion_depth		*
V	max_user_connections		*
V	max_write_lock_count		*
V	min_examined_row_limit		*
V	myisam_data_pointer_size		*
V	myisam_max_sort_file_size		*
V	myisam_mmap_size		*
V	myisam_recover_options		*
V	myisam_sort_buffer_size		*
V	myisam_stats_method		*
V	myisam_use_mmap		*
V	mysql_native_password_proxy_users		*
V	mysqlx_bind_address		*
V	mysqlx_compression_algorithms		*
V	mysqlx_connect_timeout		*
V	mysqlx_deflate_default_compression_level		*
V	mysqlx_deflate_max_client_compression_level		*
V	mysqlx_document_id_unique_prefix		*
V	mysqlx_enable_hello_notice		*
V	mysqlx_idle_worker_thread_timeout		*
V	mysqlx_interactive_timeout		*
V	mysqlx_lz4_default_compression_level		*
V	mysqlx_lz4_max_client_compression_level		*
V	mysqlx_max_allowed_packet		*
V	mysqlx_max_connections		*
V	mysqlx_min_worker_threads		*
V	mysqlx_port		*
V	mysqlx_port_open_timeout		*
V	mysqlx_read_timeout		*
V	mysqlx_socket		*
V	mysqlx_ssl_ca		*
V	mysqlx_ssl_capath		*
V	mysqlx_ssl_cert		*
V	mysqlx_ssl_cipher		*
V	mysqlx_ssl_crl		*
V	mysqlx_ssl_crlpath		*
V	mysqlx_ssl_key		*
V	mysqlx_wait_timeout		*
V	mysqlx_write_timeout		*
V	mysqlx_zstd_default_compression_level		*
V	mysqlx_zstd_max_client_compression_level		*
V	net_buffer_length		*
V	net_read_timeout		*
V	net_retry_count		*
V	net_write_timeout		*
V	new		-8.0
V	ngram_token_size		*
V	offline_mode		*
V	old		-8.0
V	old_alter_table		*
V	open_files_limit		*
V	optimizer_max_subgraph_pairs		*
V	optimizer_prune_level		*
V	optimizer_search_depth		*
V	optimizer_switch		*
V	optimizer_trace		*
V	optimizer_trace_features		*
V	optimizer_trace_limit		*
V	optimizer_trace_max_mem_size		*
V	optimizer_trace_offset		*
V	original_commit_timestamp		*
V	original_server_version		*
V	parser_max_mem_size		*
V	partial_revokes		*
V	password_history		*
V	password_require_current		*
V	password_reuse_interval		*
V	performance_schema		*
V	performance_schema_accounts_size		*
V	performance_schema_digests_size		*
V	performance_schema_error_size		*
V	performance_schema_events_stages_history_long_size		*
V	performance_schema_events_stages_history_size		*
V	performance_schema_events_statements_history_long_size		*
V	performance_schema_events_statements_history_size		*
V	performance_schema_events_transactions_history_long_size		*
V	performance_schema_events_transactions_history_size		*
V	performance_schema_events_waits_history_long_size		*
V	performance_schema_events_waits_history_size		*
V	performance_schema_hosts_size		*
V	performance_schema_max_cond_classes		*
V	performance_schema_max_cond_instances		*
V	performance_schema_max_digest_length		*
V	performance_schema_max_digest_sample_age		*
V	performance_schema_max_file_classes		*
V	performance_schema_max_file_handles		*
V	performance_schema_max_file_instances		*
V	performance_schema_max_index_stat		*
V	performance_schema_max_logger_classes		8.4-
V	performance_schema_max_memory_classes		*
V	performance_schema_max_metadata_locks		*
V	performance_schema_max_meter_classes		8.4-
V	performance_schema_max_metric_classes		8.4-
V	performance_schema_max_mutex_classes		*
V	performance_schema_max_mutex_instances		*
V	performance_schema_max_prepared_statements_instances		*
V	performance_schema_max_program_instances		*
V	performance_schema_max_rwlock_classes		*
V	performance_schema_max_rwlock_instances		*
V	performance_schema_max_socket_classes		*
V	performance_schema_max_socket_instances		*
V	performance_schema_max_sql_text_length		*
V	performance_schema_max_stage_classes		*
V	performance_schema_max_statement_classes		*
V	performance_schema_max_statement_stack		*
V	performance_schema_max_table_handles		*
V	performance_schema_max_table_instances		*
V	performance_schema_max_table_lock_stat		*
V	performance_schema_max_thread_classes		*
V	performance_schema_max_thread_instances		*
V	performance_schema_session_connect_attrs_size		*
V	performance_schema_setup_actors_size		*
V	performance_schema_setup_objects_size		*
V	performance_schema_show_processlist		*
V	performance_schema_users_size		*
V	persist_only_admin_x509_subject		*
V	persist_sensitive_variables_in_plaintext		*
V	persisted_globals_load		*
V	pid_file		*
V	plugin_dir		*
V	port		*
V	preload_buffer_size		*
V	print_identified_with_as_hex		*
V	profiling		*
V	profiling_history_size		*
V	protocol_compression_algorithms		*
V	protocol_version		*
V	proxy_user		*
V	pseudo_replica_mode		*
V	pseudo_slave_mode		*
V	pseudo_thread_id		*
V	query_alloc_block_size		*
V	query_prealloc_size		*
V	rand_seed1		*
V	rand_seed2		*
V	range_alloc_block_size		*
V	range_optimizer_max_mem_size		*
V	rbr_exec_mode		*
V	read_buffer_size		*
V	read_only		*
V	read_rnd_buffer_size		*
V	regexp_stack_limit		*
V	regexp_time_limit		*
V	relay_log		*
V	relay_log_basename		*
V	relay_log_index		*
V	relay_log_info_file		-8.0
V	relay_log_info_repository		-8.0
V	relay_log_purge		*
V	relay_log_recovery		*
V	relay_log_space_limit		*
V	replica_allow_batching		*
V	replica_checkpoint_group		*
V	replica_checkpoint_period		*
V	replica_compressed_protocol		*
V	replica_exec_mode		*
V	replica_load_tmpdir		*
V	replica_max_allowed_packet		*
V	replica_net_timeout		*
V	replica_parallel_type		*
V	replica_parallel_workers		*
V	replica_pending_jobs_size_max		*
V	replica_preserve_commit_order		*
V	replica_skip_errors		*
V	replica_sql_verify_checksum		*
V	replica_transaction_retries		*
V	replica_type_conversions		*
V	replication_optimize_for_static_plugin_config		*
V	replication_sender_observe_commit_only		*
V	report_host		*
V	report_password		*
V	report_port		*
V	report_user		*
V	require_row_format		*
V	require_secure_transport		*
V	restrict_fk_on_non_standard_key		8.4-
V	resultset_metadata		*
V	rpl_read_size		*
V	rpl_stop_replica_timeout		*
V	rpl_stop_slave_timeout		*
V	schema_definition_cache		*
V	secondary_engine_cost_threshold		*
V	secure_file_priv		*
V	select_into_buffer_size		*
V	select_into_disk_sync		*
V	select_into_disk_sync_delay		*
V	server_id		*
V	server_id_bits		*
V	server_uuid		*
V	session_track_gtids		*
V	session_track_schema		*
V	session_track_state_change		*
V	session_track_system_variables		*
V	session_track_transaction_info		*
V	set_operations_buffer_size		8.4-
V	sha256_password_auto_generate_rsa_keys		*
V	sha256_password_private_key_path		*
V	sha256_password_proxy_users		*
V	sha256_password_public_key_path		*
V	show_create_table_skip_secondary_engine		*
V	show_create_table_verbosity		*
V	show_gipk_in_create_table_and_information_schema		*
V	show_old_temporals		-8.0
V	skip_external_locking		*
V	skip_name_resolve		*
V	skip_networking		*
V	skip_replica_start		*
V	skip_show_database		*
V	skip_slave_start		*
V	slave_allow_batching		*
V	slave_checkpoint_group		*
V	slave_checkpoint_period		*
V	slave_compressed_protocol		*
V	slave_exec_mode		*
V	slave_load_tmpdir		*
V	slave_max_allowed_packet		*
V	slave_net_timeout		*
V	slave_parallel_type		*
V	slave_parallel_workers		*
V	slave_pending_jobs_size_max		*
V	slave_preserve_commit_order		*
V	slave_rows_search_algorithms		-8.0
V	slave_skip_errors		*
V	slave_sql_verify_checksum		*
V	slave_transaction_retries		*
V	slave_type_conversions		*
V	slow_launch_time		*
V	slow_query_log		*
V	slow_query_log_file		*
V	socket		*
V	sort_buffer_size		*
V	source_verify_checksum		*
V	sql_auto_is_null		*
V	sql_big_selects		*
V	sql_buffer_result		*
V	sql_generate_invisible_primary_key		*
V	sql_log_bin		*
V	sql_log_off		*
V	sql_mode		*
V	sql_notes		*
V	sql_quote_show_create		*
V	sql_replica_skip_counter		*
V	sql_require_primary_key		*
V	sql_safe_updates		*
V	sql_select_limit		*
V	sql_slave_skip_counter		*
V	sql_warnings		*
V	ssl_ca		*
V	ssl_capath		*
V	ssl_cert		*
V	ssl_cipher		*
V	ssl_crl		*
V	ssl_crlpath		*
V	ssl_fips_mode		*
V	ssl_key		*
V	ssl_session_cache_mode		*
V	ssl_session_cache_timeout		*
V	statement_id		*
V	stored_program_cache		*
V	stored_program_definition_cache		*
V	super_read_only		*
V	sync_binlog		*
V	sync_master_info		*
V	sync_relay_log		*
V	sync_relay_log_info		*
V	sync_source_info		*
V	system_time_zone		*
V	table_definition_cache		*
V	table_encryption_privilege_check		*
V	table_open_cache		*
V	table_open_cache_instances		*
V	tablespace_definition_cache		*
V	temptable_max_mmap		*
V	temptable_max_ram		*
V	temptable_use_mmap		*
V	terminology_use_previous		*
V	thread_cache_size		*
V	thread_handling		*
V	thread_stack		*
V	time_zone		*
V	timestamp		*
V	tls_certificates_enforced_validation		8.4-
V	tls_ciphersuites		*
V	tls_version		*
V	tmp_table_size		*
V	tmpdir		*
V	transaction_alloc_block_size		*
V	transaction_allow_batching		*
V	transaction_isolation		*
V	transaction_prealloc_size		*
V	transaction_read_only		*
V	transaction_write_set_extraction		-8.0
V	unique_checks		*
V	updatable_views_with_limit		*
V	use_secondary_engine		*
V	version		*
V	version_comment		*
V	version_compile_machine		*
V	version_compile_os		*
V	version_compile_zlib		*
V	wait_timeout		*
V	warning_count		*
V	windowing_use_high_precision		*
V	xa_detach_on_prepare		*
